{
	"Meta(Acqusition)": {
		"doc_id": "REPORT-his_cul-06059",
		"doc_category": "REPORT",
		"doc_type": "his_cul",
		"doc_name": "함경도·경기도·강원도 지도 (咸鏡道·京畿道·江原道 地圖)",
		"author": null,
		"publisher": null,
		"publisher_year": null,
		"doc_origin": "문화재청"
	},
	"Meta(Refine)": {
		"passage_id": "REPORT-his_cul-06059-06059",
		"passage": "조선 후기 함경도와 경기도, 강원도를 그린 지도이다. 원래 팔도도별도가 함께 그려진 것으로 추정되나 현재 남아있는 것은 이들 지도와 경상도 지도만 전해온다. 이 지도의 내용과 시기적 지명 변화는 1770년에 신경준이 주도가 되어 만든 20리 방안의 군현 지도와 거의 동일하며, 색감이 아주 화려하다. 영조의 명을 받은 신경준은 1770년에 列邑圖(군현도)·八道圖(도별도)·전도를 모두 만들었다는 기록을 남겼는데, 열읍도 계통은 많이 발견되었지만 팔도도와 전도는 발견되지 않고 있었다. 경희대학교 혜정박물관 소장의 본 지도는 내용적 측면에서 볼 때 1770년에 신경준이 주도가 되어 만든 팔도도 계통의 원본이거나 최소한 원본에 아주 가깝게 필사한 지도라고 판단된다. 신경준의 지도는 정확성 위주의 조선지도 변천사를 이해하는데 핵심적 위치를 차지하는데, 정상기로부터 촉발된 정확한 지도 제작의 흐름이 정철조로 이어지고, 이들 지도를 바탕으로 삼아 제작된 것이 신경준의 지도다. 하지만 신경준의 지도는 앞의 2개 지도 계통보다 훨씬 큰 초대형의 지도이며, 김정호의 청구도가 나오게 된 결정적인 계기가 된다. 이러한 지도학적 의의와 화려하고 선명한 색상, 양호한 보관 상태, 현재까지 동일 계통의 지도가 발견되지 않고 있는 희소성 등을 고려할 때 매우 가치가 높은 지도이다.",
		"passage_Cnt": 653
	},
	"Annotation": {
		"summary1": "1770년에 만든 팔도도 계통의 원본에 가깝게 필사된 본 지도는 경희대학교 혜정박물관에 보관되어 있다.",
		"summary2": null,
		"summary3": "경희대학교 혜정박물관 소장의 본 지도는 내용적 측면에서 볼 때 1770년에 신경준이 주도가 되어 만든 팔도도 계통의 원본이거나 최소한 원본에 아주 가깝게 필사한 지도라고 판단된다.",
		"summary_3_cnt": 100
	}
}