{
	"Meta(Acqusition)": {
		"doc_id": "REPORT-his_cul-06061",
		"doc_category": "REPORT",
		"doc_type": "his_cul",
		"doc_name": "임은이민곤영정 (林隱李敏坤影幀)",
		"author": null,
		"publisher": null,
		"publisher_year": null,
		"doc_origin": "문화재청"
	},
	"Meta(Refine)": {
		"passage_id": "REPORT-his_cul-06061-06061",
		"passage": "이민곤(李敏坤, 1695~1756)은 조선 후기의 문신이다. 본관은 전주이고, 호는 임은(林隱)이다. 이민곤의 영정은 2점이 전해 온다. 1점은 관복본이고 나머지 1본은 유복본(儒服本)이다. 이렇게 2본을 함께 그린 사례는 17세기 후반 이후 유행했으며, 경기도 유형문화재인 박세당(朴世堂), 장만(張晩), 박세채(朴世采), 이인엽(李寅燁) 등의 초상화에서 볼 수 있다. 관복본은 고개를 오른쪽으로 약간 돌린 방향으로 그렸다. 두 손을 모은 공수자세를 취했고, 표범가죽이 깔린 의자에 앉아 두 발은 나란히 발받침대에 올려놓았다. 가슴에는 단학흉배를 달았고, 얼굴 표현에서는 하얀 호분을 많이 사용한 듯 얼굴색이 매우 흰 편이다. 유복본은 공수자세에 무릎을 바닥에 대고 앉은 모습이다. 얼굴은 엷은 먹선으로 이목구비와 윤곽, 주름을 그린 뒤 담담하게 채색하였다. 옷 주름 역시 가는 먹선으로 윤곽을 잡은 뒤 옥색으로 채색하되 음영을 표현했다. 화면의 배경은 전혀 없고, 화면 윗부분의 오른쪽과 왼쪽 빈 공간에는 글이 적혀 있다. 현존하는 이민곤의 초상화 2점은 이전부터 전해오던 관복본과 유복본의 원본을 19세기 이후에 베껴 그린 이모본(移模本)이다. 이모본을 그린 화가는 아마도 사찰 등에서 활동한 화승(畵僧)일 것으로 추측된다.",
		"passage_Cnt": 632
	},
	"Annotation": {
		"summary1": "호는 임은 이고 조선 후기 문신인 이민곤의 초상화는 2점이 전해지는데 이들은 이모본이다.",
		"summary2": null,
		"summary3": "이민곤(李敏坤, 1695~1756)은 조선 후기의 문신이다. 본관은 전주이고, 호는 임은(林隱)이다. 이민곤의 영정은 2점이 전해 온다. 현존하는 이민곤의 초상화 2점은 이전부터 전해오던 관복본과 유복본의 원본을 19세기 이후에 베껴 그린 이모본(移模本)이다.",
		"summary_3_cnt": 148
	}
}