{
	"Meta(Acqusition)": {
		"doc_id": "REPORT-his_cul-06040",
		"doc_category": "REPORT",
		"doc_type": "his_cul",
		"doc_name": "담양송진우고택 (潭陽 宋鎭禹 古宅)",
		"author": null,
		"publisher": null,
		"publisher_year": null,
		"doc_origin": "문화재청"
	},
	"Meta(Refine)": {
		"passage_id": "REPORT-his_cul-06040-06040",
		"passage": "담양 송진우 고택은 고하 송진우(1890-1945)의 성장했던 곳으로 한말 호남의병의 영수인 성재 기삼연이 1차 의병을 일으켰다가 조정의 해산조치에 반항하여 체포된 후 감옥에서 탈출하여 은거했던 곳이다. 이곳에서 기삼연은 송진우를 교육하였고 후일의 의병활동을 구상하여 한말의병의 중핵인 3차의병의 중심역을 했던 호남의병을 일으킬 수 있게 하였다.  송진우는 항일운동과 교육활동, 그리고 해방 전의 활동이 국가 민족에게 공헌한 바 컸으므로 1963년 3월 1일에 건국 공로훈장이 추서되었다. 현대 민족사에 있어서 중요한 위치를 차지한 고하 송진우의 고택으로 성장지이며 한말의병이 총수인 기삼연의 은신처요 강학 현장으로서 근대문화유산으로 가치가 있다. 담양 대곡리는 신평송씨 세거지로 조선후기에 입향하였고, 이 가옥은 안채, 사랑채 겸 문간채 등으로 구성되어 있다. 안채는 조선말기 건립으로 알려졌으며 원 구조는 남아 있으나 변형되었고, 문간채 겸 사랑채는 구조상 흔하지 않은 건조물이나 지붕은 후대에 변형되었다.",
		"passage_Cnt": 509
	},
	"Annotation": {
		"summary1": "담양 송진우 고택은 기삼연이 의병을 일으켜 체포된 후 감옥에서 탈출해 은거했던 곳이며 고하 송진우가 성장했던 곳이다.",
		"summary2": null,
		"summary3": "담양 송진우 고택은 고하 송진우(1890-1945)의 성장했던 곳으로 한말 호남의병의 영수인 성재 기삼연이 1차 의병을 일으켰다가 조정의 해산조치에 반항하여 체포된 후 감옥에서 탈출하여 은거했던 곳이다.",
		"summary_3_cnt": 113
	}
}