{
	"Meta(Acqusition)": {
		"doc_id": "REPORT-his_cul-06074",
		"doc_category": "REPORT",
		"doc_type": "his_cul",
		"doc_name": "경주 호우총 출토 청동 ‘광개토대왕’명 호우 (慶州 壺杅塚 出土 靑銅 ‘廣開土大王’銘 壺杅)",
		"author": null,
		"publisher": null,
		"publisher_year": null,
		"doc_origin": "문화재청"
	},
	"Meta(Refine)": {
		"passage_id": "REPORT-his_cul-06074-06074",
		"passage": "경주 호우총 출토 청동 ‘광개토대왕’명 호우는 1946년에 은령총과 함께 발굴한 호우총(140호 고분, 노서동 213번지)에서 출토된 유물로 현재 국립중앙박물관에 소장되어 있다. 호우의 외형은 위아래의 높이가 거의 유사한 몸체와 뚜껑으로 이루어졌는데, 뚜껑의 중앙부로 가면서 반구형으로 솟아오르다 정상부에 연봉형의 꼭지가 달려있는 모습이다. 꼭지 주변에는 두터운 10엽의 화문을 둘렀고 그 주위를 돌아가며 1줄의 융기동심원과 다시 간격을 두고 3줄의 융기동심원을, 외연부 조금 못미친 곳에도 3줄의 융기동심원을 시문하였다. 직립된 뚜껑의 구연 아래로 동체가 놓여 있는데 아래로 가면서 둥글게 좁아지다가 하저부를 평편한 바닥으로 처리하였다. 측면에도 구연에 한줄, 몸체 중앙에 세줄, 아래쪽에 세줄, 바닥에 연결되는 부분에 한줄의 융기동심원을 둘렀다. 동체의 구연 한쪽면이 발굴당시부터 손상되어 현재는 새롭게 복원하여 붙인 상태이며 바닥면도 갈라진 부분을 보수하였지만 대체로 전체적인 보존상태는 양호한 편이다. 명문은 그릇의 밑면에 4행 4자씩 총 16자(乙卯年國罡(岡)上廣開土地好太王壺杅十, 을묘년국강상광개토지호태왕호우십)가 새겨져 있다. 주조 당시부터 외형틀에 음각으로 새겨 넣음으로써 두터운 양각명으로 돌출된 것을 알게 되었다. 명문 상단에 보이는 ‘＃’의 표시는 다른 고구려 유물에서 간혹 등장하는 기호로서 어떤 상징적 의미를 지니고 있다고 알려져 있지만 아직까지 명확히 규명되지 않고 있다. 이 명문을 통해 고구려의 그릇이 교류를 통해 신라의 왕릉에까지 묻힌 사실을 파악할 수 있게 되어 당시 신라와 고구려의 대외 교류나 정치적 관계를 살펴 볼 수 있는 중요한 유물로 평가받아 왔다. 이러한 역사적 중요성과 함께 청동호우는 희소한 고구려 금속공예품이라는 점과 함께 명문을 지닌 삼국시대 고분의 편년자료라는 점에서 그 가치는 더욱 높다",
		"passage_Cnt": 918
	},
	"Annotation": {
		"summary1": "경주 호우총에서 출토되어 국립중앙박물관에 보관 중인 광개토대왕명 호우는 명문을 통해 고구려와 신라의 관계를 알 수 있다. ",
		"summary2": null,
		"summary3": "이 명문을 통해 고구려의 그릇이 교류를 통해 신라의 왕릉에까지 묻힌 사실을 파악할 수 있게 되어 당시 신라와 고구려의 대외 교류나 정치적 관계를 살펴 볼 수 있는 중요한 유물로 평가받아 왔다. 경주 호우총 출토 청동 ‘광개토대왕’명 호우는 1946년에 은령총과 함께 발굴한 호우총(140호 고분, 노서동 213번지)에서 출토된 유물로 현재 국립중앙박물관에 소장되어 있다.",
		"summary_3_cnt": 208
	}
}