{
	"Meta(Acqusition)": {
		"doc_id": "REPORT-his_cul-06044",
		"doc_category": "REPORT",
		"doc_type": "his_cul",
		"doc_name": "김소월 시집 진달래꽃 (金素月 詩集 진달래꽃)",
		"author": null,
		"publisher": null,
		"publisher_year": null,
		"doc_origin": "문화재청"
	},
	"Meta(Refine)": {
		"passage_id": "REPORT-his_cul-06044-06044",
		"passage": "1925년12월26일 매문사(賣文社)에서 발행한 시집 ‘진달래꽃’은 시인 김소월(金素月, 본명 : 廷湜, 1902.8.6～1934.12.24)이 생전에 발간한 초판본 시집으로 토속적, 전통적 정서를 절제된 가락속에 담은 시 작품을 많이 수록한 점을 고려해 문화재로 등록한다.‘진달래꽃’은 소월의 사후에도 여러 출판사에 의해 시집이 발간될 정도로 우리 민족에게 가장 사랑 받는 작품의 하나로 손꼽히며, 이 시집에는 고대 시가인 ‘가시리’와 ‘아리랑’의 맥을 잇는 이별가의 백미인 ‘진달래꽃’을 비롯하여 ‘먼후일’, ‘산유화’, ‘엄마야 누나야’, ‘초혼’ 등 주옥같은 작품들이 수록되어 있다.이번에 등록되는 「김소월 시집 진달래꽃」은 총판매소에 따라 한성도서주식회사(漢城圖書株式會社) 총판본과 중앙서림(中央書林) 총판본 두 가지의 형태로 간행되었으나, 본문내용과 판권지의 기록상 간행시기, 발행자, 인쇄소, 발행소 등은 일치한다. 또한 한성도서주식회사 총판본은 표지에 꽃그림이 있고, 본문에는 편집 오류가 여러 군데 보인다.김소월의 생전인 1925년에 매문사에서 발행한 판권지의 기록 등을 인정하고, 1923년에 배재학당(배재고등보통학교)을 졸업하였다는 점, 도서의 전체적인 보존상태가 양호한 점 등을 고려하여 2종 4점이 등록대상 문화재로 선정되었다.",
		"passage_Cnt": 644
	},
	"Annotation": {
		"summary1": "시인 김소월이 1925년 12월 26일 매문사에서 발행한 초판본 시집 진달래꽃이 문화재로 등록된다.",
		"summary2": null,
		"summary3": "1925년12월26일 매문사(賣文社)에서 발행한 시집 ‘진달래꽃’은 시인 김소월(金素月, 본명 : 廷湜, 1902.8.6～1934.12.24)이 생전에 발간한 초판본 시집으로 토속적, 전통적 정서를 절제된 가락속에 담은 시 작품을 많이 수록한 점을 고려해 문화재로 등록한다.",
		"summary_3_cnt": 153
	}
}