{
	"Meta(Acqusition)": {
		"doc_id": "REPORT-his_cul-06035",
		"doc_category": "REPORT",
		"doc_type": "his_cul",
		"doc_name": "대구 구암동 고분군 (大邱 鳩岩洞 古墳群)",
		"author": null,
		"publisher": null,
		"publisher_year": null,
		"doc_origin": "문화재청"
	},
	"Meta(Refine)": {
		"passage_id": "REPORT-his_cul-06035-06035",
		"passage": "「대구 구암동 고분군」은 팔거평야가 한눈에 바라보이는 대구 북구의 함지산 서쪽 능선에 대규모로 조성되어 있다. 고분군이 분포하는 능선은 여러 갈래로 나뉘어 있고 경사가 심한 편으로 360기의 봉분이 있다. 구릉의 능선 위에는 대형분이 있는데 총 3개 능선에 지름 15m~25m의 무덤 34기, 25m 이상의 대형 무덤 7기를 포함하고 있다. 경사면에는 나머지 소형분이 자리하고 있다. 이곳에서는 1975년(56호분)과 2015년(1호분) 두 차례 발굴조사가 있었으며, 이때 2기의 고분에서 구덩식 돌덧널(수혈식 석곽) 위에 봉분을 돌로 쌓은 독특한 축조양식을 확인하였다. 2015년 발굴한 1호분은 여러 매장주체부가 축조되는 연접분 방식을 보여주는데 1-1호분의 북동쪽에 1-2호분이, 1-1호분의 남서쪽에 1-3호분이 있는데 이들은 서로 이어서 쌓여있으며 그 사이는 돌을 쌓아 연결하였다. 매장주체부는 주곽(主槨)과 부곽(副槨)을 11자 형태로 나란히 배치하였다.  대구 구암동 고분은 5~6세기 팔거평야를 중심으로 성장했던 신라 지역 세력의 수장층 무덤으로, 봉분을 돌 등으로 채운 방식‧연접분‧주부곽식 구조 등 신라 고분의 특징을 보이면서도 다른 신라‧가야 고분에서는 확인되지 않는 돌무지돌덧널무덤(적석석곽)의 축조 방식을 보여주고 있어 한반도 고대사와 고분 연구에 중요한 자료로서 가치가 높다.",
		"passage_Cnt": 672
	},
	"Annotation": {
		"summary1": "대구 구암동 고분군은 대구 북구의 함지산 서쪽 능선에 있는 대규모 무덤으로 360기의 봉분이 있으며 경사면에 소형분이 자리하고 있다.",
		"summary2": null,
		"summary3": "「대구 구암동 고분군」은 팔거평야가 한눈에 바라보이는 대구 북구의 함지산 서쪽 능선에 대규모로 조성되어 있다. 경사면에는 나머지 소형분이 자리하고 있다. 고분군이 분포하는 능선은 여러 갈래로 나뉘어 있고 경사가 심한 편으로 360기의 봉분이 있다.",
		"summary_3_cnt": 140
	}
}