{
	"Meta(Acqusition)": {
		"doc_id": "REPORT-his_cul-06049",
		"doc_category": "REPORT",
		"doc_type": "his_cul",
		"doc_name": "조선팔도고금총람도 (朝鮮八道古今總攬圖)",
		"author": null,
		"publisher": null,
		"publisher_year": null,
		"doc_origin": "문화재청"
	},
	"Meta(Refine)": {
		"passage_id": "REPORT-his_cul-06049-06049",
		"passage": "조선 후기 제작된 목판본 조선전도이다. 당시 우리나라의 각 지역에 대한 역사적인 기록을 수록하여 고금(古今)을 함께 볼 수 있도록 한 지도이다. 지도의 제작자인 김수홍(金壽弘, 1602-1681)은 병자호란 때 강화성에서 순절한 김상용의 손자이며 호조참판을 지냈고, 현종 7년(1666)에는 「천하고금대총편람도」를 목판으로 간행하였다. 지도 좌측에 쓰여 있는 발문의 말미에 ‘계축맹하(癸丑孟夏)’라는 기록으로 보아 제작연대는 1673년(현종 14)임을 보여준다. 우리나라의 모습은 조선 전기의 전형적인 구도를 취하고 있어, 압록강과 두만강이 동시 일직선상에 있고 평안도와 함경도가 남북으로 심하게 압축된 모양을 하고 있다. 서울의 도성이 축척과 관계없이 크게 그려져 있고, 경복궁이 표시되어 있으며 광화문 앞에는 의정부와 육조가 표시되어 있다. 현재 조선호텔 자리에 있던 南別宮 등도 기재되어 있다. 이 지도는 조선 전도에 역사적인 기록을 첨가함으로써 간본으로 제작된 것이다. 고지도 중 드물게 제작연대와 제작자가 정확하게 알려져 있어 학술적·역사적 가치가 크다.",
		"passage_Cnt": 539
	},
	"Annotation": {
		"summary1": "조선 후기 제작된 이 지도는 간본으로 제작된 것이며 제작자와 연대가 고지도 중 드물게 정확해서 가치가 크다.",
		"summary2": null,
		"summary3": "조선 후기 제작된 목판본 조선전도이다. 이 지도는 조선 전도에 역사적인 기록을 첨가함으로써 간본으로 제작된 것이다. 고지도 중 드물게 제작연대와 제작자가 정확하게 알려져 있어 학술적·역사적 가치가 크다.",
		"summary_3_cnt": 115
	}
}