{
	"Meta(Acqusition)": {
		"doc_id": "REPORT-his_cul-06013",
		"doc_category": "REPORT",
		"doc_type": "his_cul",
		"doc_name": "예천 연방사 신중탱화",
		"author": null,
		"publisher": null,
		"publisher_year": null,
		"doc_origin": "문화재청"
	},
	"Meta(Refine)": {
		"passage_id": "REPORT-his_cul-06013-06013",
		"passage": "예천 연방사 소장 신중탱화는 세로 159㎝, 가로 123㎝ 크기의 비단 바탕에 채색한 패널형식의 신중탱화이다. 화면 중앙에 위태천을 배치하고 그 위쪽에 범천과 제석천을 배치한 역삼각형 구도를 중심으로, 상단에는 일월천자, 천자, 천동과 천녀 등이 배치되어 있다. 그리고 하단에는 위태천 주변에 신장상, 용왕 등을 배치하였다. 전체적인 채색은 주색과 녹청색, 백색을 주로 사용하였고 부분적으로 금색과 청색을 활용하였다. 그리고 화면 하단의 畵記에 의하면, 1811년(嘉慶 16)에 수화승 定敏 외에 斗贊이 제작한 불화임을 알 수 있다. 화면에 변색과 얼룩, 촛농으로 인한 손상이 보이나, 지물과 관장식의 표현에 호분을 두텁게 입혀 입체감을 표현하고 금니를 입히는 장식기법과 옴자, 화문, 봉황문 등 세필로 표현된 복식문양이 돋보이는 작품이다. 특히 화면 양측에 별도의 畵記란을 마련하여 발원문을 기재하는 경우는 흔치않은 사례이다.  이 불화는 19세기 초반기 신중도 도상 연구는 물론 定敏과 斗贊의 화풍을 이해하는 데 귀중한 자료라고 판단",
		"passage_Cnt": 524
	},
	"Annotation": {
		"summary1": "예천 예방사 소장 신중탱화는 비단 바탕에 채색한 패널형식으로 중아에 위태천이 있고 위쪽에 범천과 제석이 있는 역삼각형 구도이다. ",
		"summary2": null,
		"summary3": "예천 연방사 소장 신중탱화는 세로 159㎝, 가로 123㎝ 크기의 비단 바탕에 채색한 패널형식의 신중탱화이다. 화면 중앙에 위태천을 배치하고 그 위쪽에 범천과 제석천을 배치한 역삼각형 구도를 중심으로, 상단에는 일월천자, 천자, 천동과 천녀 등이 배치되어 있다.",
		"summary_3_cnt": 147
	}
}