{
	"Meta(Acqusition)": {
		"doc_id": "REPORT-his_cul-06087",
		"doc_category": "REPORT",
		"doc_type": "his_cul",
		"doc_name": "옥천부원군조원길묘및묘표 (옥천부원군조원길묘및묘표)",
		"author": null,
		"publisher": null,
		"publisher_year": null,
		"doc_origin": "문화재청"
	},
	"Meta(Refine)": {
		"passage_id": "REPORT-his_cul-06087-06087",
		"passage": "조원길(趙元吉)은 고려 말의 문신으로 본관 옥천(玉川: 순창의 옛 지명), 자는 성중(聖中), 호는 농은(農隱)이다. 1369년(공민왕 18)에 문과에 급제하여 검교, 시중 등 여러 관직을 지냈다. 정몽주·설장수와 함께 공양왕을 왕으로 받든 공으로 1등공신이 되고 옥천부원군에 봉해졌다. 고려가 망한 뒤 조선에 벼슬하지 않고 절의를 지켜 이색 등과 함께 5은(五隱)으로 불렸다. 묘는 이건곡마을에 옥천조씨 시조의 설단(設壇)과 함께 있다. 조원길과 옥천군부인 조씨를 함께 장사한 봉토분으로 묘역의 형태와 배치가 고려시대의 능묘와 매우 유사하다. 풍수학에서는 ‘게[蟹]형’ 명당으로 불리고 있다. 묘비는 1391년 조원길 예장 당시 아들 조유가 세운 것으로, 발견 당시 묘 앞 축대 둘레석으로 놓여 있었다. 비석의 규모는 길이 2m, 폭 50cm, 두께 30cm 정도이다. 묘표 윗부분에만 문자가 새겨져 있어 비대석이나 가첨석 없이 비신석만 땅 속에 절반쯤 묻어 세운 것으로 추정된다. 마멸이 심해 비문을 식별하기 어려우나 정밀탁본을 통해 42자의 글씨를 밝혀냈다. 비문 내용은 ‘1391년(홍무 24) 신미 신축삭 삼십일 임오에 전공판서 조원길과 옥천군부인 조씨를 함께 장사한 묘이며, 효자(孝子: 부모의 제사 때 자식을 가리키는 말) 전(前) 부정(副正 : 고려의 관직) 조유(趙瑜) 찬서자’로 되어 있다. 고려시대 묘역과 금석문 연구에 중요한 자료로 평가된다.",
		"passage_Cnt": 707
	},
	"Annotation": {
		"summary1": "이건곡마을에 있는 조원길의 묘는 묘역의 형태와 배치가 고려시대의 능묘와 유사한 봉토분이다.",
		"summary2": null,
		"summary3": "조원길(趙元吉)은 고려 말의 문신으로 본관 옥천(玉川: 순창의 옛 지명), 자는 성중(聖中), 호는 농은(農隱)이다. 조원길과 옥천군부인 조씨를 함께 장사한 봉토분으로 묘역의 형태와 배치가 고려시대의 능묘와 매우 유사하다. 묘는 이건곡마을에 옥천조씨 시조의 설단(設壇)과 함께 있다.",
		"summary_3_cnt": 160
	}
}