{
	"Meta(Acqusition)": {
		"doc_id": "REPORT-his_cul-06023",
		"doc_category": "REPORT",
		"doc_type": "his_cul",
		"doc_name": "충헌공 김구 묘역 (忠憲公 金構 墓域)",
		"author": null,
		"publisher": null,
		"publisher_year": null,
		"doc_origin": "문화재청"
	},
	"Meta(Refine)": {
		"passage_id": "REPORT-his_cul-06023-06023",
		"passage": "신도비란 임금이나 고관의 평생업적을 기록하여 그의 묘앞에 세워두는 것으로 이 비는 조선 숙종 때 우의정을 지낸 김구(1649∼1704) 선생의 공적을 기리고 있다. 김구는 숙종 8년(1682) 문과에 급제한 후 사헌부 ·사간원에 재직하면서 당대의 시국에 대한 많은 상소를 올리는 한편 노론과 소론의 격심한 당쟁을 완화시키려 애썼다. 그후 대사간을 거쳐 판결사로 있을 때에는 노산군의 복위를 주장하여 단종으로 왕위를 회복시켰고, 아울러 단종비 송씨의 묘를 능으로 추봉하고 능을 조성하는 공사를 맡아 보았다. 이후 형조판서를 거쳐 숙종 29년(1703) 우의정이 되었다. 그는 임금을 충직하게 섬기고 국왕의 위력에 굽히지 않았으며 의지에 따라 처신하여 임금의 총애와 백성들의 존경을 받아 그가 죽은 뒤 ‘충헌(忠憲)’이라는 시호를 받았다. 비는 네모난 받침돌 위에 비몸을 세우고 지붕돌을 올린 모습이다. 지붕돌에는 용, 봉황, 불로초, 구름 등의 무늬가 화려하게 조각되어 있어 단순하고 밋밋한 아랫부분과 대조를 이룬다. 영조 19년(1743)에 세운 비로, 비문은 영조 때 영의정을 지낸 이의현이 짓고 글씨는 서명균이 썼다.",
		"passage_Cnt": 571
	},
	"Annotation": {
		"summary1": "김구 선생의 공적을 기리는 신도비는 비몸 위에 지붕돌을 올린 모습이다.",
		"summary2": null,
		"summary3": "신도비란 임금이나 고관의 평생업적을 기록하여 그의 묘앞에 세워두는 것으로 이 비는 조선 숙종 때 우의정을 지낸 김구(1649∼1704) 선생의 공적을 기리고 있다. 비는 네모난 받침돌 위에 비몸을 세우고 지붕돌을 올린 모습이다.",
		"summary_3_cnt": 128
	}
}