{
	"Meta(Acqusition)": {
		"doc_id": "REPORT-his_cul-06084",
		"doc_category": "REPORT",
		"doc_type": "his_cul",
		"doc_name": "김제 종덕리 왕버들 (金堤 從德里 왕버들)",
		"author": null,
		"publisher": null,
		"publisher_year": null,
		"doc_origin": "문화재청"
	},
	"Meta(Refine)": {
		"passage_id": "REPORT-his_cul-06084-06084",
		"passage": "왕버들은 버드나무과에 속하는 나무로 우리나라를 비롯해 일본, 중국 등지의 따뜻한 곳에서 자란다. 버드나무에 비해 키가 크고 잎도 넓기 때문에 왕버들이라 불리며, 잎이 새로 나올 때는 붉은 빛을 띠므로 쉽게 식별할 수 있다. 나무의 모양이 좋고, 특히 진분홍색의 촛불같은 새순이 올라올 때는 매우 아름다워 도심지의 공원수나 가로수로도 아주 훌륭하다.김제 종덕리의 왕버들은 나이가 약 300살(지정일 기준) 정도로 추정되며, 높이가 12m, 가슴높이의 둘레는 8.80m이다. 가지는 사방으로 길게 뻗어 있으며 나무의 중심부는 썩어서 기둥줄기가 없는 것처럼 보인다. 이 나무는 마을주민들의 휴식처로 사용되고 있으며 마을을 지키는 수호신으로 신성시 되고 있다. 또한 나뭇가지 하나만 잘라도 집안에 나쁜 일이 생긴다고 믿고 있다. 매년 음력 3월 3일과 7월 7일에 마을의 평화와 번영을 위해 제사를 지내며 풍물놀이를 한다고 한다. 김제 종덕리의 왕버들은 오랜 세월동안 조상들의 관심과 보살핌 속에 살아온 나무로 민속적·생물학적 자료로서의 보존가치가 높아 천연기념물로 지정하여 보호하고 있다.",
		"passage_Cnt": 550
	},
	"Annotation": {
		"summary1": "버드나무에 비해 잎이 넓고 키가 큰 왕버들은 새로 나오는 잎이 붉은 빛을 띤다.",
		"summary2": null,
		"summary3": "왕버들은 버드나무과에 속하는 나무로 우리나라를 비롯해 일본, 중국 등지의 따뜻한 곳에서 자란다. 버드나무에 비해 키가 크고 잎도 넓기 때문에 왕버들이라 불리며, 잎이 새로 나올 때는 붉은 빛을 띠므로 쉽게 식별할 수 있다.",
		"summary_3_cnt": 125
	}
}