{
	"Meta(Acqusition)": {
		"doc_id": "REPORT-his_cul-06026",
		"doc_category": "REPORT",
		"doc_type": "his_cul",
		"doc_name": "통영 충렬사 팔사품 일괄 (統營 忠烈祠 八賜品 一括)",
		"author": null,
		"publisher": null,
		"publisher_year": null,
		"doc_origin": "문화재청"
	},
	"Meta(Refine)": {
		"passage_id": "REPORT-his_cul-06026-06026",
		"passage": "통영 충렬사 팔사품 일괄(統營 忠烈祠 八賜品 一括)은 임진왜란 때 이순신의 뛰어난 무공이 전해지자 명나라 임금인 신종이 충무공 이순신에게 내린 8종류의 유물 15점이다. 동으로 만든 도장인 도독인을 제외한 다른 것들은 모두 2점씩으로, 영패, 귀도, 참도, 독전기, 홍소령기, 남소령기, 곡나팔 등이 있으며, 현충사 성역화 후에 통영에서 진품이 옮겨왔으나 통영시민의 열성으로 충렬사로 되돌려졌다. 도독인은 손잡이가 달려있는 동으로 만든 도장이다. 도장을 넣은 함에는 ‘황조어사인’이라고 쓰여 있어, 중국 황제가 보낸 것임을 알 수 있고, 도장은 관방이라는 글자를 아홉 번 꺾어 새긴 것이다. 영패는 나무로 팔각형을 만들고 한쪽 면에는 영이라 새기고 다른 한 면에는 대장이라 쓴 다음 이를 표범이 그려진 사슴가죽으로 만든 주머니에 넣었다. 귀도는 칼자루에 용머리와 귀신 머리가 장식되어 있는 칼로, 오동나무로 만든 칼집은 종이로 싸서 붉은 칠을 하였다. 참도의 칼자루는 나무로 만들었으나, 상어 껍질로 싸고 붉은 칠을 한 다음 소가죽으로 감았다. 독전기는 전쟁터에서 전투를 독려하기 위해 지휘관이 사용한 것으로 홍색 바탕에 남색 비단으로 독전이라 오려 붙였고 중앙에는 “무릇 군사로써 명령에 복종하지 않는 자는 목을 벤다”라고 쓰여 있며, 깃대 머리에는 창이 꽂혀있다. 홍소령기는 군대의 명령을 전할 때 쓰는 깃발인데, 홍색의 비단 바탕에 남색으로 영자를 오려 붙였고 자루 끝에 창을 달았으며 이는 문관에게 영을 내리는 신호기이다. 남소령기는 홍소령기와 마찬가지로 군대의 명령을 전할 때 쓰는 깃발인데, 남색의 비단 바탕에 홍색으로 영자를 붙였고 무관에게 영을 내리는 신호기이다. 곡나팔은 구리로 만든 나팔로, 목이 구부러진 모습이라 곡나팔이라고 한다. 나팔 입은 퍼졌고 붉은 술을 달았다. 이순신의 사당인 충렬사에 보관되어 있는 이 유물들은 당시 이순신 장군의 전공을 높이 평가한 명나라의 황제가 보내준 것으로서 당시의 사회 역사적 상황을 잘 살필 수 있는 귀중한 유물이다.",
		"passage_Cnt": 993
	},
	"Annotation": {
		"summary1": "명나라의 임금이 이순신에게 내린 통영 충렬사 팔사품 일괄은 충렬사에 있다.",
		"summary2": null,
		"summary3": "통영 충렬사 팔사품 일괄(統營 忠烈祠 八賜品 一括)은 임진왜란 때 이순신의 뛰어난 무공이 전해지자 명나라 임금인 신종이 충무공 이순신에게 내린 8종류의 유물 15점이다. 동으로 만든 도장인 도독인을 제외한 다른 것들은 모두 2점씩으로, 영패, 귀도, 참도, 독전기, 홍소령기, 남소령기, 곡나팔 등이 있으며, 현충사 성역화 후에 통영에서 진품이 옮겨왔으나 통영시민의 열성으로 충렬사로 되돌려졌다.",
		"summary_3_cnt": 222
	}
}