{
	"Meta(Acqusition)": {
		"doc_id": "REPORT-his_cul-06068",
		"doc_category": "REPORT",
		"doc_type": "his_cul",
		"doc_name": "사나사원증국사탑 (舍那寺圓證國師塔)",
		"author": null,
		"publisher": null,
		"publisher_year": null,
		"doc_origin": "문화재청"
	},
	"Meta(Refine)": {
		"passage_id": "REPORT-his_cul-06068-06068",
		"passage": "‘사나사 원증 국사 탑’은 태고화상 보우(太古和尙普愚, 1330~1382)의 사리탑이다. 보우의 본관은 홍주(洪州), 속성은 홍씨(洪氏), 첫 법명은 보허(普虛), 호는 태고(太古)로 홍주(현재 홍성) 출신이다. 보우는 13세에 출가해 회암사 광지(廣智)의 제자가 되었고, 가지산(迦智山)에서 수행했다. 공민왕 5년(1356) 왕의 청으로 봉은사에서 설법하였고, 같은 해 4월 왕사로 책봉되어 광명사에 머물렀다. 1371년 공민왕은 스님을 국사로 봉한 뒤 영원사(營原寺)에 머물기를 청하였으나 사양하였다. 1381년 양산사(陽山寺)로 옮겼는데, 우왕은 다시 국사로 봉하였다. 1382년 소설산으로 돌아와서 12월 17일 입적하였다. 이 탑은 보우 스님의 입적 다음 해인 우왕 9년(1383) 건립되었다. 방형 기단과 종형 탑신으로 구성된 부도로, 기단 상면에는 복련(覆蓮) 연판문양을 표현해 탑신 받침 역할을 하고 있다. 석종형 탑신 표면은 문양 없이 간결하게 치석했고, 정상부에는 주변을 평평하게 한 후 중앙에 높은 연봉형 보주를 갖추었다. 주변에 세워진 탑비에는 스님 입적 이듬해 문인 달심(門人達心)이 주도한 부도와 탑비 건립내용이 있다.",
		"passage_Cnt": 584
	},
	"Annotation": {
		"summary1": "태고화상 보우의 사리탑인 사나사 원증 국사 탑은 보우 스님이 입적한 다음 해에 세워졌다.",
		"summary2": null,
		"summary3": "‘사나사 원증 국사 탑’은 태고화상 보우(太古和尙普愚, 1330~1382)의 사리탑이다. 이 탑은 보우 스님의 입적 다음 해인 우왕 9년(1383) 건립되었다. 1382년 소설산으로 돌아와서 12월 17일 입적하였다.",
		"summary_3_cnt": 123
	}
}