{
	"Meta(Acqusition)": {
		"doc_id": "REPORT-his_cul-06060",
		"doc_category": "REPORT",
		"doc_type": "his_cul",
		"doc_name": "천왕메기 (天王메기)",
		"author": null,
		"publisher": null,
		"publisher_year": null,
		"doc_origin": "문화재청"
	},
	"Meta(Refine)": {
		"passage_id": "REPORT-his_cul-06060-06060",
		"passage": "천왕메기는 비산동 일대의 주민들이 옛날부터 신(神)으로 받들어 온 기천왕·중천왕·말천왕에게 매년 1월 초에 해오던 지신풀이를 말한다. 지신풀이는 음력 1월에 지신(地神:땅을 맡아 다스리는 신)을 진압함으로써 악귀와 잡신을 물리치고 마을의 평화와 풍년 및 가정의 다복을 축원하는 신앙적 마을행사로, 꽹과리·징·북·장구·쇠납 등의 민속악기를 선두로 소고패·양반·포수·머슴과 탈을 쓴 각시 등이 집집마다 다니며 지신풀이 노래를 부르면서 춤과 익살·재주를 부리는 것이다. 각 천왕들이 자리잡고 있는 곳에는 천왕나무와 사당 그리고 조산(造山)이 있었으며, 사당 안에는 천왕의 모습이 그려져 있었다고 전해진다. 행사의 과정은 대내림, 제사관 선출, 사당 앞까지 가면서 질굿하기, 사당문 앞에서 문굿을 벌임, 고사 지내며 축문읽기, 천왕메기, 판굿으로 이어진다. 보통 지신밟기는 집집마다 다니며 이루어지는데 비산동 천왕메기는 사당의 앞마당에서 흥겨운 음악과 춤을 추며 판굿을 벌이는 것으로 끝을 맺는 마을굿의 특징을 지니고 있다.",
		"passage_Cnt": 513
	},
	"Annotation": {
		"summary1": "천왕메기는 지신풀이를 말하며 천왕들이 자리 잡고 있는 곳에는 사당과 천왕나무, 조산이 있었다.",
		"summary2": null,
		"summary3": "천왕메기는 비산동 일대의 주민들이 옛날부터 신(神)으로 받들어 온 기천왕·중천왕·말천왕에게 매년 1월 초에 해오던 지신풀이를 말한다. 각 천왕들이 자리잡고 있는 곳에는 천왕나무와 사당 그리고 조산(造山)이 있었으며, 사당 안에는 천왕의 모습이 그려져 있었다고 전해진다.",
		"summary_3_cnt": 151
	}
}