{
	"Meta(Acqusition)": {
		"doc_id": "REPORT-his_cul-06066",
		"doc_category": "REPORT",
		"doc_type": "his_cul",
		"doc_name": "나주향교 대성전 (羅州鄕校 大成殿)",
		"author": null,
		"publisher": null,
		"publisher_year": null,
		"doc_origin": "문화재청"
	},
	"Meta(Refine)": {
		"passage_id": "REPORT-his_cul-06066-06066",
		"passage": "향교는 공자를 비롯한 여러 성현에 제사를 지내고 지방민의 교육과 교화를 위해 나라에서 세운 교육기관이다. 나주향교는 태조 7년(1398)에 세워 제사와 교육기능을 수행하다가 신학제 실시 이후로는 제사 기능만을 수행하고 있다. 대성전은 제사를 지내는 곳으로, 교육기능을 수행하는 강당인 명륜당보다 위쪽에 있는 것이 일반적이다. 하지만 나주향교는 공자의 아버지를 모시는 계성사가 있어 명륜당과 대성전의 자리가 바뀌어 있는 것이 특징이다. 규모는 앞면 5칸·옆면 4칸으로 지붕은 옆면에서 볼 때 여덟 팔(八)자 모양을 한 팔작지붕이다. 지붕 처마를 받치기 위해 장식하여 짜은 구조가 기둥 위에만 있는 주심포 양식인데, 기둥 사이에는 꽃모양의 받침을 만들어 위에 있는 부재를 받치고 있다. 건물 안쪽 바닥은 마루를 깔았고, 천장은 뼈대가 다 드러나는 연등천장으로 꾸몄다. 평면과 세부기법에서 조선 중기의 전형적인 향교 대성전 양식을 찾아 볼 수 있는 좋은 예이며, 서울문묘·강릉향교·장수향교와 더불어 가장 큰 규모에 속하는 중요한 향교문화재이다.",
		"passage_Cnt": 525
	},
	"Annotation": {
		"summary1": "태조 7년에 세워진 나주향교에는 계성사가 있어 대성전과 명륜당의 자리가 바뀐 특징이 있다.",
		"summary2": null,
		"summary3": "나주향교는 태조 7년(1398)에 세워 제사와 교육기능을 수행하다가 신학제 실시 이후로는 제사 기능만을 수행하고 있다. 하지만 나주향교는 공자의 아버지를 모시는 계성사가 있어 명륜당과 대성전의 자리가 바뀌어 있는 것이 특징이다.",
		"summary_3_cnt": 128
	}
}