{
	"Meta(Acqusition)": {
		"doc_id": "REPORT-his_cul-06052",
		"doc_category": "REPORT",
		"doc_type": "his_cul",
		"doc_name": "한량무 (閑良舞)",
		"author": null,
		"publisher": null,
		"publisher_year": null,
		"doc_origin": "문화재청"
	},
	"Meta(Refine)": {
		"passage_id": "REPORT-his_cul-06052-06052",
		"passage": "한량무는 한량과 승려가 한 여인을 유혹하는 내용을 춤으로 표현한 무용극이다. 한량이란 일정한 벼슬없이 놀고 먹는 양반을 말한다. 유래는 정확히 알 수 없으나 조선 후기에 생긴 사당패에 의해 연극으로 행해졌고, 고종(재위 1863∼1907) 때 정현석의 『교방가요』에 기록된 것으로 보아 조선 말엽에 유행된 것으로 추정된다. 1910년 이후에는 기방(기생집)에서 성행하였다. 한량무에는 악사, 한량, 승려, 색시, 주모, 별감, 상좌, 마당쇠가 등장하는데, 배역에 따라 성격이 다른 춤사위와 옷차림으로 구성된다. 한량의 경우에는 도포에 정자관을 쓰고, 별감은 궁중별관복을 입고, 색시는 궁중기생옷으로 몽두리에 색한삼을 끼고 족두리를 쓴다. 승려는 승복에 가사를 매고 작은 방갓을 쓴다. 내용은 타락한 선비, 파계한 중, 정조없는 색시, 게으른 관리 등을 응징하는 조선시대의 퇴폐성을 풍자하고 있다. 한량무는 우리나라 가면극 중 기녀계에서 연희되던 최초의 극형식 춤으로 역동성, 남성다움을 간직하고 있어 남성춤의 대명사라 해도 과언이 아니다. 또한 궁중계의 춤도 아니고 순수한 민속춤도 아닌 교방계류의 무용극이라는 데에 의의가 있다. 예능보유자 김덕명씨 외 6명이 그 맥을 이어가고 있다.",
		"passage_Cnt": 607
	},
	"Annotation": {
		"summary1": "승려와 한량이 한 여인을 유혹하는 무용극인 한량무는 배역에 따라 다른 옷차림과 춤사위로 구성된다.",
		"summary2": null,
		"summary3": "한량무는 한량과 승려가 한 여인을 유혹하는 내용을 춤으로 표현한 무용극이다. 한량무에는 악사, 한량, 승려, 색시, 주모, 별감, 상좌, 마당쇠가 등장하는데, 배역에 따라 성격이 다른 춤사위와 옷차림으로 구성된다.",
		"summary_3_cnt": 120
	}
}