{
	"Meta(Acqusition)": {
		"doc_id": "REPORT-his_cul-06096",
		"doc_category": "REPORT",
		"doc_type": "his_cul",
		"doc_name": "광명 영회원 (光明 永懷園)",
		"author": null,
		"publisher": null,
		"publisher_year": null,
		"doc_origin": "문화재청"
	},
	"Meta(Refine)": {
		"passage_id": "REPORT-his_cul-06096-06096",
		"passage": "조선 16대 인조의 첫째아들 소현세자의 부인 민회빈 강씨(1611~1646)의 원이다.강감찬의 19대 손녀이자 강석기의 딸인 민회빈 강씨는 1627년(인조 5) 왕세자빈에 책봉되었다. 1636년(인조 14년) 병자호란 때 소현세자와 함께 청나라의 볼모로 가게 되었고, 1645년(인조 23년)에 귀국하였다. 그러나 남편 소현세자를 잃은 후, 인조의 후궁 조씨 등이 민회빈이 왕실을 저주한다는 모함을 하여, 1646년(인조 24년) 폐위된 후 사사(賜死)되었다. 이후 1718년(숙종 44년) 죄가 없음이 밝혀져 민회빈으로 복위되었다. 무덤의 이름은 민회묘(愍懷墓)라 하였다가 1870년(고종 7년) 영회원으로 높였다.무덤 주변에는 문석인, 장명등, 혼유석, 석양과 석호 등이 배치되어 있으며 정자각 등은 남아있지 않다.※ 광명 영회원은 사적지 원형 보존과 훼손 방지를 위하여 비공개로 관리중입니다. 학술조사 등 목적으로 관람을 희망하실 경우에는 사전에 조선왕릉서부지구관리소 서오릉(02-359-0090)에서 허가를 받은 후 출입 가능합니다.",
		"passage_Cnt": 526
	},
	"Annotation": {
		"summary1": "광명 영회원은 소현세자의 부인 민회빈 강 씨의 원이다.",
		"summary2": null,
		"summary3": "조선 16대 인조의 첫째아들 소현세자의 부인 민회빈 강씨(1611~1646)의 원이다. ※ 광명 영회원은 사적지 원형 보존과 훼손 방지를 위하여 비공개로 관리중입니다.",
		"summary_3_cnt": 94
	}
}