{
	"Meta(Acqusition)": {
		"doc_id": "REPORT-his_cul-06088",
		"doc_category": "REPORT",
		"doc_type": "his_cul",
		"doc_name": "수영농청놀이 (水營農廳놀이)",
		"author": null,
		"publisher": null,
		"publisher_year": null,
		"doc_origin": "문화재청"
	},
	"Meta(Refine)": {
		"passage_id": "REPORT-his_cul-06088-06088",
		"passage": "수영에서는 ‘농청’이라는 자치단체를 만들어 농민들의 기술향상과 협동심을 높여 생산증진을 도모하였다. 급격한 도시화에 따라 농청의 풍습뿐 아니라 그에 따르는 농요도 사라지게 되자 농청원들이 농악을 치고 농요를 부르며 농사짓는 과정을 놀이화하였다. 수영농청놀이는 집합신호에 의해 모인 농청원들이 농기, 농악대, 소, 농부들, 부인들 순으로 정렬하면 남녀 두 사람이 차례로 풀노래를 부르고, 일동은 농악장단에 맞추어 춤을 추며 일터로 상징되는 놀이마당으로 들어간다. 농사를 짓는 과정에 맞추어 가래소리, 모찌기소리, 모심기, 도리깨타작소리 순으로 모심기가 끝나면 남자 농청원들이 논매기를 한 뒤 동·서로 나누어 소싸움을 붙이고, 칭칭소리를 하며 한바탕 놀다가 퇴장한다. 도시화된 수영에서 농청원들이 부르던 농요를 중심으로 작업을 재현하여 연극화한 것은 부산지방의 민요를 계승한다는 의미뿐만 아니라 농청의 공동작업에 깃든 조상들의 합동, 단결, 근면 등의 정신적 유산을 전승한다는 면에서 그 가치가 크다 할 것이다.",
		"passage_Cnt": 508
	},
	"Annotation": {
		"summary1": "농청원들은 급격한 도시화로 수영에서 만든 농청의 농요와 풍습이 사라지자 농사짓는 과정을 놀이화했다.",
		"summary2": null,
		"summary3": "수영에서는 ‘농청’이라는 자치단체를 만들어 농민들의 기술향상과 협동심을 높여 생산증진을 도모하였다. 급격한 도시화에 따라 농청의 풍습뿐 아니라 그에 따르는 농요도 사라지게 되자 농청원들이 농악을 치고 농요를 부르며 농사짓는 과정을 놀이화하였다.",
		"summary_3_cnt": 137
	}
}