{
	"Meta(Acqusition)": {
		"doc_id": "REPORT-his_cul-06017",
		"doc_category": "REPORT",
		"doc_type": "his_cul",
		"doc_name": "웅상농청장원놀이 (웅상농청장원놀이)",
		"author": null,
		"publisher": null,
		"publisher_year": null,
		"doc_origin": "문화재청"
	},
	"Meta(Refine)": {
		"passage_id": "REPORT-his_cul-06017-06017",
		"passage": "웅상읍 명곡리를 무대로 이어져 오는 웅상농청장원놀이는 마을 농사꾼들이 공동으로 농사일을 마치고 마을에서 농사가 제일 잘 된 집을 장원가로 선정하면 그 장원가가 낸 술과 음식의 장원턱을 나눠 먹으면서 며칠동안 한 해 농사일의 힘겨움을 풀고 풍년을 구가한다는 내용을 상황의 순서와 동작에 따라 소리를 곁들여 입체화한 놀이이다. 이 놀이는 힘겨운 농사일을 마을 공동으로 해내는 작업과정과 당시 농경의례를 잘 보여 준다. 웅상농청장원놀이는 산업화에 의해 사라지려던 것을 마을의 60∼80대 노인들이 주축이 돼 재현했다. 노인들이 직접 참여하여 놀이가 소박하나 짜임새가 있고 소리도 수준에 도달하는 등 그 실상을 원형에 충실히 놀이화하는 등 전승계보가 명확하다. 또 웅상지역이 도시화된 지역임에도 명곡마을에 전통사회의 농촌공동체인 농청이 1980년대까지 존속한 것은 우리문화의 계승적인 측면에서 다행스런 일이다. 웅상농청장원놀이는 1999년 6월 제30회 경상남도 민속예술경연대회와 같은해 9월 제40회 한국민속예술축제에서 각각 최우수상과 장려상을 받은 바 있다.",
		"passage_Cnt": 534
	},
	"Annotation": {
		"summary1": "노인들이 중심이 되어 재현한 웅상농청장원놀이는 마을이 공동으로 농사일을 해내는 당시의 농경의례와 작업과정을 보여 준다.",
		"summary2": null,
		"summary3": "이 놀이는 힘겨운 농사일을 마을 공동으로 해내는 작업과정과 당시 농경의례를 잘 보여 준다. 웅상농청장원놀이는 산업화에 의해 사라지려던 것을 마을의 60∼80대 노인들이 주축이 돼 재현했다.",
		"summary_3_cnt": 106
	}
}