{
	"Meta(Acqusition)": {
		"doc_id": "REPORT-his_cul-06007",
		"doc_category": "REPORT",
		"doc_type": "his_cul",
		"doc_name": "의성 빙산사지 오층석탑 (義城 氷山寺址 五層石塔)",
		"author": null,
		"publisher": null,
		"publisher_year": null,
		"doc_origin": "문화재청"
	},
	"Meta(Refine)": {
		"passage_id": "REPORT-his_cul-06007-06007",
		"passage": "경상북도의 8경 중 하나인 보현산 줄기 빙산 아래에 자리하고 있다. 돌을 벽돌 크기로 다듬어 쌓은 모전석탑으로 의성 탑리리 오층석탑을 모방한 것이다. 탑의 형태는 1층 기단(基壇) 위에 5층의 탑신(塔身)을 올린 모습이다. 탑의 토대가 되는 바닥돌은 16개의 돌로 이루어졌다. 기단의 가운뎃돌은 기둥과 면을 이루는 석재를 딴 돌로 하여 15개의 돌로 구성하였다. 기단의 맨윗돌은 8개의 돌로 되어 있고 그 위로 탑신을 받치기 위해 괴임을 높게 얹었다. 탑신부를 보면 1층 몸돌은 네 모서리에 딴 돌로 모서리기둥을 세우고 정면에 네모진 공간을 마련해 놓았는데 이 공간은 불상 등을 모셔두는 용도로 쓰였다. 2층 이상부터 몸돌은 그 높이가 1층에 비해 반 이상 줄었으며, 5개의 지붕돌은 밑면의 받침이 각 4단씩이다. 지붕돌의 경사진 면은 각 5단의 층으로 이루어졌다. 정상의 머리장식부분에는 노반(露盤:머리장식받침)만 남아 있다.탑의 조성시기는 통일신라 후기∼고려 전기 사이로 추정된다. 의성탑리오층석탑에 비하여 격이 떨어지나 모전석탑으로서 아름다운 작품이다.",
		"passage_Cnt": 536
	},
	"Annotation": {
		"summary1": "보현산 줄기 빙산 아래에 자리한 모전석탑은 의성 탑리리 오층석탑을 모방한 것으로 통일신라 후기에서 고려 전기 사이에 조성됐을 것으로 추정된다.",
		"summary2": null,
		"summary3": "경상북도의 8경 중 하나인 보현산 줄기 빙산 아래에 자리하고 있다. 돌을 벽돌 크기로 다듬어 쌓은 모전석탑으로 의성 탑리리 오층석탑을 모방한 것이다. 탑의 조성시기는 통일신라 후기∼고려 전기 사이로 추정된다.",
		"summary_3_cnt": 118
	}
}