{
	"Meta(Acqusition)": {
		"doc_id": "REPORT-his_cul-06077",
		"doc_category": "REPORT",
		"doc_type": "his_cul",
		"doc_name": "안중근의사 유묵 - 오노봉위필삼상작연지청천일장지사아복중시 (安重根義士 遺墨 - 五老峰爲筆三湘作硯池靑天一丈紙寫我腹中詩)",
		"author": null,
		"publisher": null,
		"publisher_year": null,
		"doc_origin": "문화재청"
	},
	"Meta(Refine)": {
		"passage_id": "REPORT-his_cul-06077-06077",
		"passage": "「안중근의사유묵-오노봉위필삼상작연지청천일장지사아복중시(安重根義士遺墨-五老峰爲筆三湘作硯池靑天一丈紙寫我腹中詩)」는 안중근(安重根:1879∼1910) 의사가 1909년 10월 26일 만주 하얼빈 역에서 조선 침략의 원흉 이토 히로부미(伊藤博文)를 사살한 뒤 여순감옥(旅順監獄)에서 1910년 3월 26일 사망하기 전까지 옥중에서 휘호한 유묵을 일괄ㆍ지정한 것 중의 하나이다. 일괄 지정된 이 작품들은 1910년 2월과 3월에 쓴 것으로 글씨 좌측에 “경술이(삼)월, 어여순옥중, 대한국인안중근서(庚戌二(三)月, 於旅順獄中, 大韓國人安重根書)”라고 쓴 뒤 손바닥으로 장인(掌印)을 찍었다. 글씨 내용은 「논어(論語)」ㆍ「사기(史記)」 구절 등 교훈적인 것이 많으며, 자신의 심중을 나타낸 것, 세상의 변함을 지적한 것, 일본에 경계하는 것, 이밖에 어떤 사람의 당호(堂號)를 써준 것 등이다. 유묵 대부분은 당시 검찰관, 간수 등 일본인에게 써준 것들이다. 그중 제569-21호는 러일전쟁 때 종군했다가 전쟁이 끝난 뒤 여순감옥에서 근무했던 사람[오리타타다스(折田督)]이 받은 것으로, 8ㆍ15 광복으로 그의 가족들이 일본으로 귀국할 때 조카[오리타간지(折田幹二)]에게 넘겨주었고, 그것이 1989년 2월 20일 단국대학교에 기증되었다. 또 569-25호는 안의사 수감 당시 여순감옥에서 경관을 지냈던 이의 손자[야기마사즈미(八木正澄)]가 2002년 10월에 안중근의사숭모회에 기증한 것이다. 또 제569-22, 23호는 앞쪽에 “야스오까 검찰관에게 증여한다(贈安岡檢察官)”라고 적었듯이 당시 관련했던 검찰관에게 써준 것이다.ㅇ 오로봉위필삼상작연지청천일장지사아복중시 (五老峯爲筆 三湘作硯池 靑天一丈紙 寫我腹中詩) -오로봉을 붓으로 삼고, 삼상을 연지(硯池)로 삼고, 푸른 하늘만한 큰 종이에 내 마음속의 시를 쓰리라.",
		"passage_Cnt": 901
	},
	"Annotation": {
		"summary1": "유묵중 제569-21호는 여순감옥에서 근무했던 한 사람이 8ㆍ15 광복에 가족들이 일본으로 귀국하며 조카에게 넘겨주었고 단국대에 기증되었다.",
		"summary2": null,
		"summary3": "유묵 대부분은 당시 검찰관, 간수 등 일본인에게 써준 것들이다. 그중 제569-21호는 러일전쟁 때 종군했다가 전쟁이 끝난 뒤 여순감옥에서 근무했던 사람[오리타타다스(折田督)]이 받은 것으로, 8ㆍ15 광복으로 그의 가족들이 일본으로 귀국할 때 조카[오리타간지(折田幹二)]에게 넘겨주었고, 그것이 1989년 2월 20일 단국대학교에 기증되었다.",
		"summary_3_cnt": 193
	}
}