{
	"Meta(Acqusition)": {
		"doc_id": "REPORT-briefing-20460",
		"doc_category": "REPORT",
		"doc_type": "briefing",
		"doc_name": "(210506) 국민권익위, 부패신고자 보상금 등 4억 1천여만 원 지급...공공기관 수입회복 17여억 원(최종).hwp",
		"author": null,
		"publisher": null,
		"publisher_year": null,
		"doc_origin": "공공누리포털"
	},
	"Meta(Refine)": {
		"passage_id": "REPORT-briefing-20460-00001",
		"passage": " 어린이집 보조금 및 연구개발비 부정수급 등 부패행위를 신고한 신고자들에게 4억 1천여만 원의 보상금 등을 지급했다. 이들의 신고로 공공기관이 회복한 수입금액은 17여억 원에 달한다.\n  국민권익위원회(위원장 전현희, 이하 국민권익위)는 지난달 26일 전원위원회를 열어 부패신고자 21명에게 보상금 및 포상금 총 4억 1천 485만 원을 지급했다.\n  부패신고는 부패방지 및 국민권익위원회의 설치와 운영에 관한 법률상 부패행위(법령에 위반하여 공공기관에 재산상 손해를 가하는 행위 등)를 국민권익위 등에 신고하는 신고를 말한다.\n 주요 지급 사례로는 실제 근무하지 않은 교사들을 근무하는 것처럼 속여 보육교사 인건비 등 6억 1천여만 원을 부정수급 한 어린이집을 신고한 신고자에게 보상금 1억 2천 612만 원을 지급했다.\n  피신고 어린이집 원장들은 실제 근무하지 않거나 일 8시간 상시 근무하지 않은 교사들을 정식 담임교사로 등록하여 보육교사 인건비 및 각종 수당을 허위 청구하는 수법으로 어린이집 보조금을 부정수급한 것이 확인됐다.\n  또 정부지원 연구개발과제를 수행하면서 이미 개발돼 있는 제품을 새로 개발한 것처럼 속여 연구개발비를 목적 외로 사용하여 5억 8천여만 원을 부정수급한 업체를 신고한 신고자에게 보상금 1억 2천 174만 원을 지급했다.\n  다른 사례로 실제 교육훈련을 실시하지 않았음에도 출석부를 허위로 작성해 일학습병행제 지원금을 고용노동부로부터 가로챈 업체를 신고한 신고자에게는 부정수급액 8천여만 원이 환수됨에 따라 보상금 2천 471만 원을 지급했다.\n",
		"passage_Cnt": 774
	},
	"Annotation": {
		"summary1": "어린이집 보조금 및 연구개발비 부정수급 등 부패행위를 신고한 신고자들로 인해 공공기관은 17여억 원의 수입금액을 회복했다.",
		"summary2": "어린이집 보조금 및 연구개발비 부정수급 등 부패행위를 신고한 신고자들에게 4억 1천여만 원의 보상금 등을 지급했다. 이들의 신고로 공공기관이 회복한 수입금액은 17여억 원에 달한다.",
		"summary3": null,
		"summary_3_cnt": null
	}
}