{
	"Meta(Acqusition)": {
		"doc_id": "REPORT-briefing-20322",
		"doc_category": "REPORT",
		"doc_type": "briefing",
		"doc_name": "(210406) 국민권익위, 부패·공익 신고자 23명에게 보상금 등 4억 3천여만 원 지급.hwp",
		"author": null,
		"publisher": null,
		"publisher_year": null,
		"doc_origin": "공공누리포털"
	},
	"Meta(Refine)": {
		"passage_id": "REPORT-briefing-20322-00001",
		"passage": " 요양급여비용 부정수급, 불법 의료광고 등 부패공익침해행위를 신고한 신고자들에게 4억 3천여만 원의 보상금 등이 지급됐다.\n  국민권익위원회(위원장 전현희, 이하 국민권익위)는 지난달 29일 전원위원회를 열어 부패‧공익신고자 23명에게 보상포상금 총 4억 3천 212만 원을 지급했다. 이들의 신고로 공공기관이 회복한 수입금액은 44여억 원에 달한다.\n 부패신고 보상금 주요 지급 사례로는 속칭 사무장병원을 개설해 요양급여비용을 부정수급한 의사와 원무부장 등을 신고한 신고자에게 보상금 1억 4천 613만 원을 지급했다.\n  이 밖에 정부지원 연구개발과제를 수행하면서 이미 개발한 제품을 새로 개발한 것처럼 속이는 등의 수법으로 연구개발비를 부정수급한 업체를 신고한 신고자에게 보상금 5천 542만 원을, 과제에 참여하지 않은 연구원을 참여한 것처럼 속여 연구개발비를 가로챈 업체를 신고한 신고자에게 보상금 3천 306만 원을 지급했다.\n  이에 더해 타 공공기관에서 이미 지원받고 있는 아이디어를 중복으로 제출해 창업 관련 지원금을 편취한 업체를 신고한 신고자에게 보상금 1천 500만 원을, 장애인 활동지원 서비스를 제공하지 않았음에도 제공한 것처럼 속여 지원금을 가로챈 자들을 신고한 신고자에게 보상금 1천 480만 원을 지급했다.\n 공익신고 보상금 등 주요 지급 사례로는 연구개발비를 목적 외로 사용하거나 허위로 지출 증빙하는 등의 수법으로 연구개발비를 편취한 업체를 신고한 신고자에게 보상금 945만 원을, 누리집에 동일한 치료후기를 중복으로 게시해 후기 건수를 과장하는 등 불법 의료광고를 한 안과의원을 신고한 신고자에게는 공익 증진에 기여한 점에서 포상금 1천만 원을 지급했다.\n",
		"passage_Cnt": 835
	},
	"Annotation": {
		"summary1": "국민권익위원회는 부패·공익신고자에게 보상 포상금 총 4억 3천212만 원을 지급했고 이들의 신고로 공공기관은 44억 원의 수입금을 회복했다.",
		"summary2": "국민권익위원회(위원장 전현희, 이하 국민권익위)는 지난달 29일 전원위원회를 열어 부패‧공익신고자 23명에게 보상포상금 총 4억 3천 212만 원을 지급했다. 이들의 신고로 공공기관이 회복한 수입금액은 44여억 원에 달한다.",
		"summary3": null,
		"summary_3_cnt": null
	}
}