{
	"Meta(Acqusition)": {
		"doc_id": "REPORT-briefing-20141",
		"doc_category": "REPORT",
		"doc_type": "briefing",
		"doc_name": "(07.24)(설명) 국토교통부 2021년 제2회 추가경정예산안 확정(재정담당관 등).hwp",
		"author": null,
		"publisher": null,
		"publisher_year": null,
		"doc_origin": "공공누리포털"
	},
	"Meta(Refine)": {
		"passage_id": "REPORT-briefing-20141-00001",
		"passage": " 청년 전세임대주택 확대 공급, 버스 운수종사자 코로나 19 피해지원 \n 국토교통부(장관 노형욱)는 금일 2021년 제2회 추가경정예산안이 국회에서 의결됨에 따라, 청년층 주거부담 경감과 버스운수종사자 지원을 위한 재정집행을 신속히 추진해 나갈 계획이라고 밝혔다. \n 이번 추경은 코로나19 피해지원, 방역백신 보강, 고용민생안정 지원, 지역경제 활성화 등을 목적으로 총 34.9조원 규모로 편성되었다. \n< 청년 주거안정 지원 : 2,850억원 >\n 전세임대 제도는 입주자가 원하는 주택을 물색하면, LH 등공공주택사업자가 집주인과 전세계약을 체결하고, 입주자에게 저렴하게 재임대하는 사업으로,\n 도심 내 역세권, 대학교 인근 등 입주자가 거주하고 싶은 주택을 직접 선택할 수 있다는 점에서 청년층이 매우 선호하는 사업이다.\n 이번 추경을 통해 청년 전세임대주택은 기존 1.05만호에서 1.55만호로 확대 공급되며, 이는 ‘11년부터 청년층에게 전세임대주택을 제공(총 79,587호)한 이후, 연 공급물량으로 최대 규모이다.\n  (청년 전세임대 공급 실적) ’18년 0.8만 → ’19년 1.3만 → ’20년 1.4만 → ‘21년 1.55만(계획)\n  (‘21년 전세임대주택 공급 물량) 4.1만호 → 4.6만호\n 이번 추경을 통해 추가 공급할 청년 전세임대는 전국을 대상으로 7월28일부터 2주간 온라인(apply.lh.or.kr)으로 입주자를 모집할 예정이다.\n 전세임대주택은 대학생, 취업준비생(졸업 후 2년 이내) 및만 19세 이상 39세 이하인 자 중 무주택자이면 신청할 수 있다.\n",
		"passage_Cnt": 780
	},
	"Annotation": {
		"summary1": "국토교통부는 청년층 주거부담 경감과 버스운수종사자 지원을 위한 재정 집행을 추진해 나갈 계획이며 추경이 34.9조 원 규모로 편성되었다. ",
		"summary2": "국토교통부(장관 노형욱)는 금일 2021년 제2회 추가경정예산안이 국회에서 의결됨에 따라, 청년층 주거부담 경감과 버스운수종사자 지원을 위한 재정집행을 신속히 추진해 나갈 계획이라고 밝혔다. 이번 추경은 코로나19 피해지원, 방역백신 보강, 고용민생안정 지원, 지역경제 활성화 등을 목적으로 총 34.9조원 규모로 편성되었다.",
		"summary3": null,
		"summary_3_cnt": null
	}
}