{
	"Meta(Acqusition)": {
		"doc_id": "REPORT-briefing-20340",
		"doc_category": "REPORT",
		"doc_type": "briefing",
		"doc_name": "(210409)보도자료산림청 이에스지(ESG) 기업 설명회 개최, 해외 온실가스 감축사업(REDD+)등 산림분야 탄소중립 모형에 기업 관심 표명.hwp",
		"author": null,
		"publisher": null,
		"publisher_year": null,
		"doc_origin": "공공누리포털"
	},
	"Meta(Refine)": {
		"passage_id": "REPORT-briefing-20340-00001",
		"passage": " 산림청(청장 최병암)은 9일 서울 국립산림과학원 국제회의실에서 산림을 통한 이에스지(ESG) 경영 전략 기업 설명회를 개최했다.\n 작년 연말부터 기업들의 관심도가 급증한 이에스지(ESG) 경영과 관련하여 기업의 이에스지(ESG) 경영을 지원할 수 있는 산림분야 정책과 사업 현황을 공유하고 향후 기업과의 협업 가능성에 대한 공감대를 형성하기 위하여 개최된 이번 설명회에는 실제로 주요 기업 담당자들이 직접 참여하여 높은 관심도를 보였다. \n  이에스지(ESG) : 기업의 가치를 평가할 때 전통적 재무요소 뿐 아니라 환경(E), 사회(S) 및 지배구조(G) 등 비재무적 요소를 고려해 종합적으로 측정하는 것을 뜻하는 용어\n 최근 한국거래소가 금융위원회, 금융감독원과 함께 발표한 ‘기업 공시제도 개선 방안’에서는 향후 기업의 이에스지(ESG) 정보공개 확대 계획이 제시되어 있어 국내 주요 기업들의 관련 분야 투자 확대가 추진되고 있다. \n  이에스지(ESG) 정보공개 확대 : 코스피 상장사 중 자산 2조 원 이상 기업의 경우 ’25년부터 공시 의무화(’30년부터 전체 상장사로 확대) \n 산림청은 이러한 기업의 이에스지(ESG) 투자 확대를 탄소중립 시대 세계적인자연기반 해법(Naturebased Solutions : NBS)으로 주목받고 있는 해외 온실가스 감축사업(REDD+), 산림탄소상쇄제도 등 산림분야 국내외 탄소중립 모형과의 연계성을 지속해서 강화해 나간다는 계획이다. \n",
		"passage_Cnt": 722
	},
	"Annotation": {
		"summary1": "산림청은 산림을 통한 이에스지 경영 전략 기업 설명회를 개최했고 설명회에는 실제로 주요 기업 담당자들이 직접 참여하여 높은 관심도를 보였다.",
		"summary2": "산림청(청장 최병암)은 9일 서울 국립산림과학원 국제회의실에서 산림을 통한 이에스지(ESG) 경영 전략 기업 설명회를 개최했다. 작년 연말부터 기업들의 관심도가 급증한 이에스지(ESG) 경영과 관련하여 기업의 이에스지(ESG) 경영을 지원할 수 있는 산림분야 정책과 사업 현황을 공유하고 향후 기업과의 협업 가능성에 대한 공감대를 형성하기 위하여 개최된 이번 설명회에는 실제로 주요 기업 담당자들이 직접 참여하여 높은 관심도를 보였다.",
		"summary3": null,
		"summary_3_cnt": null
	}
}