{
	"Meta(Acqusition)": {
		"doc_id": "REPORT-briefing-20404",
		"doc_category": "REPORT",
		"doc_type": "briefing",
		"doc_name": "(210423)보도자료_산불 단계별 동원령 운영으로 산불대응 강화.hwp",
		"author": null,
		"publisher": null,
		"publisher_year": null,
		"doc_origin": "공공누리포털"
	},
	"Meta(Refine)": {
		"passage_id": "REPORT-briefing-20404-00001",
		"passage": " \n 산림청(청장 최병암)은 야외활동 등의 증가로 산불발생의 위험이 높아짐에 따라 4월 24일부터 산불발생 시 확산상황을 1단계에서 3단계로 구분하고 각 단계별로 국가 진화자원 총동원 체계를 강화한다.\n 산불대응 과정을 초기대응과 확산대응으로 구분하고 다시 확산대응은 1∼3단계로 세분화하여 동원령 발령권자, 동원단계 판단, 진화자원별 동원범위 및 규모 등을 구체화하였다. 각 동원단계는 기상상황, 예상되는 피해면적 및 진화시간 등 현장 상황과 산불확산예측시스템 정보를 기준으로 한다.\n 산불 1단계는 평균풍속 2∼4m/s미만, 예상되는 피해면적 30헥타르(㏊) 미만, 진화시간 8시간 미만에서 산림청장이 발령하며, 초기대응을 하는 시군구 및 국유림관리소 진화대원 전체, 관할기관 산불진화 헬기 전체 및 인접기관 헬기 50%, 드론진화대 50%가 투입된다.\n 산불 2단계는 평균풍속 4∼7m/s미만, 예상 피해면적 100㏊ 미만, 진화시간이 24시간 미만으로 예상될 때 산림청장이 발령하며, 초기대응 기관의 진화대원 전체, 인접기관 진화대원 50%, 관할기관 및 인접기관 진화헬기 전체, 드론진화대 전체가 투입된다.\n 산불 3단계는 평균풍속 7m/s 이상으로 대형산불로 확산하는 상황에서 산림청장이 발령하며, 광역단위의 가용인력 및 진화헬기 등을 총력 동원한다.\n 한편, 동원령 판단기준을 충족하지 못하는 경우에도 주택 등 주민피해가 우려될 때는 상위 단계 동원령을 발령할 수 있도록 해 주민안전을 최우선으로 고려했다.\n",
		"passage_Cnt": 739
	},
	"Annotation": {
		"summary1": "산림청은 야외활동 등의 증가로 산불발생의 위험이 높아짐에 따라 확산 대응을 3단계로 세분화하여 진화자원별 동원 범위 및 규모 등을 구체화했다.",
		"summary2": "산림청(청장 최병암)은 야외활동 등의 증가로 산불발생의 위험이 높아짐에 따라 4월 24일부터 산불발생 시 확산상황을 1단계에서 3단계로 구분하고 각 단계별로 국가 진화자원 총동원 체계를 강화한다. 산불대응 과정을 초기대응과 확산대응으로 구분하고 다시 확산대응은 1∼3단계로 세분화하여 동원령 발령권자, 동원단계 판단, 진화자원별 동원범위 및 규모 등을 구체화하였다.",
		"summary3": null,
		"summary_3_cnt": null
	}
}