{
	"Meta(Acqusition)": {
		"doc_id": "REPORT-briefing-20109",
		"doc_category": "REPORT",
		"doc_type": "briefing",
		"doc_name": "(07.15) (석간) 울산_경남_지역인재 키우기 힘 모은다(혁신도시정책총괄과).hwp",
		"author": null,
		"publisher": null,
		"publisher_year": null,
		"doc_origin": "공공누리포털"
	},
	"Meta(Refine)": {
		"passage_id": "REPORT-briefing-20109-00004",
		"passage": " (지역 기여) 울산의 이전공공기관들은 시설 무료 개방, 로컬푸드 활성화 등 다양한 지역 기여를 위해 노력하고 있다.\n  특히 한국산업인력공단에서 운영하는 ‘울산지역 26개 농가와 함께하는 무인로컬푸드 직매장’은 우수사업으로 선정되어, 사례 전파를 통해 6개 기관이 추가로 도입하는 성과를 거두였다.\n<<경남 혁신도시 >>\n 경남 혁신도시에는 동남권 주택 건설 수요 및 지역내 중소기업 진흥을 감안하여 한국토지주택공사, 중소기업진흥공단 등 11개 기관이 이전하였으며, 이 효과로 유관 기업 등 491개(2,848명 고용) 기업이 혁신도시에 자리를 잡았다.\n   경남 혁신도시(11개 기관) : 주택건설(3개), 중소기업진흥(3개), 기타(5개)공공기관 10개(지역인재 의무채용 대상기관) + 소속기관 1개(국가공무원법에 따라 채용)\n 2021년 현재 주민등록인구 기준 3만 2천여 명이 살고 있으며, 0세부터 39세까지의 인구 비중이 절반 이상(51.5%)을 차지하는 젊은 도시로 성장하였다.\n 또한 경남 혁신도시의 특화전략 산업인 항공우주산업을 중심으로 다양한 기업 육성, 창업 지원 사업을 추진하고 있으며, 이와 함께 인재 육성과 인근 지역 상생 사업도 추진 중이다.\n (특화산업) 경남혁신도시는 항공우주산업 중심 혁신성장을 위해 연계 기업 창업 지원, 기업운영 및 기술사업화 지원 등을 추진하고 있으며, 혁신도시 활성화 거버넌스 구축 등 산업생태계 조성에도 힘쓰고 있다.\n",
		"passage_Cnt": 715
	},
	"Annotation": {
		"summary1": "경남 혁신도시에는 동남권 주태 건설 수요 및 지역내 중소기업 진흥을 감안해 한국토지주택공사 등 11개 기관이 이전하였으며 젊은 도시로 성장했다.",
		"summary2": "경남 혁신도시에는 동남권 주택 건설 수요 및 지역내 중소기업 진흥을 감안하여 한국토지주택공사, 중소기업진흥공단 등 11개 기관이 이전하였으며, 이 효과로 유관 기업 등 491개(2,848명 고용) 기업이 혁신도시에 자리를 잡았다. 2021년 현재 주민등록인구 기준 3만 2천여 명이 살고 있으며, 0세부터 39세까지의 인구 비중이 절반 이상(51.5%)을 차지하는 젊은 도시로 성장하였다.",
		"summary3": null,
		"summary_3_cnt": null
	}
}