{
	"Meta(Acqusition)": {
		"doc_id": "REPORT-briefing-20341",
		"doc_category": "REPORT",
		"doc_type": "briefing",
		"doc_name": "(210409)보도자료산림청 이에스지(ESG) 기업 설명회 개최, 해외 온실가스 감축사업(REDD+)등 산림분야 탄소중립 모형에 기업 관심 표명.hwp",
		"author": null,
		"publisher": null,
		"publisher_year": null,
		"doc_origin": "공공누리포털"
	},
	"Meta(Refine)": {
		"passage_id": "REPORT-briefing-20341-00002",
		"passage": "  해외 온실가스 감축 사업(REDD+ : 산림파괴로 인한 온실가스 배출을 줄이는 활동(Reducing Emissions from Deforestation and Forest Degradation Plus)의 약자, 개도국에서 산림파괴로 인해 발생하는 온실가스를 줄이는 다양한 활동을 모두 포함\n 우선 기초 작업으로 올해 이에스지(ESG) 경영 평가와 관련된 연구용역을 진행할 계획이며, 이를 통해 해외 온실가스 감축사업(REDD+) 등 산림분야 이에스지(ESG) 평가 지표를 적극적으로 발굴해 나갈 예정이다.\n 또한 몽골, 중국 등에서 사막화 방지 조림을 10년 이상 추진해온 한화(태양의 숲), 유한킴벌리(토진나르스 숲) 등 기업의 실제 친환경적 산림경영 사례를 직접 이에스지(ESG) 평가와 연계할 방안도 연구될 예정이다. \n 한편, 코로나 19에 따른 사회적 거리 두기 단계에 따라 50명 이내로 현장 참석 인원이 제한된 이번 기업설명회에는 산림분야 사회공헌활동(CSR) 사례 설명을 시작으로 향후 이에스지(ESG)로의 연계 가능성까지 기업의 이해도를 높이는 심도 있는 발표가 진행되었다. \n  발표내용 : ‘우리강산 푸르게 푸르게 사례 및 발전방향’(유한킴벌리 김희웅 부장), ‘기후변화에 따른 이에스지(ESG) 경영 확대와 글로벌 기업의 추진전략’(고려대 이재혁 교수), ‘산림지속가능발전목표(SDGs) 그리고 이에스지(ESG)’(국립산림과학원 김래현 연구관), ‘이에스지(ESG) 평가의 의미와 산림분야 연계 전망’(한국기업지배구조원 오덕교 연구위원), ‘탄소중립 산림부문 추진전략 및 산림을 통한 이에스지(ESG) 경영 활성화 지원 방안’(산림청 해외자원담당관실 박영환 과장), ‘이에스지(ESG) 연계를 통한 산림탄소상쇄제도 기업 참여 활성화 방안’(산림청 산림정책과 민병산 사무관)\n",
		"passage_Cnt": 896
	},
	"Annotation": {
		"summary1": "경영 평가 관련 연구용역을 진행해 산림분야 ESG 평가 지표를 발굴하고 기업의 친환경적 산림경영 사례를 ESG 평가와 연계할 방안도 연구될 예정이다.",
		"summary2": "또한 몽골, 중국 등에서 사막화 방지 조림을 10년 이상 추진해온 한화(태양의 숲), 유한킴벌리(토진나르스 숲) 등 기업의 실제 친환경적 산림경영 사례를 직접 이에스지(ESG) 평가와 연계할 방안도 연구될 예정이다. 우선 기초 작업으로 올해 이에스지(ESG) 경영 평가와 관련된 연구용역을 진행할 계획이며, 이를 통해 해외 온실가스 감축사업(REDD+) 등 산림분야 이에스지(ESG) 평가 지표를 적극적으로 발굴해 나갈 예정이다.",
		"summary3": null,
		"summary_3_cnt": null
	}
}