{
	"Meta(Acqusition)": {
		"doc_id": "REPORT-briefing-20301",
		"doc_category": "REPORT",
		"doc_type": "briefing",
		"doc_name": "(210401) 국민권익위, ‘친환경 다회용 마스크 권장’ 등 관계기관에 정책제안(최종).hwp",
		"author": null,
		"publisher": null,
		"publisher_year": null,
		"doc_origin": "공공누리포털"
	},
	"Meta(Refine)": {
		"passage_id": "REPORT-briefing-20301-00001",
		"passage": " 코로나19 방역차원에서 전 국민이 착용하는 마스크를 기존 ‘일회용’ 마스크 생산 및 보급 위주에서 ‘친환경 다회용’ 마스크 사용 권장으로 정부 정책을 전환해 ‘방역문제 해소와 환경오염 최소화’를 함께 해결해야 한다는 국민권익위원회의 정책제안이 나왔다. 마스크 의무 착용 홍보와 함께 폐기 방법도 제대로 홍보하여 환경오염을 최소화해야 한다는 내용도 포함되었다.\n  국민권익위원회(위원장 전현희, 이하 국민권익위)는 이 같은 내용을 담은 ‘일회용 마스크 친환경 사용 및 처리방안’을 마련하여 환경부, 식품의약품안전처, 질병관리청, 교육부 등에 정책 제안했다고 밝혔다.\n  이는 코로나19 확산으로 일상 속에서 마스크를 착용한지 벌써 1년이 지났고, 앞으로 상당기간 착용이 불가피하여 이에 따른 환경오염도 지속될 것으로 예상됨에 따라 정부 차원의 정책 전환이 필요하다고 판단해서다.\n 국민권익위는 국민생각함 국민의견과 민원분석을 토대로 보건용 마스크 친환경 생산 및 유통 활성화 방안 폐기방법 대국민 홍보 강화 방안 폐 마스크 처리 및 수거방식 개선 방안을 관계기관에 정책 제안했다.\n  우선 ‘보건용 마스크 친환경 생산 및 유통 활성화 방안’에는 다회용 마스크 사용 권장으로 정책 전환 검토 친환경 마스크 생산유통 관련 표준 지침 마련 보건 안전성 있는 다회용 마스크의 의약외품 인증 받도록 심사기준 정비 친환경 소재 마스크 유통 활성화를 위한 국가차원의 행정재정 지원 방안 마련 등을 담았다.\n",
		"passage_Cnt": 724
	},
	"Annotation": {
		"summary1": "코로나19 방역문제 해소와 환경오염 최소화를 해결하며 마스크 의무 착용, 마스크 폐기 방법을 홍보하여 환경오염을 최소화해야 한다는 국민권익위원회의 정책제안이 나왔다.",
		"summary2": "코로나19 방역차원에서 전 국민이 착용하는 마스크를 기존 ‘일회용’ 마스크 생산 및 보급 위주에서 ‘친환경 다회용’ 마스크 사용 권장으로 정부 정책을 전환해 ‘방역문제 해소와 환경오염 최소화’를 함께 해결해야 한다는 국민권익위원회의 정책제안이 나왔다. 마스크 의무 착용 홍보와 함께 폐기 방법도 제대로 홍보하여 환경오염을 최소화해야 한다는 내용도 포함되었다.",
		"summary3": null,
		"summary_3_cnt": null
	}
}