{
	"Meta(Acqusition)": {
		"doc_id": "REPORT-briefing-20154",
		"doc_category": "REPORT",
		"doc_type": "briefing",
		"doc_name": "(0721)(석간)_닛산_기아_비엠더블유_포르쉐_시정(리콜)_실시(자동차정책과).hwp",
		"author": null,
		"publisher": null,
		"publisher_year": null,
		"doc_origin": "공공누리포털"
	},
	"Meta(Refine)": {
		"passage_id": "REPORT-briefing-20154-00002",
		"passage": " 해당 차량은 7월 23일부터 비엠더블유코리아 공식 서비스센터에서 무상으로 수리(점검 후 부품 교체)를 받을 수 있다. \n 마지막으로, 포르쉐코리아에서 수입, 판매한 타이칸 1,302대는 전력변환장치(인버터) 소프트웨어의 설계 오류로 구동모터에 전력 공급이 제대로 되지 않아 주행 중 출력이 저하되거나 시동이 꺼질 가능성이 확인되어 시정조치(리콜)에 들어간다.\n 파나메라 4 등 5개 차종 141대(판매이전 포함)는 앞 차축 현가장치 내 부품(트레일링 암)의 강성 부족으로 파손되고, 이로 인해 차체 안정성이 상실될 가능성이 확인되어 시정조치(리콜)에 들어간다.\n 타이칸은 7월 22일부터, 파나메라 4 등 5개 차종은 7월 19일부터 포르쉐코리아 공식 서비스센터에서 무상으로 수리(소프트웨어 업데이트, 개선된 부품 교체)를 받을 수 있다.\n 이번 결함시정과 관련하여 각 제작사에서는 자동차 소유자에게 우편 및 휴대전화 문자로 시정방법 등을 알리게 되며, 결함시정 전에 자동차 소유자가 결함내용을 자비로 수리한 경우에는 제작사에 수리한 비용에 대한 보상을 신청할 수 있다.\n  자동차제작자등은자동차관리법제31조의2에 따라 결함 사실을 공개하기 전 1년이 되는 날과 결함조사를 시작한 날 중 빠른 날 이후에 그 결함을 시정한 자동차 소유자(자동차 소유자였던 자로서 소유 기간 중에 그 결함을 시정한 자를 포함한다) 및 결함 사실을 공개한 이후에 그 결함을 시정한 자동차 소유자에게 자체 시정한 비용을 보상하여야 함\n",
		"passage_Cnt": 735
	},
	"Annotation": {
		"summary1": "포르쉐코리아에서 수입, 판매된 타이칸이 주행 중 시동이 꺼질 가능성이 확인되어 리콜에 들어가며 결함 시정과 관련해 제작사는 자동차 소유자에게 문자로 시정방법을 알린다.",
		"summary2": "마지막으로, 포르쉐코리아에서 수입, 판매한 타이칸 1,302대는 전력변환장치(인버터) 소프트웨어의 설계 오류로 구동모터에 전력 공급이 제대로 되지 않아 주행 중 출력이 저하되거나 시동이 꺼질 가능성이 확인되어 시정조치(리콜)에 들어간다. 이번 결함시정과 관련하여 각 제작사에서는 자동차 소유자에게 우편 및 휴대전화 문자로 시정방법 등을 알리게 되며, 결함시정 전에 자동차 소유자가 결함내용을 자비로 수리한 경우에는 제작사에 수리한 비용에 대한 보상을 신청할 수 있다.",
		"summary3": null,
		"summary_3_cnt": null
	}
}