{
	"Meta(Acqusition)": {
		"doc_id": "REPORT-briefing-20194",
		"doc_category": "REPORT",
		"doc_type": "briefing",
		"doc_name": "(13조간 16시40분엠바고)산업기술개발과, 한-이스라엘 산업기술 협력 협정, 16년만에 “전면 개정”.hwp",
		"author": null,
		"publisher": null,
		"publisher_year": null,
		"doc_origin": "공공누리포털"
	},
	"Meta(Refine)": {
		"passage_id": "REPORT-briefing-20194-00001",
		"passage": " 문승욱 산업통상자원부 장관은 방한(‘21.5.10.~13) 중인 이스라엘 아미르 페렛츠(Amir Peretz) 장관과 대한민국 정부와 이스라엘국 정부간의 민간부문산업의 연구 및 개발에 관한 양자협력 협정(이하, 한이스라엘 산업기술 협력 협정)전면 개정안에 최종 서명하였다.\n 한이스라엘 산업기술 협력 협정은 제조강국인 우리나라가 원천기술 강국 이스라엘과의 상호 호혜적인 기술협력을 위해 ’99년 최초 체결한 우리나라 유일의 산업기술 협력 조약으로, 이 조약을 근거로 양국은 ‘01년부터 공동연구개발기금을 조성하여 공동 R&D를 지원하고 있다.\n 이번 개정은 공동연구개발기금 각국 출자금액을 기존 200만불에서 400만불로 대폭 확대하고, 공동 R&D과제에 대한 정부최대 지원비율을 기존 50%에서 70%로 상향하였으며, 기존 기업위주의 R&D에서 연구소와 대학의 R&D 참여를 적극 확대하고, 공동 R&D만 지원 가능했던 기금의 지원범위를 공동 세미나, 인력교류 등 직접적 R&D 외에 간접적인 활동까지 확대했다는 것을 주요 골자로 한다.\n 그간 양국 정부는 지난 20여년간 6,500만불의 기금을 조성하고, 총 181건의 공동연구를 지원하였으며, 공동연구를 통해 신기술개발, 해외진출, 투자유치, 신사업화 등의 성과를 창출하였다. \n 특히, 의료기기 제조기업 ‘(주)올메디쿠스’와 이스라엘의 무선전송기술 기업 ‘GlucoME’가 2015년 개발한 신개념 무선 혈당측정기는 개발 4년만에 수출액이 약 70배가 성장하는 등 양국간 성공적인 사례들이 여럿 나타나고 있다. \n",
		"passage_Cnt": 768
	},
	"Annotation": {
		"summary1": "문 산업통상자원부 장관은 우리나라 유일의 산업 기술 협력 조약인 한이스라엘 산업 기술 협력 협정의 전면 개정안에 최종 서명했다.",
		"summary2": "문승욱 산업통상자원부 장관은 방한(‘21.5.10.~13) 중인 이스라엘 아미르 페렛츠(Amir Peretz) 장관과 대한민국 정부와 이스라엘국 정부간의 민간부문산업의 연구 및 개발에 관한 양자협력 협정(이하, 한이스라엘 산업기술 협력 협정)전면 개정안에 최종 서명하였다. 한이스라엘 산업기술 협력 협정은 제조강국인 우리나라가 원천기술 강국 이스라엘과의 상호 호혜적인 기술협력을 위해 ’99년 최초 체결한 우리나라 유일의 산업기술 협력 조약으로, 이 조약을 근거로 양국은 ‘01년부터 공동연구개발기금을 조성하여 공동 R&D를 지원하고 있다.",
		"summary3": null,
		"summary_3_cnt": null
	}
}