{
	"Meta(Acqusition)": {
		"doc_id": "REPORT-briefing-20604",
		"doc_category": "REPORT",
		"doc_type": "briefing",
		"doc_name": "(210601)보도자료_첨단기술 접목으로 산사태 정확히 예측해 미리 대응한다(브리핑).hwp",
		"author": null,
		"publisher": null,
		"publisher_year": null,
		"doc_origin": "공공누리포털"
	},
	"Meta(Refine)": {
		"passage_id": "REPORT-briefing-20604-00001",
		"passage": " 앞으로 첨단기술을 통해 산사태 위험 신호를 미리 감지해 사전에 대응해 산사태로 인한 피해를 대폭 줄일 수 있을 것으로 기대된다. 산림청 김용관 산림보호국장은 6월 1일 ‘케이(K)산사태방지 대책’을 발표했다. 이번 대책은 ‘산사태(자연산지 및 인위적 개발지) 피해 없는 대한민국’이라는 비전 아래 ▵첨단기술을 접목한 산사태 대응기반 구축 ▵스마트한 산사태 조사 및 복구 ▵산사태피해 우려 지역 관리 강화 ▵이상기후에 대비한 법ㆍ제도 정비 등 4대 전략을 중점사항으로 수립되었다. \n  작년 역대 최장의 장마(중부지역 54일, 누적 강수량 810mm 이상)와 제9ㆍ10호 태풍 내습으로 1,343ha의 산사태 피해가 발생하는 등 최근 이상기후로 인한 산사태 발생 위험성이 높아지는 추세이므로 첨단기술을 활용한 ‘케이(K)산사태방지 대책’이 수립되게 되었다.\n 첨단기술을 접목한 산사태 대응기반 구축 \n 첫째, 4차 산업혁명 관련 첨단기술을 도입하여 산사태 대응 기반을 구축한다. \n  기존 산사태위험지도 상 1, 2등급지는 시우량 30mm, 일강우량 150mm, 연속강우량 200mm의 강우 발생 시 산사태가 발생할 수 있다고 분석되고 있는데, 지난해 여름처럼 그 이상의 강우가 발생 시 3, 4, 5등급지도 산사태 발생이 가능하다.\n  현재의 산사태위험지도는 강우에 따른 등급변화가 없어 작년 같은 극한강우 상황 시 위험성 분석에 한계가 있었다. 향후 고도화될 산사태위험지도는 실시간 강우상황을 반영하여 위험등급이 변화될 수 있도록 구축하여 극한강우에 따른 위험등급 변화가 표출될 예정이며, 이를 통해 국지적으로 보다 정확한 산사태 위험 예측과 정보제공이 가능할 것으로 전망된다.(∼’22년).\n",
		"passage_Cnt": 838
	},
	"Annotation": {
		"summary1": "케이산사태방지 대책의 일환으로 4차 산업혁명 관련 첨단 기술을 도입하여 산사태 대응 기반을 구축함으로써 보다 정확한 산사태 위험 예측과 정보제공이 가능할 것이다.",
		"summary2": "산림청 김용관 산림보호국장은 6월 1일 ‘케이(K)산사태방지 대책’을 발표했다. 첫째, 4차 산업혁명 관련 첨단기술을 도입하여 산사태 대응 기반을 구축한다. 향후 고도화될 산사태위험지도는 실시간 강우상황을 반영하여 위험등급이 변화될 수 있도록 구축하여 극한강우에 따른 위험등급 변화가 표출될 예정이며, 이를 통해 국지적으로 보다 정확한 산사태 위험 예측과 정보제공이 가능할 것으로 전망된다.",
		"summary3": null,
		"summary_3_cnt": null
	}
}