{
	"Meta(Acqusition)": {
		"doc_id": "REPORT-briefing-20294",
		"doc_category": "REPORT",
		"doc_type": "briefing",
		"doc_name": "(21-354) 2021 P4G 서울 녹색미래 정상회의’계기,녹색미래주간(5.24.-29.) 개막식 개최.hwp",
		"author": null,
		"publisher": null,
		"publisher_year": null,
		"doc_origin": "공공누리포털"
	},
	"Meta(Refine)": {
		"passage_id": "REPORT-briefing-20294-00001",
		"passage": " 정부는 2021 P4G 서울 녹색미래 정상회의(5.30.(일)~5.31(월))에 앞서 녹색미래주간(5.24.(월)~29.(토)) 개막식을 5.24(월) 개최하였다.\n 이번 개막식은 동대문디자인플라자(DDP)에서 오늘 19시30분부터 19시50분까지 20분간 개막 영상, 국회의장 축사, 외교부환경부 장관 개회사, 모두의 다짐을 내용으로 진행되었다.\n 개막식의 시작을 알리는 ‘개막 영상’은 ‘기후행동을 요구하는 미래세대의 목소리’를 주제로 어린이 및 청년들이 녹색미래를 위한 모두의 행동을 당부하는 내용으로 구성되었다.\n 아동청소년청년 6명은 지금이 지속가능한 사회로의 전환을 시작할 수 있는 마지막 기회임을 강조함으로써 탄소중립 실현의 시급함을 전달하였다.\n 이러한 미래세대의 목소리에 대해, 박병석 국회의장은 녹색미래주간 개막식 영상 축사를 통해, 2050 탄소중립은 건강한 지구를 다음 세대에 물려주기 위해 우리가 반드시 가야만 할 길이라면서, 국회도 기후변화 대응과 관련한 법과 제도정비에 힘쓰겠다고 화답하였다.\n 정의용 외교부장관은 개회사를 통해 현재 국제사회가 녹색미래를 위한 행동(Act Now for Our Green Future)을 해야할 시기 라면서, 녹색미래주간에 개최되는 다양한 특별세션을 통해 창의적인 아이디어와 미래세대의 참여를 기반으로 보다 실질적인 변화를 만들어내기 위한 좋은 기회가 되기를 기대한다고 강조하였다.\n 또한, 이어서 개회사를 진행한 한정애 환경부장관은 녹색미래주간에서의 논의가 2050 탄소중립 실현을 위한 길잡이가 되어 줄 것이라 기대한다며, 금년을 탄소중립 이행의 원년으로 삼아 이를 이행하기 위한 기틀 마련에 주력할 것임을 강조하였다.\n",
		"passage_Cnt": 832
	},
	"Annotation": {
		"summary1": "정부가 개최한 녹색미래주간 개막식은 DDP에서 20분간 개막 영상, 국회의장 축사, 외교부환경부장관 개회사, 모두의 다짐을 내용으로 진행됐다.",
		"summary2": "정부는 2021 P4G 서울 녹색미래 정상회의(5.30.(일)~5.31(월))에 앞서 녹색미래주간(5.24.(월)~29.(토)) 개막식을 5.24(월) 개최하였다. 이번 개막식은 동대문디자인플라자(DDP)에서 오늘 19시30분부터 19시50분까지 20분간 개막 영상, 국회의장 축사, 외교부환경부 장관 개회사, 모두의 다짐을 내용으로 진행되었다.",
		"summary3": null,
		"summary_3_cnt": null
	}
}