{
	"Meta(Acqusition)": {
		"doc_id": "REPORT-briefing-20569",
		"doc_category": "REPORT",
		"doc_type": "briefing",
		"doc_name": "(210527) 보도자료_합법목재 수입 지원을 위한 중국 표준지침 개정.hwp",
		"author": null,
		"publisher": null,
		"publisher_year": null,
		"doc_origin": "공공누리포털"
	},
	"Meta(Refine)": {
		"passage_id": "REPORT-briefing-20569-00001",
		"passage": " 산림청(청장 최병암)은 오는 7월부터 중국으로부터 수입되는 목재 및 목재제품의 합법벌채 여부를 입증할 수 있는 서류의 인정 범위를 변경한다.\n  합법목재 교역촉진제도는 목재류 수입 시 통관 전 합법벌채 여부를 산림청장이 지정한 검사기관(한국임업진흥원)을 통해 검증하는 제도로서 2019년 10월부터 본격적으로 시행되고 있다.\n   대상품목 : 원목(HS 4403), 제재목류(HS 4407), 합판류(HS 4412), 목재펠릿(HS 4401.31)\n  수입업자는 제도 대상품목 수입 시 합법벌채 여부를 입증하는 서류를 제출해야 하는데, 산림청은 원활한 목재 수입을 지원하기 위해 주요 교역국의 관련 법령체계를 조사하여 입증서류에 대한 정보를 담은 국가별 표준지침(Country Specific Guidelines)을 개발하고 있다.\n   표준지침 개발현황(’19.10~’21.5월) : 주요 84개 목재 수입국 중 63개국 개발 완료\n 이번 개정은 중국의 삼림법 개정(’20.7.1)에 따라 기존에 합법벌채 입증서류로서 인정되던 운송허가서를 표준지침 상의 인정 범위에서 제외하는 것을 주요 내용으로 한다.\n  중국은 목재류 수입액 3위의 대표적인 수입국으로 주요 수입 품목은 합판, 제재목, 성형목재 등이 있다.\n  중국 표준지침 상에서 기존에 인정되던 합법벌채 입증서류로는 현(縣)급 이상 산림관련기관에서 발급한 벌채허가서, 산림관리위원회(FSC)와 산림인증보장계획(PEFC)의 산림경영(FM)목재관리연속성(CoC) 인증서, 중국산림인증위원회(CFCC) 인증서 및 운송허가서가 있었다.\n",
		"passage_Cnt": 778
	},
	"Annotation": {
		"summary1": "산림청이 중국에서 수입되는 목재 및 목재제품의 합법 벌채 입증서류로 인정되던 운송허가서를 표준지침상의 인정범위에서 제외한다.",
		"summary2": "산림청(청장 최병암)은 오는 7월부터 중국으로부터 수입되는 목재 및 목재제품의 합법벌채 여부를 입증할 수 있는 서류의 인정 범위를 변경한다. 이번 개정은 중국의 삼림법 개정(’20.7.1)에 따라 기존에 합법벌채 입증서류로서 인정되던 운송허가서를 표준지침 상의 인정 범위에서 제외하는 것을 주요 내용으로 한다.",
		"summary3": null,
		"summary_3_cnt": null
	}
}