{
	"Meta(Acqusition)": {
		"doc_id": "REPORT-briefing-20332",
		"doc_category": "REPORT",
		"doc_type": "briefing",
		"doc_name": "(210408)보도자료_2020년 임산물 소득 조사결과 발표.hwp",
		"author": null,
		"publisher": null,
		"publisher_year": null,
		"doc_origin": "공공누리포털"
	},
	"Meta(Refine)": {
		"passage_id": "REPORT-briefing-20332-00001",
		"passage": " 산림청(청장 최병암)은 지난해 생산한 임산물 16개 품목을 대상으로 조사한 임산물 소득 조사결과를 8일 발표했다.\n  임산물 소득 조사는 2014년부터 매년 표본조사 및 방문조사 형태로 실시 하고 있다. 조사품목은 산채류 등의 임업경영계획 수립에 필요한 정보 조사를 통해 임가 소득증대를 위한 기초자료로 활용 된다.\n  고사리, 독활, 두릅, 산마늘, 수액, 원추리, 취나물, 곤드레, 목이버섯, 복분자, 산수유, 산딸기, 오갈피, 참나물, 헛개나무, 마\n 품목과 재배유형에 따른 기준면적당 경영성과 조사 결과, 산지재배 품목은 산마늘, 농지재배는 산딸기, 시설재배는 참나물의 소득이 가장 높은 것으로 나타났다.\n  산마늘은 초기에 많은 종묘 비용과 제초작업 비용이 소요되었다. 그러나 조성 후 약 5년 이후 완전히 활착하게 되면 제초작업에 드는 비용이 대폭 감소하는 등 경영비용을 줄일 수 있으며, 꾸준한 수요가 있어 타 품목 대비 높은 가격에 거래되고 있다.\n  산딸기의 경우 높은 소득을 보이나 경영과정에서 다른 품목에 비해 상대적으로 많은 관리 작업(가지치기, 수형관리 등)이 소요되고 있다. \n  또한 시설재배의 경우 집약적인 형태를 보이기 때문에 높은 소득을 나타내지만, 초기 영농시설 구비에 비용이 많이 소요되고 영농시설 상각비 등 중간비용 지출이 크기 때문에 경영비가 높게 나타났다.\n \n 관련자료는 산림청 누리집(http://www.forest.go.kr) → 행정정보 → 통계 자료실에서 받아 볼 수 있다.\n",
		"passage_Cnt": 743
	},
	"Annotation": {
		"summary1": "임산물 소득 조사는 매년 표본조사 및 방문조사 형태로 실시하고 있으며 조사품목은 임업경영계획 수립에 필요한 조사를 통해 임가 소득증대를 위한 기초자료로 활용된다.",
		"summary2": "임산물 소득 조사는 2014년부터 매년 표본조사 및 방문조사 형태로 실시 하고 있다. 조사품목은 산채류 등의 임업경영계획 수립에 필요한 정보 조사를 통해 임가 소득증대를 위한 기초자료로 활용 된다.",
		"summary3": null,
		"summary_3_cnt": null
	}
}