{
	"Meta(Acqusition)": {
		"doc_id": "REPORT-briefing-20384",
		"doc_category": "REPORT",
		"doc_type": "briefing",
		"doc_name": "(210420) 5.3일(월)부터 새로운 개인대주제도가 시행됩니다.hwp",
		"author": null,
		"publisher": null,
		"publisher_year": null,
		"doc_origin": "공공누리포털"
	},
	"Meta(Refine)": {
		"passage_id": "REPORT-briefing-20384-00003",
		"passage": " 투자경험에 따라 차등화된 투자한도 내에서만 거래할 수 있습니다. \n   (1단계 : 신규투자자) 3천만원(2단계 : 거래횟수가 5회 이상이면서 누적차입규모가 5천만원 이상) 7천만원(3단계 : 2단계 투자자가 거래기간 2년 이상 경과 또는 전문투자자) 제한없음\n  투자한도는 최대한도로서 증권사별 리스크 관리 정책에 따라 한도보다 낮게 설정가능하며 투자경험은 각 증권사별로 합산하여 계산되지 않음\n 자본시장과 금융투자업에 관한 법률(이하 자본시장법) 에 따른 공매도 관련 규제사항은 개인투자자에게도 동일하게 적용됩니다.\n 유상증자 계획이 공시된 다음 날부터 발행가격이 결정되는 날까지 해당 주식을 공매도 한 경우 유상증자 참여가 제한됩니다.(→ 위반시 부당이득액의 1.5배 이하 과징금 부과)\n   거래소 수시공시, 증권신고서 공시, 투자설명서 공시 중 가장 빠른 날을 의미\n 공매도 거래에 따른 순보유잔고가 일정 수준 이상인 투자자는 금융위원회와 거래소에 그 내역을 보고해야 합니다.(→ 위반시 건당 3천만원 이하 과태료 부과)\n   순보유잔고가 상장주식수의 0.01% 이상이면서 평가액이 1억원 이상인 경우 또는 평가액이 10억원 이상인 경우\n 신용공여 한도규제가 증권사의 개인대주제도 참여를 저해하지 않도록 관련 규제를 개선하였습니다.\n 종전 ‘신용공여’ 한도규제는 ‘신용융자(증권담보융자 등 포함)’와 ‘신용대주’ 금액을 합산하여 증권사 자기자본의 100% 이내로 제한하고 있었습니다(자본시장법 제72조, 금융투자업규정 제423조).\n",
		"passage_Cnt": 752
	},
	"Annotation": {
		"summary1": "자본시장법에 따른 공매도 관련 규제사항은 개인투자자에게도 동일 적용되며 공매도 거래에 따른 순보유잔고가 일정 수준 이상인 투자자는 금융위원회, 거래소에 그 내역을 보고해야 한다.",
		"summary2": "자본시장과 금융투자업에 관한 법률(이하 자본시장법) 에 따른 공매도 관련 규제사항은 개인투자자에게도 동일하게 적용됩니다. 공매도 거래에 따른 순보유잔고가 일정 수준 이상인 투자자는 금융위원회와 거래소에 그 내역을 보고해야 합니다.",
		"summary3": null,
		"summary_3_cnt": null
	}
}