{
	"Meta(Acqusition)": {
		"doc_id": "REPORT-briefing-20153",
		"doc_category": "REPORT",
		"doc_type": "briefing",
		"doc_name": "(0721)(석간)_닛산_기아_비엠더블유_포르쉐_시정(리콜)_실시(자동차정책과).hwp",
		"author": null,
		"publisher": null,
		"publisher_year": null,
		"doc_origin": "공공누리포털"
	},
	"Meta(Refine)": {
		"passage_id": "REPORT-briefing-20153-00001",
		"passage": " 국토교통부(장관 노형욱)는 한국닛산, 기아, 비엠더블유코리아, 포르쉐코리아에서 수입 또는 제작판매한 총 15개 차종 48,939대에서 제작결함이 발견되어 시정조치(리콜)한다고 밝혔다. \n 첫째, 한국닛산에서 수입, 판매한 알티마 19,760대는 보닛걸쇠장치의 내식성 부족으로 장치가 고착되고, 이로 인해 보닛이 닫히지 않아 안전에 지장을 줄 가능성이 확인되어 시정조치(리콜)에 들어간다.\n 해당 차량은 7월 22일부터 한국닛산 공식 서비스센터에서 무상으로 수리(점검 후 부품 교체)를 받을 수 있다. \n 둘째, 기아에서 제작, 판매한 니로 EV 15,276대는 자기인증적합조사를 실시한 결과, 뒤 범퍼 모서리 충격(2.5km/h) 시 후퇴등이 정상 작동되지 않은 안전기준 위반 사항이 확인되어 우선 시정조치(리콜)을 진행하되 추후 시정률 등을 감안하여 과징금을 부과할 계획이다. \n 카니발 313대는 연료탱크 제조 불량으로 탱크 측면에 금(크랙)이 발생하고, 이로 인해 연료가 누유될 가능성이 확인되어 시정조치(리콜)에 들어간다.\n 해당 차량은 7월 22일부터 기아 공식 서비스센터에서 무상으로 수리(개선된 부품 교체, 점검 후 부품 교체)를 받을 수 있다. \n 셋째, 비엠더블유코리아에서 수입, 판매한 MINI Cooper D Five Door 등 6개 차종 12,147대(판매이전 포함)는 연료호스의 고정 불량으로 주변 부품과의 간섭이 발생하고, 이로 인해 호스가 손상되어 연료가 누유될 가능성이 확인되어 시정조치(리콜)에 들어간다.\n",
		"passage_Cnt": 750
	},
	"Annotation": {
		"summary1": "국토교통부는 한국닛산에서 수입, 판매한 차가 보닛 걸쇠 장치의 내식성 부족으로 장치가 고착되고 안전에 지장을 줄 수 있어 시정 조치에 들어간다고 밝혔다.",
		"summary2": "국토교통부(장관 노형욱)는 한국닛산, 기아, 비엠더블유코리아, 포르쉐코리아에서 수입 또는 제작판매한 총 15개 차종 48,939대에서 제작결함이 발견되어 시정조치(리콜)한다고 밝혔다. 첫째, 한국닛산에서 수입, 판매한 알티마 19,760대는 보닛걸쇠장치의 내식성 부족으로 장치가 고착되고, 이로 인해 보닛이 닫히지 않아 안전에 지장을 줄 가능성이 확인되어 시정조치(리콜)에 들어간다.",
		"summary3": null,
		"summary_3_cnt": null
	}
}