{
	"Meta(Acqusition)": {
		"doc_id": "REPORT-briefing-20457",
		"doc_category": "REPORT",
		"doc_type": "briefing",
		"doc_name": "(210506) “내부정보 이용 투기신고 가장 많아”...엄중 조치 (최종).hwp",
		"author": null,
		"publisher": null,
		"publisher_year": null,
		"doc_origin": "공공누리포털"
	},
	"Meta(Refine)": {
		"passage_id": "REPORT-briefing-20457-00001",
		"passage": "  \n 국민권익위원회(위원장 전현희, 이하 국민권익위)가 지난 3월 4일부터 공직자 직무 관련 투기행위 집중신고 기간을 운영한 결과, 내부정보를 이용한 투기행위 신고가 가장 많이 접수된 것으로 나타났다.\n 4월 30일까지 국민권익위에 총 55건이 접수되었고 이중 정부합동특별수사본부 이첩송부 9건, 대검찰청 송부 1건, 조사 진행 31건 등이다. \n  신고 유형을 살펴보면 내부정보를 이용한 투기 35건, 제3자 특혜 제공 6건, 농지법 위반 2건, 기타 4건 등으로 나타났다.\n  신고가 접수된 피신고자의 유형은 국회의원, 지방자치단체장, 지방의회 의원, 공무원, LH 직원, SH 직원 등 다양하게 나타났다.\n 주요 신고사건은 ▴연고가 없는 지역에 13억 원 상당의 농지를 취득한 의혹 ▴지역 산업단지 조성 정보를 이용해 토지를 매입한 의혹 ▴소관 상임위에서 얻은 내부정보를 이용해 가족이나 지인들에게 부동산을 매수하게 한 의혹 ▴미공개 정보를 이용해 도시계획 시설 부지를 지분 쪼개기 형태로 공동 매입한 의혹 ▴내부정보를 이용해 가족명의로 법인을 설립해 개발예정지역의 빌라 등 부동산을 집중 매수한 의혹 등이 있었다.\n  한편, 공직자가 내부 정보를 이용하여 재물과 재산상 이익을 취득한 경우 부패방지권익위법 제86조에 따라 7년 이하의 징역과 7천만 원 이하의 벌금에 처할 수 있으며, 취득한 재물 또는 재산상 이익은 몰수 또는 추징도 가능하다.\n 국민권익위의 공직자 투기행위 집중신고 기간은 오는 6월말까지 이며, 신고는 국민권익위 종합민원상담센터(세종)나 정부합동민원센터(서울) 방문우편, 청렴포털_부패공익신고(www.clean.go.kr)에 하면 된다. 또 전국 어디서나 국번 없이 ☎1398 또는 ☎110으로 상담할 수 있다.\n",
		"passage_Cnt": 863
	},
	"Annotation": {
		"summary1": "국민권익위에 접수된 55건의 공직자 직무 관련 투기행위 신고 중 내부정보를 이용한 투기행위 신고가 가장 많이 접수되었다.",
		"summary2": "국민권익위원회(위원장 전현희, 이하 국민권익위)가 지난 3월 4일부터 공직자 직무 관련 투기행위 집중신고 기간을 운영한 결과, 내부정보를 이용한 투기행위 신고가 가장 많이 접수된 것으로 나타났다. 4월 30일까지 국민권익위에 총 55건이 접수되었고 이중 정부합동특별수사본부 이첩송부 9건, 대검찰청 송부 1건, 조사 진행 31건 등이다.",
		"summary3": null,
		"summary_3_cnt": null
	}
}