{
	"Meta(Acqusition)": {
		"doc_id": "REPORT-briefing-20495",
		"doc_category": "REPORT",
		"doc_type": "briefing",
		"doc_name": "(210513)보도자료_과학적 접근으로 국립새만금수목원 조성을 꿈꾼다!.hwp",
		"author": null,
		"publisher": null,
		"publisher_year": null,
		"doc_origin": "공공누리포털"
	},
	"Meta(Refine)": {
		"passage_id": "REPORT-briefing-20495-00001",
		"passage": " 산림청(청장 최병암)은 국립새만금수목원 조성 예정지에서 5월 13일 올해에 조성한 ‘간척지 토양 개량 효과 검증’을 위한 시험구에 한국수목원관리원(이사장 류광수)과 함께 푸조나무, 후박나무 등 7종 1,260본을 심고 토양과 식물의 변화를 관찰, 점검한다.\n  시험구 : 어떤 사물의 성질이나 기능을 실지로 시험해 증거로 사용하기 위해 일정하게 만들어 놓은 사례구\n 산림청은 국립새만금수목원을 환경친화적으로 조성하기 위해 2019년부터 ‘새만금수목원 예정지 생육 적응성 및 생육 기반 연구’ 사업을 한국수목원관리원과 진행하고 있다. \n 2019년 새만금수목원 예정부지에 시험구를 설치하고 해당화 등 30종 1,370본을 심은 후 현재까지 관찰한 결과, 간척지 토양에서 식물생육의 가능성을 확인하였다. \n 올해에는 그동안의 결과를 기초로 간척지 토양에서 식물이 잘 자랄 수 있는 환경을 조성하기 위해 ‘간척지 토양개량 효과’를 검증하는 시험구(5×10×1m, 배수층 0.3m)를 새롭게 조성하였다. 이 시험구는 염분농도(0.05 이상, 0.05 이하)와 자체 조합한 유기물 개량제 비율(0%×3, 2.5%×3, 5%×3)에 따라 3반복한 18개 시험구로 되어 있다.\n 한 시험구에 녹나무, 후박나무, 푸조나무, 팽나무, 돈나무, 다정큼나무, 멀구슬나무 7종 10본을, 전체 18시험구에 1,260본을 심고 토양의 물리화학성과 식물 생육 변화를 관찰한다. \n 이번에 심은 나무는 산림청과 한국수목원관리원이 지난 2년간 수집한 종자를 증식한 1～2년생 개체들이다. \n",
		"passage_Cnt": 763
	},
	"Annotation": {
		"summary1": "산림청은 새만금수목원 예정지 생육 적응성 및 생육 기반 연구 사업을 진행하며 간척지 토양에서 식물생육의 가능성을 확인했다.",
		"summary2": "산림청은 국립새만금수목원을 환경친화적으로 조성하기 위해 2019년부터 ‘새만금수목원 예정지 생육 적응성 및 생육 기반 연구’ 사업을 한국수목원관리원과 진행하고 있다. 2019년 새만금수목원 예정부지에 시험구를 설치하고 해당화 등 30종 1,370본을 심은 후 현재까지 관찰한 결과, 간척지 토양에서 식물생육의 가능성을 확인하였다.",
		"summary3": null,
		"summary_3_cnt": null
	}
}