{
	"Meta(Acqusition)": {
		"doc_id": "REPORT-briefing-20583",
		"doc_category": "REPORT",
		"doc_type": "briefing",
		"doc_name": "(210531) 국민권익위, “민원 빅데이터 속에서 찾은 국민 불편 사례 89.8 실제 개선으로 이어져”(최종).hwp",
		"author": null,
		"publisher": null,
		"publisher_year": null,
		"doc_origin": "공공누리포털"
	},
	"Meta(Refine)": {
		"passage_id": "REPORT-briefing-20583-00001",
		"passage": "               \n 국민권익위원회(위원장 전현희, 이하 국민권익위)는 2020년 11월 ~ 2021년 2월까지 3개월 동안 민원분석시스템을 통해 수집된 민원 빅데이터 중 국민 불편을 유발하는 사례 49건을 발굴해 관계기관에 제공했고, 이 중 44건이 제도개선 등 정책에 반영됐다.\n 국민권익위는 국민의 일상생활 속 불편을 개선하기 위해 국민신문고 및 지자체 민원창구 등을 통해 연간 천만 건 이상 수집되는 방대한 양의 민원 빅데이터를 활용하고 있다.\n  국민권익위가 매주 불편사항을 발굴해 통보하면 관계기관은 법규정 및 서비스 개선, 홍보조사 등 다양한 방법으로 이를 개선하고 있으며, 이번에 제도개선으로 활용된 비율은 89.8%로 여느 때 보다 많았다.\n 주요 개선 사례로 고등학교 자퇴생이 생활기록부를 발급받는 경우 인터넷 신청이 가능한 재학생졸업생과는 달리 직접 출신 학교나 행정복지센터를 방문해 팩스로 신청해야 하는 불편을 찾아 교육부에 개선을 권고했다.\n  교육부는 이를 적극적으로 검토하여 이용자 편리성 향상을 위해 2021년 5월부터 교육행정정보시스템(www.neis.go.kr)을 통해 초중고 학업중단학생(자퇴제적유예 등)의 생활기록부 온라인발급 서비스를 개시했다.\n 또한 코로나19 상황에도 불구하고 선착순 현장방문으로 운영하고 있는 운전면허 학과시험 접수방식을 개선하도록 도로교통공단에 제공했고, 도로교통공단은 PC나 핸드폰으로 예약할 수 있는 ‘운전면허 학과시험 인터넷 예약시스템’을 구축시행해 응시자의 방역 우려와 불편함을 해소했다.\n",
		"passage_Cnt": 765
	},
	"Annotation": {
		"summary1": "국민권익위가 민원 빅데이터를 활용해서 수집한 불편 유발 사례 44건이 정책에 반영됐다.",
		"summary2": "국민권익위는 국민의 일상생활 속 불편을 개선하기 위해 국민신문고 및 지자체 민원창구 등을 통해 연간 천만 건 이상 수집되는 방대한 양의 민원 빅데이터를 활용하고 있다. 국민권익위원회(위원장 전현희, 이하 국민권익위)는 2020년 11월 ~ 2021년 2월까지 3개월 동안 민원분석시스템을 통해 수집된 민원 빅데이터 중 국민 불편을 유발하는 사례 49건을 발굴해 관계기관에 제공했고, 이 중 44건이 제도개선 등 정책에 반영됐다.",
		"summary3": null,
		"summary_3_cnt": null
	}
}