{
	"Meta(Acqusition)": {
		"doc_id": "REPORT-briefing-20576",
		"doc_category": "REPORT",
		"doc_type": "briefing",
		"doc_name": "(210529)보도자료_2021 서울 녹색미래 정상회의, 숲이 녹색미래다!.hwp",
		"author": null,
		"publisher": null,
		"publisher_year": null,
		"doc_origin": "공공누리포털"
	},
	"Meta(Refine)": {
		"passage_id": "REPORT-briefing-20576-00001",
		"passage": " 산림청(청장 최병암)은 2021 서울 녹색미래 정상회의(P4G 정상회의)의 녹색미래주간 계기로 5월 28일(금) 22시에 ‘전세계 탄소중립과 평화를 위한 산림’이라는 주제로 산림특별세션을 개최하였다. \n  Partnering for Green Growth and Global Goals 2030(녹색성장 및 글로벌 목표 2030을 위한 연대)\n 피포지(P4G)는 정부기관과 더불어 민간부분인 기업시민사회 등이 협력자로 참여하는 21세기 융합형 조직으로서 기후변화 대응과 지속가능한 발전목표를 달성하려는 전지구적 협의체다.\n 피포지(P4G)는 지난 2017년 출범하여 2018년 덴마크에서 제1차 정상회의가 개최된 바 있다. 제2차 정상회의는 당초 작년에 개최될 예정이었으나, 코로나19로 인해 올해 5월 30, 31일 양일간 서울에서 열리게 되었다.\n 이번 2021 서울 녹색미래 정상회의에는 5개의 기본세션, 피포지(P4G) 정상회의 2일차 (5.31, 월)와 10개의 특별세션, 피포지(P4G) 녹색미래주간(5.24, 월∼ 29, 토) 등 일반세션이 함께 개최되어, 기후환경 문제와 관련된 분야에 대한 다양한 논의가 이루어 진다.\n \n 산림청이 주관하는 산림특별세션은 기후위기에 대응하기 위한 2050년 탄소중립 달성에 있어 탄소흡수원으로서의 산림의 역할, 그리고 평화 증진을 위한 산림의 역할을 다양한 시각에서 조명한다.\n 이번 산림특별세션 기조연설에는 산림청장, 유엔식량농업기구(FAO)유엔사막화방지협약(UNCCD) 사무총장, ‘1조그루 나무심기’ 법안을 제안한 크리스 쿤스(Chris Coons) 미국 상원의원 등이 참여하였으며, 기후위기 대응을 위한 산림의 역할에 대해 논하였다. \n",
		"passage_Cnt": 837
	},
	"Annotation": {
		"summary1": "전 세계 탄소중립과 평화를 위한 산림을 주제로 개최한 산림특별세션에서는 탄소흡수원으로서의 산림의 역할 등을 다양한 시각에서 조명하고 기후 위기 대응을 위한 산림의 역할을 논한다.",
		"summary2": "산림청(청장 최병암)은 2021 서울 녹색미래 정상회의(P4G 정상회의)의 녹색미래주간 계기로 5월 28일(금) 22시에 ‘전세계 탄소중립과 평화를 위한 산림’이라는 주제로 산림특별세션을 개최하였다. 산림청이 주관하는 산림특별세션은 기후위기에 대응하기 위한 2050년 탄소중립 달성에 있어 탄소흡수원으로서의 산림의 역할, 그리고 평화 증진을 위한 산림의 역할을 다양한 시각에서 조명한다. 이번 산림특별세션 기조연설에는 산림청장, 유엔식량농업기구(FAO)유엔사막화방지협약(UNCCD) 사무총장, ‘1조그루 나무심기’ 법안을 제안한 크리스 쿤스(Chris Coons) 미국 상원의원 등이 참여하였으며, 기후위기 대응을 위한 산림의 역할에 대해 논하였다.",
		"summary3": null,
		"summary_3_cnt": null
	}
}