{
	"Meta(Acqusition)": {
		"doc_id": "REPORT-briefing-20427",
		"doc_category": "REPORT",
		"doc_type": "briefing",
		"doc_name": "(210429)보도자료_산림부문 탄소중립 전략, 숲의 다양한 가치를 고려해 수립 예정(브리핑).hwp",
		"author": null,
		"publisher": null,
		"publisher_year": null,
		"doc_origin": "공공누리포털"
	},
	"Meta(Refine)": {
		"passage_id": "REPORT-briefing-20427-00001",
		"passage": " 산림청(청장 최병암)은 지난 1월 20일 30년간 30억 그루 나무심기 등을 통해 2050년 탄소중립에 3,400만tCO2 기여를 목표로 ‘2050 산림부문 탄소중립 추진전략(안)’을 발표하였고, 올해 9월까지 전략을 확정할 계획이다.\n  전략(안)은 영급구조 개선, 도시ㆍ섬 지역 조림 확대, 산림바이오매스 산업 육성, 산림보호지역 관리 선진화 등 12대 핵심과제를 제시하였으며, 산림이용과 보전의 조화를 통한 탄소중립 달성을 목표로 한다. \n 한편, 전략(안) 발표 이후 최근 주요 환경단체와 생태전문가를 중심으로 산림청이 산림을 탄소흡수를 위한 수단으로만 바라볼 뿐, 생물다양성 증진 등 산림의 다양한 공익기능은 고려하지 않는다는 비판이 제기되고 있다.\n 이에 산림청은 4월 29일, ‘2050 산림부문 탄소중립 추진전략(안)’에 제기되어 온 비판과 우려에 대한 입장과 앞으로의 계획을 설명하였다.\n 모든 산림의 30년생 이상 나무가 베어질 것이라는 우려에 대해\n  산림청은 백두대간, 산림유전자원보호구역, 국립공원 등 보전가치가 높은 산림은 생물다양성 보전을 최우선 가치로 하여 보호할 계획이며, 동 전략(안)에 제시된 나무를 수확하고 심는 정책은 전체 산림의 3분의 1에 해당하는 경제림에서 집중 추진할 계획이다.\n  30억 그루 나무심기를 위해 과도한 벌채가 수반될 것이라는 우려와 달리 도시숲과 산림복원 등에 1억 그루, 북한 황폐지에 3억 그루를 심고 나머지 26억 그루는 국내 산림 중 경제림과 산림 피해지에 식재할 계획이다.\n",
		"passage_Cnt": 753
	},
	"Annotation": {
		"summary1": "산림청은 2025 산림부분 탄소중립 추진전략을 발표했고 산림이용과 보전의 조화를 통한 탄소중립 달성을 목표로하며 전략을 확정할 계획이다.",
		"summary2": "산림청(청장 최병암)은 지난 1월 20일 30년간 30억 그루 나무심기 등을 통해 2050년 탄소중립에 3,400만tCO2 기여를 목표로 ‘2050 산림부문 탄소중립 추진전략(안)’을 발표하였고, 올해 9월까지 전략을 확정할 계획이다. 전략(안)은 영급구조 개선, 도시ㆍ섬 지역 조림 확대, 산림바이오매스 산업 육성, 산림보호지역 관리 선진화 등 12대 핵심과제를 제시하였으며, 산림이용과 보전의 조화를 통한 탄소중립 달성을 목표로 한다.",
		"summary3": null,
		"summary_3_cnt": null
	}
}