{
	"Meta(Acqusition)": {
		"doc_id": "REPORT-briefing-20421",
		"doc_category": "REPORT",
		"doc_type": "briefing",
		"doc_name": "(210428)보도자료_국산 활엽수 공급 개선, 소규모 목재공방 재료비 부담 완화.hwp",
		"author": null,
		"publisher": null,
		"publisher_year": null,
		"doc_origin": "공공누리포털"
	},
	"Meta(Refine)": {
		"passage_id": "REPORT-briefing-20421-00001",
		"passage": " 산림청(청장 최병암)은 국유림 산림사업에서 생산된 통나무(원목) 중 목재공예용으로 이용하기 위해 모은 활엽수 16톤(15.93㎥)을 한국자산관리공사 전자자산처분시스템(온비드)에서 공개 매각한다고 28일 밝혔다.\n  한국자산관리공사 전자자산처분시스템(온비드) : https:/www.onbid.co.kr\n o 매각수량(8종, 15.94㎥) : 느릅나무 1.44㎥(30본), 뽕나무 1.10㎥(23본), 산벚나무 3.80㎥(64본), 서어나무 2.04㎥(38본), 가죽나무 0.47㎥(8본), 고욤나무 2.01㎥(33본), 밤나무 2.01㎥(36본), 아까시나무 3.07㎥(67본)\n 이번 공개 매각하는 활엽수는 서부청 목재저장센터(전북 남원)에 보관되어 있으며, 인근 남원산림조합 목재집하장에서 공개 매각과 별도로 활엽수 통나무와 제재목을 1본 단위 소량으로 구매할 수 있다.\n o 남원산림조합 목재집하장에 일정금액을 지급하면 온비드에서 구매한 통나무를 건조, 제재할 수 있다.\n  건조가공 문의(남원산림조합 목재집하장) : 0636312014, 0636322040\n 이번 공개매각은 산지(産地) 목재유통체계 개선사업의 하나로 코로나19 확산으로 어려운 목재공방의 재료비 부담을 낮추기 위해 국산목재 유통구조를 개선하여 가격을 낮추었으며, 목재가공업체와 협력을 확대한다.\n o 앞으로 서부청 목재저장센터에 모인 목재공예용 활엽수 통나무를 매달 온비드에서 공개 매각하고, 민간 목재가공업체와 산림조합 목재집하장의 협력체계를 강화할 계획이다. \n",
		"passage_Cnt": 751
	},
	"Annotation": {
		"summary1": "한국자산관리공사 온비드에서 공개 매각되는 활엽수는 서부청 목재저장센터에 보관되어 있으며 이번 공개매각은 목재유통체계 개선사업의 하나이다.",
		"summary2": "산림청(청장 최병암)은 국유림 산림사업에서 생산된 통나무(원목) 중 목재공예용으로 이용하기 위해 모은 활엽수 16톤(15.93㎥)을 한국자산관리공사 전자자산처분시스템(온비드)에서 공개 매각한다고 28일 밝혔다. 이번 공개 매각하는 활엽수는 서부청 목재저장센터(전북 남원)에 보관되어 있으며, 인근 남원산림조합 목재집하장에서 공개 매각과 별도로 활엽수 통나무와 제재목을 1본 단위 소량으로 구매할 수 있다. 이번 공개매각은 산지(産地) 목재유통체계 개선사업의 하나로 코로나19 확산으로 어려운 목재공방의 재료비 부담을 낮추기 위해 국산목재 유통구조를 개선하여 가격을 낮추었으며, 목재가공업체와 협력을 확대한다.",
		"summary3": null,
		"summary_3_cnt": null
	}
}