{
	"Meta(Acqusition)": {
		"doc_id": "REPORT-briefing-20429",
		"doc_category": "REPORT",
		"doc_type": "briefing",
		"doc_name": "(210429)보도자료_산림부문 탄소중립 전략, 숲의 다양한 가치를 고려해 수립 예정(브리핑).hwp",
		"author": null,
		"publisher": null,
		"publisher_year": null,
		"doc_origin": "공공누리포털"
	},
	"Meta(Refine)": {
		"passage_id": "REPORT-briefing-20429-00003",
		"passage": "  한편, 목조건축 확대를 위하여 국내 목조건축 높이와 규모 제한을 폐지하는 등 관련 제도를 개선해오고 있으며, 향후 공공부문부터 목재 이용을 의무화하고, 목재친화도시 조성, 어린이 이용시설 목조화 등을 통해 국민의 목재에 대한 친근감을 높여나갈 계획이다.\n 산림바이오매스는 친환경에너지가 아니라는 지적에 대해\n  산림바이오매스는 과학적인 근거에 기반하여 국제적으로 인정받은 화석연료 대체재로서 향후 우리나라 탄소중립 목표 달성을 위하여 중요하게 활용될 수 있는 자연자원이다.\n  나무는 한 번 베어내면 탄소배출로 계상되어 연료로 사용하더라도 온실가스 배출원으로 중복 계상되지 않아 산림바이오매스는 기후변화에 관한 정부간 협의체(IPCC)로부터 탄소중립연료로 인정받은 바 있다.\n  미이용 바이오매스 운송 과정에서 온실가스를 배출하는 것은 사실이나 수입산 팰릿을 국내산으로 대체하면 탄소발자국을 줄일 수 있으며, 미이용 바이오매스 수집은 산불 확산 등 산림재해 예방 또한 가능하다.\n 산림청이 해외에서도 산림사업으로 숲을 해친다는 비판에 대해\n  산림청이 추진 중인 개도국 온실가스 감축사업(REDD+)은 산림이 다른 용도로 전용되거나 훼손되는 것을 방지하는 활동으로, 산림을 보호하기 위한 다양한 지원이 이루어지고 있다.\n   산림보호를 위한 감시활동, 야생동물 포획금지, 지역주민 소득창출 지원 등\n  따라서, 환경단체에서 지적한 바와 같이 개도국 온실가스 감축사업(REDD+)이 개도국의 산림을 해친다는 지적은 사실과 다르며, 산림보전을 중심으로 수원국의 자연환경과 생태계 건강성을 고려하여 개도국 온실가스 감축사업(REDD+)을 추진해 나갈 계획이다.\n",
		"passage_Cnt": 817
	},
	"Annotation": {
		"summary1": "산림바이오매스는 화석연료 대체재로서 우리나라 탄소중립 목표 달성을 위해 중요하게 활용될 수 있는 자연자원으로 IPCC로부터 탄소중립연료로 인정받은 바 있다.",
		"summary2": "나무는 한 번 베어내면 탄소배출로 계상되어 연료로 사용하더라도 온실가스 배출원으로 중복 계상되지 않아 산림바이오매스는 기후변화에 관한 정부간 협의체(IPCC)로부터 탄소중립연료로 인정받은 바 있다. 산림바이오매스는 과학적인 근거에 기반하여 국제적으로 인정받은 화석연료 대체재로서 향후 우리나라 탄소중립 목표 달성을 위하여 중요하게 활용될 수 있는 자연자원이다.",
		"summary3": null,
		"summary_3_cnt": null
	}
}