{
	"Meta(Acqusition)": {
		"doc_id": "REPORT-briefing-20298",
		"doc_category": "REPORT",
		"doc_type": "briefing",
		"doc_name": "(21-475)대한민국, 유엔무역개발회의(UNCTAD) 선진국 그룹 진출.hwp",
		"author": null,
		"publisher": null,
		"publisher_year": null,
		"doc_origin": "공공누리포털"
	},
	"Meta(Refine)": {
		"passage_id": "REPORT-briefing-20298-00002",
		"passage": "  UN 총회 결의(1964년)에 따라 UNCTAD 회원국을 그룹 A(아시아아프리카 99개), B(선진국 31개), C(중남미 33개), D(러시아, 동구권 25개)로 구분 (7.2 변경전)\n   UNCTAD는 개도국의 산업화와 국제무역 참여 증진을 지원하기 위해 1964년 설립\n 금번 선진국 그룹 진출을 위하여, 외교부는 주제네바대표부와 관계부처들과 협업을 진행해 왔으며, 제네바에서 UNCTAD 회원국들 및 사무국과도 긴밀히 사전 조율을 추진해 왔다.\n o 이번 무역개발이사회에서 우리의 선진국 지위 변경이 가결된 후에, 우리측 수석대표로 참석한 이태호 주제네바대사는 우리의 지위변경에 만장일치로 합의한 UNCTAD 회원국들에게 감사를 표하고, 우리나라는 ‘무역은 경제발전의 중요한 수단’이라고 명시한 UNCTAD 설립문서의 비전을 몸소 보여주는 성공적인 사례이며, 앞으로 한국이 주요 공여국으로서 선진국 그룹 B 이동을 통해 UNCTAD 내에서 더욱 적극적으로 가교 역할을 해나갈 것이라고 발언하였다.\n  o 그룹 A의 아태지역 조정국인 파키스탄 주제네바 대사는 한국이 UNCTAD내 다양한 그룹 사이에서 가교(bridge builder)로서 역할을 해주기를 희망하였고, 그룹 B에서 함께 활동하게 된 EU는 한국의 선진국 그룹 B로 이동을 각별히 환영하였다.\n 우리 정부는 앞으로 UNCTAD를 비롯한 국제무대에서 우리에게 요구하는 책임과 역할에 부합하도록, 선진국과 개도국간 가교로서의 역할과 기여를 더욱 확대해 나갈 예정이다. \n",
		"passage_Cnt": 751
	},
	"Annotation": {
		"summary1": "외교부는 제네바에서 UNCTAD 회원국들과 사전 조율을 추진해왔으며 우리 정부는 UNCTAD를 비롯한 국제무대에서 선진국과 개도국 간 가교로서의 역할을 확대할 것이다.",
		"summary2": "우리 정부는 앞으로 UNCTAD를 비롯한 국제무대에서 우리에게 요구하는 책임과 역할에 부합하도록, 선진국과 개도국간 가교로서의 역할과 기여를 더욱 확대해 나갈 예정이다. 금번 선진국 그룹 진출을 위하여, 외교부는 주제네바대표부와 관계부처들과 협업을 진행해 왔으며, 제네바에서 UNCTAD 회원국들 및 사무국과도 긴밀히 사전 조율을 추진해 왔다.",
		"summary3": null,
		"summary_3_cnt": null
	}
}