{
	"Meta(Acqusition)": {
		"doc_id": "REPORT-briefing-20383",
		"doc_category": "REPORT",
		"doc_type": "briefing",
		"doc_name": "(210420) 5.3일(월)부터 새로운 개인대주제도가 시행됩니다.hwp",
		"author": null,
		"publisher": null,
		"publisher_year": null,
		"doc_origin": "공공누리포털"
	},
	"Meta(Refine)": {
		"passage_id": "REPORT-briefing-20383-00002",
		"passage": "  대여가능 종목 및 수량은 증권금융의 주식대여 풀 구성에 따라 일일변동 가능\n 대주제도를 이용하는 개인투자자는 기관외국인과는 달리 최장 60일의 차입기간을 보장받게 됩니다(차입자의 조기상환은 허용).\n   차입기간 내 대여자의 주식반환 요구시, 증권금융이 보유하고 있는 주식풀 내 주식 등으로 반환하여 만기를 보장하는 방식(기관 간 대차의 경우 주식반환 요구 즉시 반환의무)\n  금전차입(신용융자)과 마찬가지로 주식차입(신용대주) 시에도 증권사별로 자체 설정한 수수료를 납부해야 합니다. \n 공매도는 주가상승시 원금(매도금액) 초과손실 가능성이 있어 위험성이 크기 때문에 투자자 보호장치를 마련했습니다.\n 투자자는 개인대주 취급 증권사와 신용대주약정을 체결해야 합니다(기존 계좌가 없는 경우 신규 계좌개설 필요).\n  약정에서 정한 담보비율을 준수하지 못할 경우 반대매매로 인해 강제청산 될 수 있음을 유의하시기 바랍니다. \n 과거 공매도 투자경험이 없는 투자자는 사전교육(금투협회, 30분) 및 모의거래(한국거래소, 1시간)를 사전에 이수해야 합니다.\n   투자경험은 증권사별로 합산 및 공유되지 않으므로 교육 및 모의거래를 면제받고자 하는 경우 과거 공매도 거래를 한 증권사를 통해 거래를 해야함\n  사전교육과 모의거래는 공매도 재개 전인 4.20.(화)부터 미리 이수할 수 있습니다.\n  사전교육 : https://www.kifin.or.kr (‘21년말까지 한시적 무료로 운영 후 유료전환 예정)모의거래 : https://strn.krx.co.kr증권사에 이수결과 등록방법 : HTS, MTS 및 증권사별 홈페이지 안내사항 참고 \n",
		"passage_Cnt": 806
	},
	"Annotation": {
		"summary1": "공매도는 주가 상승 시 위험성이 크기 때문에 투자자 보호장치가 마련돼 있으며 공매도 투자 경험이 없는 투자자는 사전교육 및 모의거래를 사전에 이수해야 한다.",
		"summary2": "과거 공매도 투자경험이 없는 투자자는 사전교육(금투협회, 30분) 및 모의거래(한국거래소, 1시간)를 사전에 이수해야 합니다. 공매도는 주가상승시 원금(매도금액) 초과손실 가능성이 있어 위험성이 크기 때문에 투자자 보호장치를 마련했습니다.",
		"summary3": null,
		"summary_3_cnt": null
	}
}