{
	"Meta(Acqusition)": {
		"doc_id": "REPORT-briefing-20582",
		"doc_category": "REPORT",
		"doc_type": "briefing",
		"doc_name": "(210531) 국민권익위, “동명이인에게 20년 간 잘못 부과한 재산세 환급해야”(최종).hwp",
		"author": null,
		"publisher": null,
		"publisher_year": null,
		"doc_origin": "공공누리포털"
	},
	"Meta(Refine)": {
		"passage_id": "REPORT-briefing-20582-00001",
		"passage": " 국민권익위원회(위원장 전현희, 이하 국민권익위)는 납세의무가 없는 동명이인에게 20년간 재산세를 잘못 부과한 것은 ‘당연무효’에 해당하므로 재산세환급금 지급 시효가 지났더라도 납부한 재산세 전액을 환급해 줄 것을 권고했다. \n 국민권익위는 출범이후 지난 4년간 지방세 분야 고충민원 169건을 해결하고 이를 통해 약 48.9억 원 상당의 지방세 부과ㆍ징수 처분을 바로잡았다. 이 중 재산세가 약 16.7억 원(34.4%)으로 가장 많은 비율을 차지한다. \n  국민권익위는 국민들에게 도움이 될 수 있도록 매년 6월 1일을 기준으로 부과되는 재산세 납부시기에 맞춰 그간 있었던 재산세 관련 고충민원 해결사례를 소개하고자 한다.\n ㄱ씨는 1995년부터 지방자치단체가 부과한 토지 재산세를 성실히 납부해 왔다. 그러던 중 2016년에 재산세 납부고지서를 받지 못해 확인해 본 결과, 토지 소유자가 ㄱ씨와 동명이인인 제3자인 것으로 밝혀졌다.\n  지방세법상 재산세는 매년 6월 1일을 기준으로 재산을 소유한 사람에게 부과된다. 법령상 잘못 부과된 지방세를 환급받을 수 있는 권리는 행사할 수 있는 때부터 5년간 행사하지 아니하면 시효가 완성돼 소멸된다. \n  ㄱ씨는 그동안 납부한 재산세를 환급해 줄 것을 요구했으나 지방자치단체는 2012년부터 2015년까지 재산세 43만 원만을 환급하고 1995년부터 2011년까지 재산세 55만 원은 지방세환급금에 관한 시효가 완성됐다는 이유로 환급을 거부했다. \n",
		"passage_Cnt": 726
	},
	"Annotation": {
		"summary1": "국민권익위원회는 출범 이후 지방세 분야 고충민원 169건을 해결하고 재산세가 약 16.7억 원으로 가장 많은 비율을 차지한다. ",
		"summary2": "국민권익위는 출범이후 지난 4년간 지방세 분야 고충민원 169건을 해결하고 이를 통해 약 48.9억 원 상당의 지방세 부과ㆍ징수 처분을 바로잡았다. 이 중 재산세가 약 16.7억 원(34.4%)으로 가장 많은 비율을 차지한다.",
		"summary3": null,
		"summary_3_cnt": null
	}
}