{
	"Meta(Acqusition)": {
		"doc_id": "REPORT-briefing-20311",
		"doc_category": "REPORT",
		"doc_type": "briefing",
		"doc_name": "(210402) 국민권익위, “건축물대장에 소유자 잘못 기재됐다면 행정청이 직권으로 정정해야”(최종).hwp",
		"author": null,
		"publisher": null,
		"publisher_year": null,
		"doc_origin": "공공누리포털"
	},
	"Meta(Refine)": {
		"passage_id": "REPORT-briefing-20311-00001",
		"passage": "               \n 건축물대장상 실제 소유자와 같은데도 잘못 작성됐다면 소유권 보존 등기 전이라도 행정청이 이를 적극 검토해 직권으로 정정해야 한다는 판단이 나왔다.  \n  국민권익위원회(위원장 전현희, 이하 국민권익위)는 건축물대장상 소유자가 개인사업자의 ‘상호명’으로 잘못 기재됐으니 이를 개인 명의로 정정해 달라는 A씨의 고충민원에 대해 실제 소유자가 명백하다면 행정청이 직권으로 정정하도록 해당 지방자치단체(이하 지자체)에 권고했다.\n A씨의 고충민원을 접수한 국민권익위는 상호명은 사업자등록을 한 상호일 뿐이며 신청인과 동일한 주체라고 볼 수 있는 점 해당 지자체가 사용승인 시 건축관계자 변경 등을 통해 이를 바로 잡지 않은 점 등을 종합적으로 고려해, 해당 지자체가 건축물대장상 소유자를 개인 명의로 직권 정정함이 타당하다고 판단했다. \n  개인사업자인 A씨는 사업자등록을 한 후 ‘상호명’으로 건축주를 변경해 건축물 사용승인이 완료됐다. \n  이후 등기관서는 개인사업자의 상호명은 등기당사자 능력이 없고 등기신청의 주체가 될 수 없다는 이유로 소유권 보존등기 신청을 각하했다. \n  이에 A씨는 건축물대장상 개인 명의로 소유자 변경을 하려고 했으나 해당 지자체는 건축물대장 소유자 변경은 관련 규정에 따라 등기관서로부터 등기절차가 완료돼야 가능하다.라는 원론적인 답변만 들었다. \n 국민권익위는 지난해 건축물대장상 소유자가 잘못 작성돼 이를 정정해 달라는 민원이 빈발함에 따라 소관부처인 국토교통부와 협의해 건축인허가 시스템에 유의사항 알림 메시지 표출 등 소유자 표시 오류 예방 절차를 강화하도록 했다.\n",
		"passage_Cnt": 801
	},
	"Annotation": {
		"summary1": "국민권익위는 건축물대장상 소유자가 개인 명의이나 사업자로 잘못 기재됐으니 정정해달라는 고충민원에 대해 해당 지자체가 건축물대장상 소유자를 정정하는 게 타당하다고 판단했다.",
		"summary2": "국민권익위원회(위원장 전현희, 이하 국민권익위)는 건축물대장상 소유자가 개인사업자의 ‘상호명’으로 잘못 기재됐으니 이를 개인 명의로 정정해 달라는 A씨의 고충민원에 대해 실제 소유자가 명백하다면 행정청이 직권으로 정정하도록 해당 지방자치단체(이하 지자체)에 권고했다. A씨의 고충민원을 접수한 국민권익위는 상호명은 사업자등록을 한 상호일 뿐이며 신청인과 동일한 주체라고 볼 수 있는 점 해당 지자체가 사용승인 시 건축관계자 변경 등을 통해 이를 바로 잡지 않은 점 등을 종합적으로 고려해, 해당 지자체가 건축물대장상 소유자를 개인 명의로 직권 정정함이 타당하다고 판단했다.",
		"summary3": null,
		"summary_3_cnt": null
	}
}