{
	"Meta(Acqusition)": {
		"doc_id": "REPORT-briefing-20574",
		"doc_category": "REPORT",
		"doc_type": "briefing",
		"doc_name": "(210528)보도자료_숲에서의 일상 회복.... 국유림 명품숲 5개소 선정.hwp",
		"author": null,
		"publisher": null,
		"publisher_year": null,
		"doc_origin": "공공누리포털"
	},
	"Meta(Refine)": {
		"passage_id": "REPORT-briefing-20574-00001",
		"passage": " \n 산림청(청장 최병암)은 28일 숲의 경관과 생태적 가치가 우수하고 숲 여행하기에 좋은 ‘국유림 명품숲’ 5개소를 새로이 발표했다.\n  올해 선정된 곳은 경기도 양평군 양동면 ‘잣나무 숲’을 비롯해 강원도 평창군 대관령 ‘발왕산 생태 숲’ 경남도 창원시 진해구 ‘대장동 편백 숲’ 대전시 유성구 계산동 ‘리기테다소나무 우량 숲’  전남도 장성군 서삼면 ‘축령산 편백 숲’ 등 5개소이다.\n 양평 잣나무 숲은 생장이 우수한 잣나무가 경제림으로 육성되고 있는 큰 규모의 인공림 숲으로 산림자원의 가치가 뛰어나다.\n  평창 발왕산 생태 숲은 주목, 분비나무 등 고산의 희귀식물이 분포하여 산림유전자원보호림으로 관리 중이며, 능선에서 조망되는 자연경관이 아름다운 숲이다. \n  창원 대장동 편백 숲은 1978년도에 시험림으로 조림된 100여ha 규모의 큰 숲으로, 주변 계곡의 경관이 아름답고 도심의 생활권 근교에 위치하여 접근이 용이하다. \n  대전 리기테다소나무 우량 숲은 60년대 외국의 유망수종을 도입하여 국내에서 육성하기 위한 시험연구 숲으로, 생장이 우수한 리기테다소나무의 자원가치와 보전연구가치가 뛰어나다.\n  장성 축령산 편백 숲은 국내 최대의 편백삼나무 조림지로서 편백나무와 삼나무의 생육환경이 뛰어난 점을 인정받아 명품숲으로 선정됐다. 향후 다양한 산림사업을 통해 지역 관광자원과의 연계가 기대된다. \n 산림청은 이번에 선정된 명품숲을 체계적으로 경영관리해 지역의 산림관광 명소로 발굴하고 산촌경제 활성화를 위한 거점으로 육성할 계획이다.\n",
		"passage_Cnt": 758
	},
	"Annotation": {
		"summary1": "산림청이 새로 발표한 국유림 명품숲에 선정된 곳은 잣나무 숲을 비롯해 발왕산 생태 숲, 대장동 편백 숲 등 5개소이다.",
		"summary2": "산림청(청장 최병암)은 28일 숲의 경관과 생태적 가치가 우수하고 숲 여행하기에 좋은 ‘국유림 명품숲’ 5개소를 새로이 발표했다. 올해 선정된 곳은 경기도 양평군 양동면 ‘잣나무 숲’을 비롯해 강원도 평창군 대관령 ‘발왕산 생태 숲’ 경남도 창원시 진해구 ‘대장동 편백 숲’ 대전시 유성구 계산동 ‘리기테다소나무 우량 숲’ 전남도 장성군 서삼면 ‘축령산 편백 숲’ 등 5개소이다.",
		"summary3": null,
		"summary_3_cnt": null
	}
}