{
	"Meta(Acqusition)": {
		"doc_id": "REPORT-briefing-20127",
		"doc_category": "REPORT",
		"doc_type": "briefing",
		"doc_name": "(07.22) 26일 부터 김포_제주공항 출_도착 승객 대상 짐배송 서비스 시범운영(항공보안과).hwp",
		"author": null,
		"publisher": null,
		"publisher_year": null,
		"doc_origin": "공공누리포털"
	},
	"Meta(Refine)": {
		"passage_id": "REPORT-briefing-20127-00001",
		"passage": "김포공항에서 보낸 짐, 제주도 숙소에서 찾는다 \n 26일 부터 김포–제주공항 출도착 승객 대상 짐배송 서비스 시범운영 \n 올해 여름부터 김포공항을 출발하여 제주공항에 도착하는 승객은 공항에서 짐을 찾을 필요 없이 곧바로 빈손여행이 가능해진다. \n 국토교통부(장관 노형욱)와 한국공항공사(사장 손창완)는 6개 국적 항공사와 협업하여 새로운 방식의 ‘짐배송 서비스’를 시작한다고 밝혔다.\n 이번 사업은 7월 26일(월) 06시부터 김포공항을 출발하여 제주공항에 도착하는 승객을 대상으로 시작되며, 향후 고객 선호도 및 이용률 등을 고려하여 출발공항은 추가 지정할 수 있다.\n 짐배송 서비스는 공항공사 입찰결과에 따라 짐캐리(☎15448215)가 담당하고, 대한항공에어서울 등 6개 항공사가 참여하며, 원활한 시범사업 추진을 위한 관계기관(공항공사항공사짐배송업체) 간 업무협약 MOU(7.21)도 체결했다. \n  (참여 항공사) 대한항공, 아시아나항공, 에어서울, 진에어, 에어부산, 제주항공\n  \n 이에 따라, 해당 항공편을 이용하는 승객은 출발 전일 18시까지 짐배송업체 누리집(www.zimcarry.net 또는 검색포털에서 짐캐리, 에어패스 검색)를 통해 출발 항공편, 운항정보 및 배송지 등을 입력하고 예약하면 된다.\n  (이용 요금) 일반 캐리어 1.5만원, 골프백자전거 등 대형 수화물 2만원(현금 이체 또는 카드결제 가능)\n 아울러, 출발 당일 김포공항에 도착하면 수하물을 항공사에 맡기기 전 모바일로 수하물 사진을 찍고(정면측면 등 총 3장) 짐배송업체(짐캐리) 모바일 웹에 업로드 후 해당 항공사 체크인 카운터에 비치된 짐배송 스티커를 부착하여 수하물을 위탁하면 된다. \n",
		"passage_Cnt": 831
	},
	"Annotation": {
		"summary1": "국토교통부와 한국공항공사는 항공사와 협업하여 짐배송 서비스를 시작한다고 했으며 김포공항에서 출발해 제주공항에 도착하는 승객은 짐을 찾을 필요 없이 빈손 여행이 가능해진다.",
		"summary2": "올해 여름부터 김포공항을 출발하여 제주공항에 도착하는 승객은 공항에서 짐을 찾을 필요 없이 곧바로 빈손여행이 가능해진다. 국토교통부(장관 노형욱)와 한국공항공사(사장 손창완)는 6개 국적 항공사와 협업하여 새로운 방식의 ‘짐배송 서비스’를 시작한다고 밝혔다.",
		"summary3": null,
		"summary_3_cnt": null
	}
}