{
	"Meta(Acqusition)": {
		"doc_id": "REPORT-briefing-20172",
		"doc_category": "REPORT",
		"doc_type": "briefing",
		"doc_name": "(0723)_상반기_하늘길에는_하루_평균_1_197대_비행기_날았다(항공교통과).hwp",
		"author": null,
		"publisher": null,
		"publisher_year": null,
		"doc_origin": "공공누리포털"
	},
	"Meta(Refine)": {
		"passage_id": "REPORT-briefing-20172-00002",
		"passage": " 국제선 월간 교통량은 코로나19로 인해 줄어든 교통량이 3월 이후 소폭 상승 중이며, 국내선 월간 교통량의 경우는 2월부터 대폭 상승하여 코로나 이전 교통량을 회복한 것으로 나타났다.\n ‘21년 상반기, 국토교통부 관할 8개 공항 관제탑에서 처리한 교통량은 제주 7만 8천 대, 인천 7만 3천 대, 김포 7만 2천 대 순으로 집계되었다.\n< 주요공항 관제탑 항공 교통량 증감(전년 동기 대비) >\n 국내선 교통량 회복에 따라 제주공항 및 김포공항 관제탑의 하루 평균 교통량은 각각 429대 및 398대로 전년 동기 대비 18.6% 및 24% 증가하였다. \n< 주요공항 관제탑 항공 교통량 증감 추이 >\n                                 (단위: 대, %)\n 국토교통부 항공교통과 이랑 과장은 상반기 항공교통량은 코로나19 이전에 비해 큰 폭으로 감소한 수준이나, 국내선 위주로 회복하는 모습을 보였다면서, \n 특히 국내선 교통량은 코로나19 이전 수준을 상회하는 등 교통량이 급증하고 있어 지속 모니터링 할 것이라고 밝혔다.\n 아울러, 휴가철 및 여름 악기상(Severe weather, 惡氣像)에도 안전하고 효율적인 항공교통 서비스를 제공하도록 노력하겠다고 강조하였다. \n 연간 항공교통량 \n    (단위: 대)\n 반기별 항공교통량\n(단위: 대)\n 월별 교통량 \n(단위: 대)\n 국제선 및 국내선 항공교통량\n(단위: 대)\n 최근 국제선 및 국내선 항공교통량 추이\n",
		"passage_Cnt": 724
	},
	"Annotation": {
		"summary1": "국토교통부 항공교통과 이 과장은 국내선 교통량이 코로나19 이전 수준을 상회하는 등 급증하고 있어 모니터링할 것이며 휴가철에도 안전한 항공교통 서비스를 제공하겠다고 했다.",
		"summary2": "국토교통부 항공교통과 이랑 과장은 상반기 항공교통량은 코로나19 이전에 비해 큰 폭으로 감소한 수준이나, 국내선 위주로 회복하는 모습을 보였다면서, 특히 국내선 교통량은 코로나19 이전 수준을 상회하는 등 교통량이 급증하고 있어 지속 모니터링 할 것이라고 밝혔다. 아울러, 휴가철 및 여름 악기상(Severe weather, 惡氣像)에도 안전하고 효율적인 항공교통 서비스를 제공하도록 노력하겠다고 강조하였다.",
		"summary3": null,
		"summary_3_cnt": null
	}
}