{
	"Meta(Acqusition)": {
		"doc_id": "REPORT-briefing-20548",
		"doc_category": "REPORT",
		"doc_type": "briefing",
		"doc_name": "(210525) 점자블록 따라가면 네거리 한복판 시각장애인을 위한 점자블록이 오히려 안전을 위협 (최종).hwp",
		"author": null,
		"publisher": null,
		"publisher_year": null,
		"doc_origin": "공공누리포털"
	},
	"Meta(Refine)": {
		"passage_id": "REPORT-briefing-20548-00001",
		"passage": "               \n 국민권익위원회가 최근 3년간의 민원을 분석한 결과, 시각장애인에게 길을 안내하는 점자블록 위에 전봇대가 설치돼 있거나 점자블록이 횡단보도가 아닌 도로 중간으로 향해있는 등 점자블록이 시각장애인의 안전을 오히려 위협하는 경우가 많아 정비가 시급한 것으로 나타났다.\n  국민권익위원회(위원장 전현희, 이하 국민권익위)는 ‘장애인의 날(20일)’을 앞두고 2018년부터 2020년까지 민원분석시스템으로 수집된 ‘점자블록’ 관련 민원이 2,847건이라고 발표했다. 이는 그 이전 3년간(‘15.4월~’20.3월) 접수된 1,672건의 약 1.7배에 달하는 수치로, 무관심 속에 방치된 점자블록의 문제를 호소하는 목소리가 더 높아졌음을 보여준다.\n   국민권익위는 국민신문고 및 지자체 민원창구 등을 통해 접수된 민원 빅데이터를 체계적으로 수집하고 분석하는 범정부 민원분석시스템을 운영\n 유형별로 보면 ▴점자블록 파손훼손(1,257건) ▴불법주차 차량 및 다른 시설물이 점자블록을 침범(603건) ▴점자블록 미설치 지역에 신규 설치 요구(596건) ▴잘못 설치된 점자블록 재설치 요구(325건) 순으로 많은 민원이 제기됐다.\n 먼저, 국민들은 파손훼손된 점자블록이 그대로 방치돼 안전사고를 유발하는 것을 가장 우려했고, 실제로 사고를 목격한 사례도 있었다.\n  또 불법 주차된 차량이나 다른 시설물이 점자블록을 침범해 시각장애인의 통행을 방해하는 경우도 많았다. 점자블록 위에 노점을 설치하고 물건을 쌓아두거나 심지어 점자블록을 무시하고 버스정류장이나 전봇대가 설치된 사례도 있었다.\n",
		"passage_Cnt": 787
	},
	"Annotation": {
		"summary1": "국민권익위원회는 민원을 분석한 결과 점자블록이 시각장애인의 안전을 오히려 위협하는 경우가 많아 무관심 속에 방치된 점자블록의 문제를 호소하는 목소리가 높아졌음을 보여준다.",
		"summary2": "국민권익위원회가 최근 3년간의 민원을 분석한 결과, 시각장애인에게 길을 안내하는 점자블록 위에 전봇대가 설치돼 있거나 점자블록이 횡단보도가 아닌 도로 중간으로 향해있는 등 점자블록이 시각장애인의 안전을 오히려 위협하는 경우가 많아 정비가 시급한 것으로 나타났다. 이는 그 이전 3년간(‘15.4월~’20.3월) 접수된 1,672건의 약 1.7배에 달하는 수치로, 무관심 속에 방치된 점자블록의 문제를 호소하는 목소리가 더 높아졌음을 보여준다.",
		"summary3": null,
		"summary_3_cnt": null
	}
}