{
	"Meta(Acqusition)": {
		"doc_id": "REPORT-briefing-20581",
		"doc_category": "REPORT",
		"doc_type": "briefing",
		"doc_name": "(210530)보도자료_육군본부와 손잡고 기후변화 대응에 나선다.hwp",
		"author": null,
		"publisher": null,
		"publisher_year": null,
		"doc_origin": "공공누리포털"
	},
	"Meta(Refine)": {
		"passage_id": "REPORT-briefing-20581-00001",
		"passage": " 산림청(청장 최병암)은 기후변화로 인한 산사태 등 산림재해에 대한 예측력을 높이기 위하여 군부대 소유 임야 3개소에 산악기상관측시설을 설치할 계획이며 31일 증평에서 착공식을 개최한다.\n  군부대 내 시설은 육군본부와의 업무협약 체결(2021.4.14.)의 결과이다. 이날 착공식은 산림청육군본부 담당 과장과 시공업체 등 10여 명이 참석한 가운데 충북 증평군 증평읍 소재 군부대에서 실행한다.\n 산림청은 2012년부터 국민에게 과학적이고 정확한 산사태 예측정보를 제공하기 위해 2025년까지 산악기상관측기 640개를 설치를 목표로 산악기상관측망을 구축하여 왔다.\n  현재 363개소의 산악기상관측시설로 이루어진 산악기상관측망이 운영되고 있다. 측정된 정보는 산사태정보시스템과 연계되어 정확한 예측정보를 제공한다. 이를 통해 기후변화에 따른 집중호우가 발생할 경우 신속한 주민대피가 가능해진다.\n   산악기상관측망 : 산사태 등 산림재해에 영향을 주는 산악의 특수기상을 관측하는 장비\n  지금까지 산악기상관측망은 산림청 소유 임야에 집중적으로 설치하여 전국 임야에 고르게 시설되지 못하였다. 올해 육군본부와 업무협약 체결로 국방부 소유 임야에 설치함으로써, 일반 국민은 물론 군부대에도 보다 정확한 산사태 예측정보 제공이 가능해 졌다.\n 최근 기후변화 영향으로 각종 산림재해가 자주 발생하고 있다. 이에 산림청은 각종 산림재해로부터 인명과 재산피해를 줄이기 위해 정보통신기술(ICT)과 빅데이터를 적극 활용하여 재해 예측력을 높이고 있다.\n",
		"passage_Cnt": 751
	},
	"Annotation": {
		"summary1": "산림청은 군부대 소유 임야에 산악기상관측시설을 설치할 계획이며 충북 증편군 소재 군부대에서 착공식을 개최한다.",
		"summary2": "산림청(청장 최병암)은 기후변화로 인한 산사태 등 산림재해에 대한 예측력을 높이기 위하여 군부대 소유 임야 3개소에 산악기상관측시설을 설치할 계획이며 31일 증평에서 착공식을 개최한다. 이날 착공식은 산림청육군본부 담당 과장과 시공업체 등 10여 명이 참석한 가운데 충북 증평군 증평읍 소재 군부대에서 실행한다.",
		"summary3": null,
		"summary_3_cnt": null
	}
}