{
	"Meta(Acqusition)": {
		"doc_id": "REPORT-briefing-20213",
		"doc_category": "REPORT",
		"doc_type": "briefing",
		"doc_name": "(20조간)자동차과, 산업부, 자동차 부품기업의 미래차 전환 지원 박차.hwp",
		"author": null,
		"publisher": null,
		"publisher_year": null,
		"doc_origin": "공공누리포털"
	},
	"Meta(Refine)": {
		"passage_id": "REPORT-briefing-20213-00001",
		"passage": " 산업통상자원부(장관 : 문승욱)와 한국자동차연구원(원장 : 허남용)은 자동차 부품기업의 미래차 전환을 지원하기 위한 자동차 부품기업 혁신지원 사업을 5월 20일(목) 공고하였다.\n 올해 지원예산은 50억원으로 기업당 최대 7,000만원을 지원할 계획이며, 금번 1차 공고에 이어 7월에 2차 공고를 실시할 계획이다. (‘21년 90개사 내외 지원 예정)\n 올해에는 부품기업의 미래차 전환 대응단계에 따라 ‘준비단계’, ‘실행단계‘로 구분하고 차별화하여 지원할 계획이다.\n 사업재편을 모색 중인 ‘준비단계’ 기업에게는 완성차 기업에서 퇴직한 전문인력을 부품기업에 파견하여 사업 아이템 발굴 등 사업재편 전략 수립을 지원하고,\n 미래차로의 사업재편을 진행 중인 ‘실행단계’ 기업에게는 시제품 제작, 시험평가인증, 사업화 전략 컨설팅 등을 지원한다.\n 특히, 1차 협력사와 23차 협력사가 공동으로 신청할 경우 지원금액을 상향하고 선정평가시 가점을 부여하는 등 우대 지원할 계획이다. \n 이와 함께, 지난해 출범한 사업재편 지원단을 통해 미래차 전환에 필요한 기술ㆍ자금ㆍ시장개척 등을 후속 지원할 예정이다. \n  자동차연구원(총괄), KIAT‧KEIT(R&D 참여지원), 신보기보(금융지원), KOTRA(판로개척), 자동차부품산업진흥재단(컨설팅, 교육), 완성차기업(수요발굴 및 부품기업 연계)\n 또한, 한국자동차연구원의 지역분원(경기 시흥, 광주, 전남 영암, 대구, 창원)을 통해 지역 소재 부품기업들의 미래차 전환 수요를 발굴하여 밀착 지원해 나갈 계획이다.\n",
		"passage_Cnt": 762
	},
	"Annotation": {
		"summary1": "산업통상자원부와 한국자동차연구원은 자동차 기업의 미래차를 지원하기 위한 자동차 부품기업 사업을 공고했고 미래차 전환 대응 단계에 따라 준비단계, 실행단계로 지원할 계획이다.",
		"summary2": "산업통상자원부(장관 : 문승욱)와 한국자동차연구원(원장 : 허남용)은 자동차 부품기업의 미래차 전환을 지원하기 위한 자동차 부품기업 혁신지원 사업을 5월 20일(목) 공고하였다. 올해에는 부품기업의 미래차 전환 대응단계에 따라 ‘준비단계’, ‘실행단계‘로 구분하고 차별화하여 지원할 계획이다.",
		"summary3": null,
		"summary_3_cnt": null
	}
}