{
	"Meta(Acqusition)": {
		"doc_id": "REPORT-briefing-20382",
		"doc_category": "REPORT",
		"doc_type": "briefing",
		"doc_name": "(210420) 5.3일(월)부터 새로운 개인대주제도가 시행됩니다.hwp",
		"author": null,
		"publisher": null,
		"publisher_year": null,
		"doc_origin": "공공누리포털"
	},
	"Meta(Refine)": {
		"passage_id": "REPORT-briefing-20382-00001",
		"passage": "제 목 : 5.3일(월)부터 새로운 개인대주제도가 시행됩니다.\n4.20일(화)부터 사전교육과 모의거래시스템 운영 개시\n 그간 개인투자자는 주로 증권금융 및 개별 증권사에서 제공하는 대주(貸株) 제도를 통해 공매도 거래를 해왔습니다.\n 공매도 금지조치가 시행되기 전인 ‘20.2월말 기준 대주서비스를 제공하는 증권사는 6개사, 대주규모는 205억(393종목) 수준이었습니다.\n   NH투자, 키움, 신한금투, 대신, SK, 유안타\n 대여물량(공급) 부족 등으로 개인의 차입수요와 취급 증권사가 지속적으로 감소함에 따라 개인의 공매도 접근성이 낮았습니다.\n 금융위원회와 금융투자업계는 5.3일(월)부터 개인투자자의 공매도 접근성을 높인 새로운 개인대주제도를 시행합니다.\n 신용융자를 취급하는 28개 증권사가 모두 서비스를 제공하되, 각사별 전산개발 일정을 감안하여, 5.3일(월)에는 17개사가 먼저 서비스 제공을 개시합니다.\n  (5.3일) NH투자, 키움, 신한금투, 대신, SK, 유안타, 한국투자, 하나, KB, 삼성, 교보, 미래에셋, 케이프, BNK, 상상인, 한양, 부국(17개사)\n   (연내) 이베스트, 유진, 하이, 메리츠, KTB, IBK, DB, 한화, 현대차, 신영, 유화(11개사)\n 5.3일(월)에는 공매도가 허용되는 코스피 200 및 코스닥 150 구성 全 종목에 대해 총 2.4조원(‘21.4.5일 기준) 규모의 주식대여가 가능할 것으로 예상됩니다.\n",
		"passage_Cnt": 715
	},
	"Annotation": {
		"summary1": "금융위원회와 금융투자업계는 개인의 공매도 접근성이 낮아서 개인투자자의 공매도 접근성을 높인 개인대주제도를 시행한다.",
		"summary2": "대여물량(공급) 부족 등으로 개인의 차입수요와 취급 증권사가 지속적으로 감소함에 따라 개인의 공매도 접근성이 낮았습니다. 금융위원회와 금융투자업계는 5.3일(월)부터 개인투자자의 공매도 접근성을 높인 새로운 개인대주제도를 시행합니다.",
		"summary3": null,
		"summary_3_cnt": null
	}
}