{
	"Meta(Acqusition)": {
		"doc_id": "REPORT-briefing-20614",
		"doc_category": "REPORT",
		"doc_type": "briefing",
		"doc_name": "(210602) 전현희 국민권익위원장, 포항 수성사격장 민·관·군 합동 소음측정 준비 현장 점검(최종).hwp",
		"author": null,
		"publisher": null,
		"publisher_year": null,
		"doc_origin": "공공누리포털"
	},
	"Meta(Refine)": {
		"passage_id": "REPORT-briefing-20614-00001",
		"passage": "               \n 국민권익위원회(이하 국민권익위) 전현희 위원장이 포항수성사격장 이전 또는 완전 폐쇄 등을 요구하는 집단민원과 관련하여 2일 오후 포항시 장기면 수성리를 방문해 민관군 합동 소음측정 준비 상황을 점검한다.\n  이날 현장 점검에는 수성사격장 주민대책위원회(이하 주민대책위)와 국방부 차관, 해병대 부사령관, 해병대 제1사단장, 포항시장, 포항남부경찰서장, 경북보건환경연구원장, 국립환경과학원, 민간 소음측정 전문가 등이 참석한다.\n 이번 소음측정은 지난 4개월간 파악한 부대별 사격훈련 현황과 주민들의 주장을 근거로 소음피해 여부를 직접 확인하기 위해 이번 달 3일부터 다음달 9일까지 실시된다.\n  측정대상은 주한미군 아파치헬기, 해병대 155mm 포, 전차포, 지뢰, 박격포, 대전차화기 등에 대한 사격 소음이다.\n  소음측정의 신뢰성과 투명성, 객관성을 보장하기 위해 소음측정 전문 업체, 포항시, 해병대가 6개의 장소에서 함께 측정하고 여기에 국립환경과학원 연구관, 주민대책위 주민, 국민권익위 조사관, 포항남부경찰서 소속 경찰관이 참관한다.\n   수성리 가옥 수성리 마을회관 임중 1리 마을회관 양포초등학교 초롱구비 마을 산서리 신기경로당\n  전현희 위원장은 현장 점검에 앞서 주민대책위 주민들을 격려한 후 소음측정 장소 중 하나인 수성리 마을회관 앞에서 소음측정 전문 업체, 포항시, 해병대가 설치한 3개의 소음측정 장비를 점검할 예정이다.\n",
		"passage_Cnt": 716
	},
	"Annotation": {
		"summary1": "국민권익위가 포항수성사격장 이전 또는 폐쇄 등을 요구하는 민원과 관련해 민관군 합동 소음측정 준비 상황을 점검하는 현장에는 민간 전문가, 국방부 차관, 포항 시장 등이 참석한다.",
		"summary2": "국민권익위원회(이하 국민권익위) 전현희 위원장이 포항수성사격장 이전 또는 완전 폐쇄 등을 요구하는 집단민원과 관련하여 2일 오후 포항시 장기면 수성리를 방문해 민관군 합동 소음측정 준비 상황을 점검한다. 이날 현장 점검에는 수성사격장 주민대책위원회(이하 주민대책위)와 국방부 차관, 해병대 부사령관, 해병대 제1사단장, 포항시장, 포항남부경찰서장, 경북보건환경연구원장, 국립환경과학원, 민간 소음측정 전문가 등이 참석한다.",
		"summary3": null,
		"summary_3_cnt": null
	}
}