{
	"Meta(Acqusition)": {
		"doc_id": "REPORT-briefing-20386",
		"doc_category": "REPORT",
		"doc_type": "briefing",
		"doc_name": "(210420) 국민권익위, 경상북도와 업무협약 체결해 청렴성 제고 대책 및 국민권익 보호 강화 추진(최종).hwp",
		"author": null,
		"publisher": null,
		"publisher_year": null,
		"doc_origin": "공공누리포털"
	},
	"Meta(Refine)": {
		"passage_id": "REPORT-briefing-20386-00001",
		"passage": " 국민권익위원회(위원장 전현희, 이하 국민권익위)는 20일 경상북도(도지사 이철우)와 업무협약을 체결하고, 반부패청렴 실천과 국민권익 증진을 위한 정책 추진에 적극 협력해 나가기로 했다.\n 국민권익위와 경상북도는 협약에 따라 ▴청렴도 향상을 위한 반부패청렴 정책 추진지원협력 ▴이해충돌 취약분야 관리 강화 및 공직자 행동강령 준수 ▴공직사회의 청렴수준 향상을 위한 공직자 청렴교육 확대 ▴부패공익신고자 보호 강화를 위한 제도 운영 등 공직 내 반부패청렴정책 추진을 위해 상호 협력할 계획이다. \n  이와 함께 ▴고충민원의 조정해결과 행정심판을 통한 적극행정 및 국민권익 구제 ▴지역 주민들의 정책 참여 기반 강화와 주민 의견을 반영한 법령제도 개선 등 국민들의 권익 보호를 위한 협조와 지원도 강화하기로 했다. \n 한편 국민권익위는 경상북도와 적극적 업무협력을 위한 첫걸음으로, 20일 오전 국민권익위 김태응 상임위원과 경상북도 감사관 등이 참석한 ’21년 반부패청렴 시책 실무협의를 개최했다. 회의에서는 부패방지 분야 주요정책 추진 현황을 점검하고, 청렴도 제고를 위한 구체적 협력 방안을 논의했다. \n  아울러 국민권익위는 21일 포항시 장기면을 찾아가 수성사격장 관련 민원을 조속히 해결하기 위해 주민들의 고충을 현장에서 청취하고, 22일에는 경주시 성동시장에서 지역 소상공인들의 민원도 상담하는 등 맞춤형 이동신문고를 운영할 계획이다.  \n ‘국민권익위–지방자치단체 간 반부패 협력 강화’는 국민권익위가 한국토지주택공사(LH) 사태와 같은 공공기관의 도덕적 해이 등을 예방하기 위해 추진하고 있는 ‘반부패청렴 혁신 10대 과제’ 중 하나로, 국민권익위는 4월부터 17개 광역자치단체와 순차적으로 업무협약을 체결하고 있다. \n",
		"passage_Cnt": 857
	},
	"Annotation": {
		"summary1": "국민권익위는 경북과 업무협약을 체결하고 2021년 반부패청렴 시책 실무협의를 개최해 부패 방지 분야 주요 추진 상황을 점검하고 청렴도 제고를 위한 구체적 협력 방안을 논의했다.",
		"summary2": "국민권익위원회(위원장 전현희, 이하 국민권익위)는 20일 경상북도(도지사 이철우)와 업무협약을 체결하고, 반부패청렴 실천과 국민권익 증진을 위한 정책 추진에 적극 협력해 나가기로 했다. 한편 국민권익위는 경상북도와 적극적 업무협력을 위한 첫걸음으로, 20일 오전 국민권익위 김태응 상임위원과 경상북도 감사관 등이 참석한 ’21년 반부패청렴 시책 실무협의를 개최했다. 회의에서는 부패방지 분야 주요정책 추진 현황을 점검하고, 청렴도 제고를 위한 구체적 협력 방안을 논의했다.",
		"summary3": null,
		"summary_3_cnt": null
	}
}