{
	"Meta(Acqusition)": {
		"doc_id": "REPORT-briefing-20543",
		"doc_category": "REPORT",
		"doc_type": "briefing",
		"doc_name": "(210524)보도자료_산림청_행안부_복지부 마음돌봄 씨앗을 건네다.hwp",
		"author": null,
		"publisher": null,
		"publisher_year": null,
		"doc_origin": "공공누리포털"
	},
	"Meta(Refine)": {
		"passage_id": "REPORT-briefing-20543-00001",
		"passage": " 행정안전부(장관 전해철), 보건복지부(장관 권덕철), 산림청(청장 최병암)은 공동으로 코로나19 상황 장기화에 따라 불안과 우울을 호소하는 국민에게 반려식물 보급을 추진한다. \n 세부적으로는 코로나 우울 상담을 위해 재난심리회복지원센터를 방문하는 내방객을 대상으로 반려식물 씨앗형재배꾸러미를 배포한다. \n 우리나라에서는 지난 2월부터 코로나19 예방 접종이 시작되었으나 확진자 및 자가격리자의 지속적인 발생과 그로 인한 4차 대유행의 우려로 코로나 우울을 호소하는 국민이 많아지는 상황이다.\n   (‘21.4.27 기준) 국내 누적 확진자 수 119,898명, 일일 확진자 수 512명, 국민의 55.8%가 코로나19로 불안‧우울(경기연구원, ’21.3.20)\n 이에, 행정안전부, 보건복지부, 산림청은 산림을 활용하여 코로나 우울을 극복하기 위한 협력사업을 추진하게 되었다. \n 이번 협력사업은 코로나 우울로 힘들어하는 국민에게 숲의 치유 효과를 일상 생활공간으로 전달하기 위해 기획되었다. 반려식물 씨앗을 심은 후 발아하는 과정을 지켜보고 생장을 돌보면서 불안과 우울을 떨치고 희망을 되찾는 데 도움이 될 것으로 기대된다.\n 먼저, 산림청이 나서 국립세종수목원(원장 이유미)을 통해 반려식물 ‘씨앗형재배꾸러미’ 2천 개를 제작한다. \n  반려식물은 씨앗과 이를 키울 수 있는 화분과 토양으로 구성되어 있으며, 사용자는 동봉된 씨앗 중 ‘바질’과 ‘소나무’ 중 하나를 선택해서 심을 수 있다. 싹이 나는 모습을 빨리 보고 싶은 경우에는 초본인 바질을, 오랜 기간에 걸쳐 반려식물과 함께 하고 싶은 경우에는 목본인 소나무를 심으면 된다. \n",
		"passage_Cnt": 807
	},
	"Annotation": {
		"summary1": "행안부, 보건복지부, 산림청은 코로나 우울 상담을 위해 재난심리회복지원센터를 방문하는 내방객에게 반려 식물 씨앗형재배꾸러미를 배포한다.",
		"summary2": "행정안전부(장관 전해철), 보건복지부(장관 권덕철), 산림청(청장 최병암)은 공동으로 코로나19 상황 장기화에 따라 불안과 우울을 호소하는 국민에게 반려식물 보급을 추진한다. 세부적으로는 코로나 우울 상담을 위해 재난심리회복지원센터를 방문하는 내방객을 대상으로 반려식물 씨앗형재배꾸러미를 배포한다.",
		"summary3": null,
		"summary_3_cnt": null
	}
}