{
	"Meta(Acqusition)": {
		"doc_id": "REPORT-briefing-20393",
		"doc_category": "REPORT",
		"doc_type": "briefing",
		"doc_name": "(210421)보도자료_조경수·분재 수출 활성화를 위한 소통의 장 마련.hwp",
		"author": null,
		"publisher": null,
		"publisher_year": null,
		"doc_origin": "공공누리포털"
	},
	"Meta(Refine)": {
		"passage_id": "REPORT-briefing-20393-00001",
		"passage": " 산림청(청장 최병암)은 21일 국립세종수목원에서 조경수분재 수출 활성화를 위한 간담회를 개최하고 한국조경수협회, 한국분재조합, 수출업체 및 유관기관 등과 함께 수출확대 방안을 논의했다.\n  단풍나무, 주목, 소나무 등 한국산 조경수와 분재는 수형이 아름답고 품질이 높아 중국, 대만, 유럽 등지에서 고가로 거래되는 등 수출 잠재력이 높다.\n   최근 3년간(2018～2020) 조경수 수출액 484만$, 분재 수출액 92만$\n  산림청은 그간 수출상담회, 해외 판촉, 시범판매(마켓테스트), 박람회 참가 등 조경수분재 수출업체의 해외시장개척 활동을 지원해왔으나, 지난해 코로나19로 인해 해외 구매자 방한취소, 박람회 연기, 수출물류비 급증 등으로 관련 업계가 많은 어려움을 겪었다.\n 산림청은 코로나19 상황 등 대내외적 여건 변화에 따른 조경수분재 수출 활성화를 위해 비대면 온라인 방식을 포함한 공동마케팅, 전시회 한국관 운영 등 시장 개척활동 지원뿐 아니라 검역문제 등 업계 애로사항 해결을 위한 지원을 강화할 계획이다.\n  지난해에는 해외 구매자에게 수출용 조경수를 비대면으로 소개하기 위해 대상국 언어로 된 홍보영상 제작을 지원한 바 있으며, 올해는 코로나19 상황 완화 여부에 따라 하반기에는 해외 판촉 및 해외 구매자(바이어) 초청을 추진할 계획이다.\n 산림청 박은식 국제산림협력관은 \"우리나라 조경수분재는 우수한 품질과 예술성에 따른 고부가가치 창출이 가능한 품목임에 따라 수출 활성화를 위한 지원을 아끼지 않겠으며, 앞으로도 임산물 품목별 소통 간담회를 지속적으로 개최하여 임산물 수출 활성화를 위해 노력하겠다\"라고 밝혔다.\n",
		"passage_Cnt": 809
	},
	"Annotation": {
		"summary1": "산림청은 코로나19 상황 등에 따른 조경수분재 수출 활성화를 위해 해외 판촉 및 구매자 초청을 추진하는 등 업계 애로사항 해결을 위한 지원을 강화한다.",
		"summary2": "산림청은 코로나19 상황 등 대내외적 여건 변화에 따른 조경수분재 수출 활성화를 위해 비대면 온라인 방식을 포함한 공동마케팅, 전시회 한국관 운영 등 시장 개척활동 지원뿐 아니라 검역문제 등 업계 애로사항 해결을 위한 지원을 강화할 계획이다. 지난해에는 해외 구매자에게 수출용 조경수를 비대면으로 소개하기 위해 대상국 언어로 된 홍보영상 제작을 지원한 바 있으며, 올해는 코로나19 상황 완화 여부에 따라 하반기에는 해외 판촉 및 해외 구매자(바이어) 초청을 추진할 계획이다.",
		"summary3": null,
		"summary_3_cnt": null
	}
}