{
	"Meta(Acqusition)": {
		"doc_id": "REPORT-briefing-20625",
		"doc_category": "REPORT",
		"doc_type": "briefing",
		"doc_name": "(210604) 국민권익위, 대한약사회 공적마스크 집단민원 조정을 통한 정부 약속이행 노력중.hwp",
		"author": null,
		"publisher": null,
		"publisher_year": null,
		"doc_origin": "공공누리포털"
	},
	"Meta(Refine)": {
		"passage_id": "REPORT-briefing-20625-00001",
		"passage": " 국민권익위원회(위원장 전현희, 이하 국민권익위)는 올해 2월 19일에 2만 3천여 개 약국을 대표해 대한약사회에서 신청한 집단 고충민원에 대해 적극적인 조정노력을 기울이고 있다고 말했다.\n  지난해 코로나19가 세계적으로 확산되면서 마스크 대란이 있었고, 전국의 약국은 본연의 업무와 별도로 공적 마스크 보급ㆍ판매에 심혈을 기울여 코로나19 확산 방지에 기여했지만 정부가 약속한 적절한 지원이 이뤄지지 않아 국민권익위에 고충민원을 신청했다.\n 그동안 정부와 정치권에서는 전국 약국들의 희생과 노력을 인정하여 공적마스크 판매에 대해 면세조치 하는 등 적절한 보상을 하겠다고 수차례 직ㆍ간접적으로 약속했고 법안을 발의하는 등 약속이행을 위한 노력을 해왔다.\n  그럼에도 불구하고 공적마스크 판매 면세 약속이행은 법적 안정성을 고려할 때 조세특례법 개정은 곤란하다는 예산 당국의 입장 때문에 진척이 없었고, 다른 지원 방안들은 관계기관의 입장차이 때문에 조율이 잘 이루어지지 않았다.\n 지난해 마스크 대란 상황을 해소하고 코로나19 확산 방지에 중요한 역할을 한 공적 마스크 보급을 도맡아 시행한 곳은 전국의 약국이었다.\n  새벽부터 마스크를 구하기 위해 줄을 서는 사태도 발생하였고, 마스크를 구하지 못한 국민들의 불만도 일선 약국들이 감당했다.\n  그리고 마스크를 적기에 공급하는 것이 너무나 중요했기 때문에 주말이나 저녁 늦은 시간까지도 마스크를 공급하느라 제대로 휴식을 취하지 못하기도 했다.\n",
		"passage_Cnt": 726
	},
	"Annotation": {
		"summary1": "약국의 공적마스크 판매에 따른 적절한 보상을 하겠다는 정부의 약속이 이뤄지지 않자 대한약사회가 고충민원을 신청했고 국민권익위는 이에 적극적인 조정노력을 기울이고 있다고 했다.",
		"summary2": "국민권익위원회(위원장 전현희, 이하 국민권익위)는 올해 2월 19일에 2만 3천여 개 약국을 대표해 대한약사회에서 신청한 집단 고충민원에 대해 적극적인 조정노력을 기울이고 있다고 말했다. 지난해 코로나19가 세계적으로 확산되면서 마스크 대란이 있었고, 전국의 약국은 본연의 업무와 별도로 공적 마스크 보급ㆍ판매에 심혈을 기울여 코로나19 확산 방지에 기여했지만 정부가 약속한 적절한 지원이 이뤄지지 않아 국민권익위에 고충민원을 신청했다. 그동안 정부와 정치권에서는 전국 약국들의 희생과 노력을 인정하여 공적마스크 판매에 대해 면세조치 하는 등 적절한 보상을 하겠다고 수차례 직ㆍ간접적으로 약속했고 법안을 발의하는 등 약속이행을 위한 노력을 해왔다.",
		"summary3": null,
		"summary_3_cnt": null
	}
}