{
	"Meta(Acqusition)": {
		"doc_id": "REPORT-briefing-20588",
		"doc_category": "REPORT",
		"doc_type": "briefing",
		"doc_name": "(210531)보도자료_지난해 밤, 대추, 떫은감 생산비 증가, 호두 생산비 감소.hwp",
		"author": null,
		"publisher": null,
		"publisher_year": null,
		"doc_origin": "공공누리포털"
	},
	"Meta(Refine)": {
		"passage_id": "REPORT-briefing-20588-00001",
		"passage": " 산림청(청장 최병암)은 지난해 생산된 주요 임산물 7개 품목(밤대추호두떫은 감표고버섯더덕곰취)에 대한 임산물생산비 조사 결과를 31일 발표했다.\n \n  2007년부터 매년 실시하는 임산물생산비 조사는 임업 경영진단설계 등 임업 정책 수립에 필요한 기초자료로 활용된다.\n  이번 조사는 지난해 1월부터 12월까지 전국 1,540개 임가를 대상으로 이뤄졌다.\n 조사 결과, 지난해 생산비는 전반적으로 오름세를 보인 가운데, 호두와 톱밥배지 등 일부 품목에서는 하락하였다.\n  생산비가 상승한 주요 원인으로는 노임 단가 상승으로 인한 노동비 증가가 가장 큰 원인이며, 표고 원목의 경우에는 표고목 가격 상승이 영향을 미친 것으로 조사됐다.\n  또한, 3천 평(1ha) 기준 연간 소득은 곰취(시설재배)가 5천 8백만 원으로 가장 높게 나타났으며, 수실류 중에서는 대추가 1천 9백만 원으로 다른 품목에 비하여 소득이 다소 높았다.\n  2020년은 4월 냉해 피해를 시작으로, 여름 고온현상, 6월 역대 최장기간 장마를 거쳐 8월 태풍피해 등 유례없는 기상 피해를 겪으면서 모든 수실류의 생산량이 하락했으며,\n  지난해 노동생산성은 더덕(2년근 생산)이 토지생산성은 곰취(시설재배)가 가장 높았다.\n  노동투입 단위 시간당 창출되는 노동생산성은 더덕(2년근 생산)이 4만 1천 원으로 호두, 곰취보다 2배 이상 높았으며, 단위 토지 면적당 산출되는 토지생산성은 시설에서 재배하는 곰취가 1ha당 6천 6백만 원의 부가가치를 올리는 것으로 나타났다.\n",
		"passage_Cnt": 752
	},
	"Annotation": {
		"summary1": "산림청이 임산물생산비 조사 결과 전반적으로 생산비가 오름세를 보였으나 일부 품목에서는 하락했다고 발표했다.",
		"summary2": "산림청(청장 최병암)은 지난해 생산된 주요 임산물 7개 품목(밤대추호두떫은 감표고버섯더덕곰취)에 대한 임산물생산비 조사 결과를 31일 발표했다. 조사 결과, 지난해 생산비는 전반적으로 오름세를 보인 가운데, 호두와 톱밥배지 등 일부 품목에서는 하락하였다.",
		"summary3": null,
		"summary_3_cnt": null
	}
}