{
	"Meta(Acqusition)": {
		"doc_id": "REPORT-briefing-20138",
		"doc_category": "REPORT",
		"doc_type": "briefing",
		"doc_name": "(07.22)3080_통합공모 개시 및 부동산 실거래 기획조사(도심주택총괄과 등).hwp",
		"author": null,
		"publisher": null,
		"publisher_year": null,
		"doc_origin": "공공누리포털"
	},
	"Meta(Refine)": {
		"passage_id": "REPORT-briefing-20138-00008",
		"passage": "   딸, 아들의 거래 모두 계약서가 없고 계약금도 수수하지 않음\n 그 후 위 아파트를 제3자에게 3.5억원에 매매중개(’20.12월 계약)하여 처제는 시세보다 1.1억원의 이득을 얻고, 아들의 종전 거래를 해제신고(’20.12월)하여 자전거래(공인중개사법 위반) 및 허위신고(부동산거래신고법 위반)가 의심된다.\n 허위거래를 통해 부당한 이익을 얻을 목적으로, 중개보조원이 시세 5천만원인 아파트를 본인 명의로 7.95천만원에 매수 신고(’20.9월)했다.\n 그 후 위 아파트를 제3자에게 7.95천만원에 매매중개(’20.9월 계약)하여 시세보다 2.95천만원 높은 가격에 중개하고, 본인의 종전 거래를 해제신고(’20.10월)하여 자전거래(공인중개사법 위반) 및 허위신고(부동산거래신고법 위반)가 의심된다.\n 허위거래를 통해 부당한 이익을 얻을 목적으로, 분양대행회사가 소유한 시세 2.28억원 아파트 2채를 사내이사에게 2.99억원에 매도 신고하고, 대표이사에게 3.04억원에 매도 신고(’20.7월)했다.\n   사내이사․대표이사의 거래 모두 계약서가 없고 계약금도 수수하지 않음\n 이후 위 아파트 2채를 제3자 2명에게 각각 2.93억원에 매도(2건 모두 ’20.7월 계약)하여 회사는 시세보다 1.3억원의 이득을 얻고, 대표이사․사내이사의 종전 거래를 해제신고(2건 모두 ’20.7월)하여 허위신고(부동산거래신고법 위반)가 의심된다.\n 그 외의 주요 법령 위반 사례는 다음과 같다.\n",
		"passage_Cnt": 722
	},
	"Annotation": {
		"summary1": "제3자에게 아파트를 매매 중개해 처제가 이득을 얻고 아들의 종전 거래를 해제 신고해 자전거래 및 허위 신고가 의심되며 부당 이익을 목적으로 중개보조원 명의로 매수 신고했다.",
		"summary2": "그 후 위 아파트를 제3자에게 3.5억원에 매매중개(’20.12월 계약)하여 처제는 시세보다 1.1억원의 이득을 얻고, 아들의 종전 거래를 해제신고(’20.12월)하여 자전거래(공인중개사법 위반) 및 허위신고(부동산거래신고법 위반)가 의심된다. 허위거래를 통해 부당한 이익을 얻을 목적으로, 중개보조원이 시세 5천만원인 아파트를 본인 명의로 7.95천만원에 매수 신고(’20.9월)했다.",
		"summary3": null,
		"summary_3_cnt": null
	}
}