{
	"Meta(Acqusition)": {
		"doc_id": "REPORT-briefing-20452",
		"doc_category": "REPORT",
		"doc_type": "briefing",
		"doc_name": "(210504)보도자료_한-노르웨이, 양국의 산림이니셔티브 간 협력 시동.hwp",
		"author": null,
		"publisher": null,
		"publisher_year": null,
		"doc_origin": "공공누리포털"
	},
	"Meta(Refine)": {
		"passage_id": "REPORT-briefing-20452-00001",
		"passage": " 최병암 산림청장은 노르웨이 개발협력청(NORAD) 및 글로벌녹색성장연구소(GGGI)와 5월 3일 오후, 양국이 주도하는 산림분야 이니셔티브 간 협력방안을 모색하기 위한 화상회의를 개최하였다.\n 한국은 평화산림이니셔티브(PFI)를 통해 국경을 맞대고 있는 이웃국가들 간 황폐해진 산림의 복원 등 공동협력사업을 지원함으로써, 국제적 생태계복원 목표달성 및 평화 증진에 기여하고 있다.\n 노르웨이는 국제기후 및 산림이니셔티브(NICFI), 한국도 참여 중인 중앙아프리카 산림이니셔티브(CAFI)를 통해 열대우림 보전 등 개도국의 지속가능성 확보 및 환경보전에 기여하고 있다.\n 동 회의에는 산림청장, 주한노르웨이 대사, 노르웨이 개발협력청장, 글로벌녹색성장연구소 사무총장, 에티오피아 환경산림기후변화위원회 위원장, 주한영국대사관, 주한독일대사관, 주한에티오피아대사관 등 약 250여 명의 관계자가 참여하였다.\n   주요 인사 : 프랭크 라이스베르만(Dr. Frank Rijsberman) 글로벌녹색성장연구소 사무총장, 프로데 솔베르그 (H.E. Frode Solberg) 주한노르웨이 대사, 발트 벨가 솔젤(Mr. Bård Vegar Solhjell) 노르웨이 개발협력청장\n 산림청과 노르웨이 개발협력청은 양국이 운영 중인 산림이니셔티브를 소개하였으며, 에티오피아는 심각한 산림전용과 기후행동에 대해 발표하였다.\n 이날 회의에서 참석자들은 자연기반 해결책으로서 산림의 역할에 비상한 관심과 협력이 필수적이라는 것에 인식을 같이하고, 향후 협력방안에 대해 의견을 나누었다.\n",
		"passage_Cnt": 766
	},
	"Annotation": {
		"summary1": "산림이니셔티브를 통해 한국은 국제적 생태계 복원 목표 달성 등에 기여하고 노르웨이도 개도국의 환경보전 및 지속 가능성 확보에 기여했다.",
		"summary2": "한국은 평화산림이니셔티브(PFI)를 통해 국경을 맞대고 있는 이웃국가들 간 황폐해진 산림의 복원 등 공동협력사업을 지원함으로써, 국제적 생태계복원 목표달성 및 평화 증진에 기여하고 있다. 노르웨이는 국제기후 및 산림이니셔티브(NICFI), 한국도 참여 중인 중앙아프리카 산림이니셔티브(CAFI)를 통해 열대우림 보전 등 개도국의 지속가능성 확보 및 환경보전에 기여하고 있다.",
		"summary3": null,
		"summary_3_cnt": null
	}
}