{
	"Meta(Acqusition)": {
		"doc_id": "REPORT-briefing-20591",
		"doc_category": "REPORT",
		"doc_type": "briefing",
		"doc_name": "(210601) 국민권익위, “면세유 주유소의 농어민 면세혜택 가로채기 그만” 제도개선 권고(최종).hwp",
		"author": null,
		"publisher": null,
		"publisher_year": null,
		"doc_origin": "공공누리포털"
	},
	"Meta(Refine)": {
		"passage_id": "REPORT-briefing-20591-00001",
		"passage": "          \n 면세유를 판매하면서 면세액을 허위로 표시해 농어민에게 돌아가야 할 면세혜택을 가로챈 주유소의 부정판매 관행이 사라질 전망이다.\n  국민권익위원회(위원장 전현희, 이하 국민권익위)는 면세유 판매자의 허위 가격표시를 방지하고 어업정지 선박에 대한 면세유 지급 통제 수단 마련 등을 담은 ‘농ㆍ임ㆍ어업용 면세유 공급ㆍ관리의 사각지대 해소’방안을 마련해 기획재정부, 산업통상자원부, 해양수산부 등에 권고했다.\n 경상북도의 한 주유소는 지난해 8월경 면세 휘발유를 판매하면서 869원인 면세액을 459원으로 허위로 표시해 리터당 410원을 가로챘다.\n  이 주유소는 일반인들이 면세액 산정근거를 알기 어렵다는 점을 악용해 농어민이 받아야 할 면세혜택을 절반 가까이 빼돌린 것이다.\n 조세특례제한법에 따르면, 농업임업어업에 사용하는 석유류에 대해서는 부가가치세 등 각종 세금이 면제된다. 이에 따라 면세유 판매자는 유종별로 면세유의 정상가격, 면세액, 판매가격을 구분해 표시판매해야 한다. \n  그러나 전국 상당수의 주유소가 면세액을 아예 표시하지 않거나 실제보다 축소해 표시하고 있는 것으로 나타났다. 축소 표시한 면세액 만큼 판매가격이 높아져 농어민들이 누려야 할 면세혜택을 주유소가 가로채는 구조다.\n  또 어업정지 처분으로 조업을 할 수 없는 선박에 면세유를 지급하거나 당초 취지와는 달리 낚시전용선에 면세유를 과도하게 지급하는 등 부적정하게 면세유를 관리하고 있었다. \n",
		"passage_Cnt": 722
	},
	"Annotation": {
		"summary1": "면세유를 판매하며 면세액을 허위로 표시하는 주유소의 부정판매 관행이 농·임·어업용 면세유 공급의 사각지대 해소 방안으로 사라질 전망이다.",
		"summary2": "면세유를 판매하면서 면세액을 허위로 표시해 농어민에게 돌아가야 할 면세혜택을 가로챈 주유소의 부정판매 관행이 사라질 전망이다. 국민권익위원회(위원장 전현희, 이하 국민권익위)는 면세유 판매자의 허위 가격표시를 방지하고 어업정지 선박에 대한 면세유 지급 통제 수단 마련 등을 담은 ‘농ㆍ임ㆍ어업용 면세유 공급ㆍ관리의 사각지대 해소’방안을 마련해 기획재정부, 산업통상자원부, 해양수산부 등에 권고했다.",
		"summary3": null,
		"summary_3_cnt": null
	}
}