{
	"Meta(Acqusition)": {
		"doc_id": "REPORT-briefing-20442",
		"doc_category": "REPORT",
		"doc_type": "briefing",
		"doc_name": "(210430)보도자료_지리산둘레길, 백두대간트레일, 디엠지(DMZ)펀치볼둘레길, 대관령숲길을 국가숲길로 지정.hwp",
		"author": null,
		"publisher": null,
		"publisher_year": null,
		"doc_origin": "공공누리포털"
	},
	"Meta(Refine)": {
		"passage_id": "REPORT-briefing-20442-00002",
		"passage": " 국가숲길로 지정된 숲길은 산림생태계 보호를 위해 보존과 이용이 조화되도록 표준화된 품질체계에 따라 운영관리 지침서를 마련하고, 민관 운영관리 협의회를 구성하여 체계적으로 관리하게 된다.\n  국가숲길 안내소, 숲길등산지도사, 유지관리 등 숲길사업도 우선적으로 시행하고 숲길체험프로그램 개발운영 등 활성화 사업도 추진할 계획이다.\n 앞으로도 국가숲길은 지역의 대표적인 숲길 중 품질이 높고 운영관리체계를 갖춘 숲길에 대해 숲길관리청(지방산림청장, 지방자치단체의 장)의 지정신청을 받아 연차적으로 지정해 나갈 계획이다.\n 국가숲길 지정제도는 산행인구 증가에 따른 숲길의 훼손을 방지하고 더욱 품질 높은 산행서비스를 제공하기 위해 산림문화휴양에 관한 법률을 개정하여 도입(시행 : ’20.6.4)하였다.\n  국가숲길은 기존 숲길 중 산림생태적 가치나 역사문화적 가치가 높아 체계적인 운영관리가 필요한 숲길에 대해 산림복지심의위원회의 심의를 거쳐 산림청장이 지정고시하게 된다.\n  미국은 이미 1968년에국가트레일시스템법을 도입하여 국가경관트레일, 국가역사트레일, 국가휴양트레일 등 약 1,353개 노선 12만km의 국가트레일이 있으며, 애팔래치아트레일(약35백km), 퍼시픽크레스트트레일(PCT, 약43백km)이 대표적인 국가트레일이다.\n 산림청 이상익 산림복지국장은 코로나19 감염병 확산으로 비대면 야외휴양 활동이 증가하면서 숲길에 대한 국민들의 관심이 커지고 있다라고 하면서 품질 높은 숲길서비스를 제공하기 위해 국가숲길 지정을 확대해 나가고 체계적으로 운영관리할 계획이라고 밝혔다.\n",
		"passage_Cnt": 775
	},
	"Annotation": {
		"summary1": "국가숲길로 지정된 숲길은 산림생태계 보호를 위해 운영관리 지침서를 마련하고 체계적으로 관리하게 되며 숲길체험프로그램 개발운영 등 활성화 사업도 추진할 계획이다.",
		"summary2": "국가숲길로 지정된 숲길은 산림생태계 보호를 위해 보존과 이용이 조화되도록 표준화된 품질체계에 따라 운영관리 지침서를 마련하고, 민관 운영관리 협의회를 구성하여 체계적으로 관리하게 된다. 국가숲길 안내소, 숲길등산지도사, 유지관리 등 숲길사업도 우선적으로 시행하고 숲길체험프로그램 개발운영 등 활성화 사업도 추진할 계획이다.",
		"summary3": null,
		"summary_3_cnt": null
	}
}