{
	"Meta(Acqusition)": {
		"doc_id": "REPORT-briefing-20487",
		"doc_category": "REPORT",
		"doc_type": "briefing",
		"doc_name": "(210513) 국민권익위, 공공기관 전월세 지원 자금의 사적사용 등 이해충돌 방지 위한 규정 개선 추진(최종).hwp",
		"author": null,
		"publisher": null,
		"publisher_year": null,
		"doc_origin": "공공누리포털"
	},
	"Meta(Refine)": {
		"passage_id": "REPORT-briefing-20487-00001",
		"passage": "          \n     \n 앞으로는 공공기관 임직원이 비연고지에 근무하는 경우 지원되는 전월세 자금을 생활비나 개인적 용도로 사용할 수 없게 된다.\n  국민권익위원회(위원장 전현희, 이하 국민권익위)는 근로복지공단, 국민건강보험공단 등 고용‧복지 분야 20개 공공기관에서 운영 중인 2,283개 사규(규정, 지침 등)에 대한 부패영향평가를 실시하고 3개 유형(이해충돌, 재량권 남용, 불공정한 업무관행) 9개 과제로 구성된 개선방안을 마련해 각 기관에 권고했다.\n 개선안에는 ▴비연고지 거주자금의 사적사용 방지를 위한 규정 정비 \n  ▴공공기관 공용차량 관리‧운영 시 운전자의 주의의무 및 책임 명확화 ▴근로자 생활안정자금 융자 시 상위법령 규정에 비해 과도한 재량권 행사 규정 정비 등 총 50건의 권고사항이 포함돼 있다.\n 이 중 ‘비연고지 거주자금’ 대출의 경우 대출금을 생활비로 사용하거나 주택을 매입하는 등 사적 용도로 사용할 소지가 있어 주택임차 이외의 용도로 거주자금을 사용하지 않도록 대출 신청 시 본인 및 가족 소유의 주택 유무를 확인할 수 있는 증빙서류 제출하도록 했다.\n  비연고지 거주자금 : 임직원이 연고가 없는 곳으로 근무지를 옮길 경우 출퇴근을 할 수 없는 상황을 고려해 주택임차자금을 지원하는 제도\n 또한, 각 공공기관은 공용차량의 효율적인 관리‧운영을 위한 내부규정에 차량 운행 시 준수해야 할 예방조치 및 주의의무가 명시되지 않거나 차량사고 시 고의‧과실 등의 구분 없이 일률적으로 책임을 부과하는 등의 문제가 있어 이를 개선하도록 하였다. \n",
		"passage_Cnt": 773
	},
	"Annotation": {
		"summary1": "국민권익위는 공공기관에서 운영 중인 사규에 대한 부패영향평가를 실시하고 과도한 재량권 행사 규정 정비 등 총 50건의 권고사항이 포함된 개선방안을 마련해 각 기관에 권고했다.",
		"summary2": "국민권익위원회(위원장 전현희, 이하 국민권익위)는 근로복지공단, 국민건강보험공단 등 고용‧복지 분야 20개 공공기관에서 운영 중인 2,283개 사규(규정, 지침 등)에 대한 부패영향평가를 실시하고 3개 유형(이해충돌, 재량권 남용, 불공정한 업무관행) 9개 과제로 구성된 개선방안을 마련해 각 기관에 권고했다. ▴공공기관 공용차량 관리‧운영 시 운전자의 주의의무 및 책임 명확화 ▴근로자 생활안정자금 융자 시 상위법령 규정에 비해 과도한 재량권 행사 규정 정비 등 총 50건의 권고사항이 포함돼 있다.",
		"summary3": null,
		"summary_3_cnt": null
	}
}