{
	"Meta(Acqusition)": {
		"doc_id": "REPORT-briefing-20480",
		"doc_category": "REPORT",
		"doc_type": "briefing",
		"doc_name": "(210512) [정부 출범 4년] 국가청렴도 4년 연속 상승 등 반부패·공정 개혁 지속 추진(최종).hwp",
		"author": null,
		"publisher": null,
		"publisher_year": null,
		"doc_origin": "공공누리포털"
	},
	"Meta(Refine)": {
		"passage_id": "REPORT-briefing-20480-00001",
		"passage": " 국민권익위원회는 범정부 반부패 총괄기구로서 정부 출범 4년간 반부패공정 개혁을 지속 추진해 국가청렴도가 4년 연속 상승하고 역대 최고 순위인 33위를 기록하는 등 성과를 이뤄냈다.\n  200만 공직자의 부정한 사익추구를 방지하는 이해충돌방지법 정부안이 제출한 지 9년 만에 국회를 통과해 내년 5월 시행된다.\n  우리나라의 대표 국가 옴부즈만으로서 사람현장 중심의 고충민원 해결에 역량을 집중해 6만 5천여 건의 고충민원을 처리하고 약 16만여 명의 국민 권익을 구제한 것으로 나타났다.\n  국민권익위원회(위원장 전현희, 이하 국민권익위)는 문재인 정부 출범 4년을 맞아 ‘숫자로 보는’ 국민권익위 주요 정책성과를 발표했다. \n 국민권익위는 범정부 반부패 총괄기구로서 반부패공정개혁 추진에 앞장서 우리사회의 청렴성을 제고하기 위한 각종 대책을 추진하고, 세계 20위권 청렴선진국으로 도약하기 위한 발판을 다졌다.\n  ‘공정사회 반부패정책협의회’, ‘청렴사회민관협의회’ 등 범국가적 부패불공정 대응 체계를 구축하고, 사회 전반의 청렴 수준을 높이기 위한 법제도적 기반을 강화했다. \n  특히 부패행위 근절을 위해 핵심이 되는 두 가지 법을 제정하는 성과를 거뒀다. \n  각종 보조금, 보상금, 출연금 등 약 252조원에 이르는 공공재정지급금을 부당하게 청구하면 그 부정이익을 전액 환수하는 ‘공공재정환수법’을 제정해 2020년 1월부터 시행했다. \n  공공재정 부정청구 금지 및 부당이득 환수 등에 관한 법률\n",
		"passage_Cnt": 733
	},
	"Annotation": {
		"summary1": "국민권익위는 반부패 공정 개혁 추진에 앞장서 각종 대책 추진과 청렴 선진국의 도약을 위한 발판을 다지며 범국가적 부패 불공정 대응 체계 구축과 법 제도적 기반을 강화했다.",
		"summary2": "국민권익위는 범정부 반부패 총괄기구로서 반부패공정개혁 추진에 앞장서 우리사회의 청렴성을 제고하기 위한 각종 대책을 추진하고, 세계 20위권 청렴선진국으로 도약하기 위한 발판을 다졌다. ‘공정사회 반부패정책협의회’, ‘청렴사회민관협의회’ 등 범국가적 부패불공정 대응 체계를 구축하고, 사회 전반의 청렴 수준을 높이기 위한 법제도적 기반을 강화했다.",
		"summary3": null,
		"summary_3_cnt": null
	}
}