{
	"Meta(Acqusition)": {
		"doc_id": "REPORT-briefing-20505",
		"doc_category": "REPORT",
		"doc_type": "briefing",
		"doc_name": "(210514)보도자료_숲의 아름다움을 산림문화 작품으로 승화 - 복사본.hwp",
		"author": null,
		"publisher": null,
		"publisher_year": null,
		"doc_origin": "공공누리포털"
	},
	"Meta(Refine)": {
		"passage_id": "REPORT-briefing-20505-00001",
		"passage": " 산림청(청장 최병암)은 산림을 대상으로 숲과 인간의 교감을 작품으로 승화시키고 이를 국민과 누림으로써 숲을 지키고 가꾸는 사회적 분위기를 형성하는 데 적극 이바지하고자 국민 참여 산림문화작품공모전을 개최한다.\n  올해로 스물한 번째를 맞이하는 산림문화작품공모전은 산림 분야 국내 유일의 전국 단위 공모전으로 6월 1일 부터 7월 28일까지 산림문화작품을 공모하며 입상된 작품은 다양한 산림문화 분야에 활용된다.\n 특히 올해부터는 공모 주제를 이원화하여 ‘숲에서 찾는 새로운 일상’이라는 일반주제와 ‘산림재해 예방 및 복구, 극복사례’를 담은 산림보호 분야를 정책주제로 하여 공모전을 운영하며, 공모 부문은 청소년부(초중고)는 그림과 글짓기며 일반부는 사진, 시수필을 출품할 수 있다.\n 작품 시상 규모는 대상(국무총리상) 2점, 최우수상(농림부장관상) 5점, 스토리텔링우수상(산림청장상)17점, 장려상(산림조합중앙회장상) 200점 등 총 224점이다. 상금은 대상 300만 원, 최우수상 100만 원, 우수상 50만 원, 장려상 10만 원을 각각 수여하며 자세한 내용은 산림문화작품공모전 누리집에서 확인할 수 있다. \n 공모전 참가 문의는 산림조합중앙회 문화홍보실(0234347244), 공모전 접수는 오는 6월 1일 10시부터 7월 28일 17시까지 산림문화작품공모전누리집(contest.nfcf.or.kr)에 파일을 올리면 된다. 단, 그림 부문은 작품을 촬영한 파일을 올린 후 접수증을 출력해 실물을 우편 또는 방문을 통해 접수하면 된다. \n",
		"passage_Cnt": 755
	},
	"Annotation": {
		"summary1": "숲을 지키고 가꾸는 사회적 분위기 형성에 이바지하고자 열리는 국민 참여 산림문화작품공모전은 공모 주제를 일반 주제와 정책 주제로 이원화했다.",
		"summary2": "산림청(청장 최병암)은 산림을 대상으로 숲과 인간의 교감을 작품으로 승화시키고 이를 국민과 누림으로써 숲을 지키고 가꾸는 사회적 분위기를 형성하는 데 적극 이바지하고자 국민 참여 산림문화작품공모전을 개최한다. 특히 올해부터는 공모 주제를 이원화하여 ‘숲에서 찾는 새로운 일상’이라는 일반주제와 ‘산림재해 예방 및 복구, 극복사례’를 담은 산림보호 분야를 정책주제로 하여 공모전을 운영하며, 공모 부문은 청소년부(초중고)는 그림과 글짓기며 일반부는 사진, 시수필을 출품할 수 있다.",
		"summary3": null,
		"summary_3_cnt": null
	}
}