{
	"Meta(Acqusition)": {
		"doc_id": "REPORT-briefing-20373",
		"doc_category": "REPORT",
		"doc_type": "briefing",
		"doc_name": "(210415) 보도자료_비대면 숲태교 프로그램 개발.hwp",
		"author": null,
		"publisher": null,
		"publisher_year": null,
		"doc_origin": "공공누리포털"
	},
	"Meta(Refine)": {
		"passage_id": "REPORT-briefing-20373-00001",
		"passage": " 산림청(청장 최병암)은 15일 코로나19 상황에서 임신부가 안전하게 숲태교 활동을 할 수 있도록 비대면 프로그램을 개발 제공했다. \n  숲태교는 아름다운 풍경이나 소리 및 피톤치드 등 산림의 다양한 치유인자를 활용해 자연 속에서 엄마와 태아가 함께 정서적, 신체적으로 교감하는 활동이다. \n  ＊ 임신부의 스트레스와 피로를 감소하고 우울감을 개선하며, 태아에 대한 애착이 높이자는 효과가 있음(국립산림과학원, 2011; 산림청서울대 간호대, 2019)\n  숲태교 프로그램은 부부가 함께 숲에서 가벼운 산책을 하거나, 숲과 바람 소리를 경청하고 엄마 아빠의 목소리로 뱃속 아기에게 태담을 들려주는 활동 등으로 구성된다. \n 이번에 개발된 숲태교 비대면 프로그램은 코로나19 감염병 상황에서 임신부가 안전하게 숲태교에 참여할 수 있도록 모바일 동영상 위주로 제작되었다. \n  산림청과 서울대 간호대(연구책임자 : 이인숙 교수)가 공동 연구를 통해 개발한 숲태교 표준 프로그램을 토대로 태아와의 교감을 위한 다양한 실내외 활동 방법을 안내해 준다. \n  ＊ (실내) 태아에게 편지 쓰기, 자연물 공작 만들기 등(실외) 뱃속 아기와 함께하는 숲해설, 임신부 요가와 발 마사지 및 명상 등\n  아울러, ‘숲태교 수첩’을 함께 활용한다면 임신부가 일상생활 속에서 숲태교를 꾸준히 실천하는 데 많은 도움이 될 것이다. \n 비대면 숲태교를 위한 ‘숲태교 모바일 동영상’과 ‘숲태교 수첩’은 산림청 누리집에서 누구나 내려받을 수 있다.\n",
		"passage_Cnt": 740
	},
	"Annotation": {
		"summary1": "산림청과 서울대 간호대가 공동 연구를 통해 개발한 숲태교 비대면 프로그램은 코로나19 상황에서 임신부가 안전하게 숲태교 활동을 할 수 있도록 모바일 동영상 위주로 제작되었다.",
		"summary2": "산림청(청장 최병암)은 15일 코로나19 상황에서 임신부가 안전하게 숲태교 활동을 할 수 있도록 비대면 프로그램을 개발 제공했다. 이번에 개발된 숲태교 비대면 프로그램은 코로나19 감염병 상황에서 임신부가 안전하게 숲태교에 참여할 수 있도록 모바일 동영상 위주로 제작되었다. 산림청과 서울대 간호대(연구책임자 : 이인숙 교수)가 공동 연구를 통해 개발한 숲태교 표준 프로그램을 토대로 태아와의 교감을 위한 다양한 실내외 활동 방법을 안내해 준다.",
		"summary3": null,
		"summary_3_cnt": null
	}
}