{
	"Meta(Acqusition)": {
		"doc_id": "REPORT-briefing-20416",
		"doc_category": "REPORT",
		"doc_type": "briefing",
		"doc_name": "(210427)보도자료_“나의 꽃, 무궁화를 담다“ 무궁화 문화작품 공모.hwp",
		"author": null,
		"publisher": null,
		"publisher_year": null,
		"doc_origin": "공공누리포털"
	},
	"Meta(Refine)": {
		"passage_id": "REPORT-briefing-20416-00001",
		"passage": " 산림청(청장 최병암)은 무궁화의 아름다움을 널리 알리고 일상 속 무궁화에 대한 관심을 높이기 위해 새롭게 피어난 나의 꽃 무궁화를 담다라는 주제로 2021년 무궁화 문화작품 공모전을 개최한다.\n 공모 부문은 손그림과 디지털그림, 사진, 영상부문이며, 새롭게 피어난 나의 꽃 무궁화의 아름다움을 친숙하게 표현한 작품이면 접수 가능하다. 공모 기간은 4월 26일부터 7월 23일까지다.\n  손그림 일반부 대상에는 농림축산식품부장관상과 상금 100만원, 손그림 학생부 대상에는 교육부장관상과 상금 100만원, 사진 부문 대상에는 산림청장상과 상금 100만원, 영상 부문 대상에는 산림청장상과 상금 200만원 등 모두 19점 상금 1,160만원이 주어진다.\n  특히 올해 영상 부분을 처음 신설하여 다양한 형태의 무궁화주제 영상작품을 접수받고 작품상을 별도로 시상한다.\n  최종 수상작은 8월에 열리는 제31회 나라꽃 무궁화 전국축제 중앙행사에서 전시되며, 시상식은 이날 축제 개막식에서 진행될 예정이다. \n 자세한 내용은 공식 누리집(www.나라꽃무궁화.net)에서 확인할 수 있으며, 문의는 무궁화 문화작품 공모전 운영사무국(☎0269531310)로 하면 된다.\n 산림청 김주열 도시숲경관과장은 이번 공모전을 통해 매일아침 새로운 꽃을 피어내는 희망의 에너지를 지닌 무궁화를 나의 꽃으로 친숙하고 사랑할 수 있는 계기가 되길 바라고, 국민들의 많은 관심과 참여를 바란다라고 말했다.\n",
		"passage_Cnt": 717
	},
	"Annotation": {
		"summary1": "산림청은 새롭게 피어난 나의 꽃 무궁화를 담다라는 주제로 2021년 무궁화 문화작품 공모전을 개최하여 무궁화의 아름다움을 친숙하게 표현한 작품을 접수하고 있다.",
		"summary2": "산림청(청장 최병암)은 무궁화의 아름다움을 널리 알리고 일상 속 무궁화에 대한 관심을 높이기 위해 새롭게 피어난 나의 꽃 무궁화를 담다라는 주제로 2021년 무궁화 문화작품 공모전을 개최한다. 공모 부문은 손그림과 디지털그림, 사진, 영상부문이며, 새롭게 피어난 나의 꽃 무궁화의 아름다움을 친숙하게 표현한 작품이면 접수 가능하다.",
		"summary3": null,
		"summary_3_cnt": null
	}
}