{
	"Meta(Acqusition)": {
		"doc_id": "REPORT-briefing-20472",
		"doc_category": "REPORT",
		"doc_type": "briefing",
		"doc_name": "(210510)보도자료_소나무재선충병 방제, 고사목 이력 관리로 누락 잡는다!.hwp",
		"author": null,
		"publisher": null,
		"publisher_year": null,
		"doc_origin": "공공누리포털"
	},
	"Meta(Refine)": {
		"passage_id": "REPORT-briefing-20472-00002",
		"passage": " 지난 몇 년간의 방제 이력도 같이 볼 수 있어, 집단으로 누락되어 방제되지 않는다거나 예찰이 잘 안 되는 것으로 의심되는 지역은 콕 찍어서 현장에 가 확인해 볼 수 있다. \n 실제 예로 이번 방제 기간 경기도 가평, 양평, 포천, 남양주 등에서 그동안 방제에서 누락되어 2～3년간 방치되던 임지가 한꺼번에 드러나기도 하였다. 충남 청양, 경남 고성에서도 산림병해충 예찰방제단이 예찰하여 피해 고사목으로 입력한 지역을 찾아 가 보니, 재선충병이 상당히 퍼져 있어 누락하지 않고 방제 처리할 수 있었다. \n ’20년에 도입하여 활용한 이 시스템을 올해는 미발생 지역으로까지 확대할 예정이다. 사용법에 대해서도 지자체 담당자와 예찰방제단을 대상으로 5월부터 권역별로 교육을 할 계획이다. \n 소나무재선충병 피해목은 ’14년 218만 본이었다가 ’21년 31만 본까지 감소하고 있으나, 소규모로 발생하는 지역이 늘고 있어, 확산 방지를 위하여 경미 지역이나 미발생 지역도 예찰을 소홀히 할 수 없기 때문이다. \n  (‘17.4.) 109개, 99만 본 → (‘18.4.) 117개, 69만 본 → (’19.4.) 120개, 49만 본 → (‘20.4.) 124개, 41만 본 → (‘21.4.) 131개 시군구, 31만 본 \n 산림청 강혜영 산림병해충방제과장은, 우리나라가 소나무재선충병 방제를 포기하지 않고, 소나무류 한 그루, 한 그루를 관리해 온 현장의 비결을 스마트한 방식으로 접근한 것으로, 예찰 현장에서 적극적으로 활용하여 방제 성과로 이어지기를 바란다라고 말했다.\n",
		"passage_Cnt": 768
	},
	"Annotation": {
		"summary1": "산림병해충 예찰방제단이 예찰하여 소나무재선충병 방제를 포기하지 않고 현장의 비결을 스마트한 방식으로 접근한 시스템을 미발생 지역으로 확대할 예정이다.",
		"summary2": "’20년에 도입하여 활용한 이 시스템을 올해는 미발생 지역으로까지 확대할 예정이다. 충남 청양, 경남 고성에서도 산림병해충 예찰방제단이 예찰하여 피해 고사목으로 입력한 지역을 찾아 가 보니, 재선충병이 상당히 퍼져 있어 누락하지 않고 방제 처리할 수 있었다. 산림청 강혜영 산림병해충방제과장은, 우리나라가 소나무재선충병 방제를 포기하지 않고, 소나무류 한 그루, 한 그루를 관리해 온 현장의 비결을 스마트한 방식으로 접근한 것으로, 예찰 현장에서 적극적으로 활용하여 방제 성과로 이어지기를 바란다라고 말했다.",
		"summary3": null,
		"summary_3_cnt": null
	}
}