{
	"Meta(Acqusition)": {
		"doc_id": "REPORT-briefing-20374",
		"doc_category": "REPORT",
		"doc_type": "briefing",
		"doc_name": "(210415)보도자료_나무를 죽이는 행위, 나를 구속합니다.hwp",
		"author": null,
		"publisher": null,
		"publisher_year": null,
		"doc_origin": "공공누리포털"
	},
	"Meta(Refine)": {
		"passage_id": "REPORT-briefing-20374-00001",
		"passage": " 산림청(청장 최병암)과 경기도는 최근 부동산 투기를 위해 불법으로 입목을 고사 시키는 행위가 발생함에 따라, 15일부터 5월 31일까지 고의적인 입목고사 행위에 대한 특별단속을 실시한다.\n 현재 산림청과 자치단체에서는 ‘인천경기일원 산림 내 불법행위 점검’, ‘봄철 산림 내 불법행위 특별단속’을 실시 중에 있다.\n 이번 단속은 임야 지목변경을 통한 시세 차익 등을 위해 고의로 입목을 고사시키는 행위를 근절하기 위해 추진되었다.\n  산림청 산림드론감시단이 산림관할을 불문하고 드론을 띄워 넓은 면적의 산림에서 발생하는 불법행위를 효율적으로 감시하고, \n  피해 발생 우려지를 대상으로 산림특별사법경찰, 청원산림보호직원 등 산림사법인력이 현장단속을 실시한다.\n   산림특별사법경찰 : ’20 기준, 1,534명 /형사소송법제197조, 사법경찰관리의 직무를 수행할 자와 그 직무범위에 관한 법률에 따라 산림특별사법경찰 지명을 받은 공무원이 산림 내 범죄에 대한 수사업무 수행\n  산림드론감시단 : 산림청 직원으로 구성(32개단), 드론을 활용해 산림재해 감시 및 산림보호활동 등 수행 \n 중점 단속 대상은 고의로 입목을 고사시키는 행위 투기 목적으로 불법 산지전용을 하는 행위 등이다.\n  아울러 이미 시행 중인 계획에 따라 산지전용 허가지국유림 대부지 목적 외 사용 산림소유자의 동의 없이 산나물산약초를 채취하는 행위 등도 단속한다.\n 국유림, 사유림 등 산림 관할에 상관없이 강도 높은 책임단속을 실시하고, 불법행위가 적발된 경우에는 선처 없이 엄중 처벌할 방침이다.\n",
		"passage_Cnt": 768
	},
	"Annotation": {
		"summary1": "산림청과 자치단체에서 봄철 산림 내 불법행위 특별단속 등을 실시 중에 있으며 임야 지목변경을 통한 시세 차익 등을 위해 고의로 입목을 고사시키는 행위를 근절하기 위해 추진됐다.",
		"summary2": "현재 산림청과 자치단체에서는 ‘인천경기일원 산림 내 불법행위 점검’, ‘봄철 산림 내 불법행위 특별단속’을 실시 중에 있다. 이번 단속은 임야 지목변경을 통한 시세 차익 등을 위해 고의로 입목을 고사시키는 행위를 근절하기 위해 추진되었다.",
		"summary3": null,
		"summary_3_cnt": null
	}
}