{
	"Meta(Acqusition)": {
		"doc_id": "REPORT-briefing-20451",
		"doc_category": "REPORT",
		"doc_type": "briefing",
		"doc_name": "(210504)보도자료_숲 향기 들이 마시고, 근심 걱정은 내쉬고.hwp",
		"author": null,
		"publisher": null,
		"publisher_year": null,
		"doc_origin": "공공누리포털"
	},
	"Meta(Refine)": {
		"passage_id": "REPORT-briefing-20451-00001",
		"passage": " 산림청(청장 최병암)은 4일, 5월의 추천 국유림 명품숲으로 경북 봉화군 소천면 고선리 일대의 청옥산 생태경영 숲을 선정했다.\n 청옥산(해발 1,277m)은 백두대간에서 가지 쳐 나간 산자락이 봉화군에서 불끈 치솟아, 산세가 험하고 오지인 곳에 자리하고 있다.\n  지금은 보기 힘든 산나물 ‘청옥’이 많이 자라 산 이름으로 따왔다고도 하고, 산 아래 옥(玉) 광산에서 푸른 옥이 많이 나 지어졌다고도 한다.\n  태백산을 중심으로 일대에 1,000m가 넘는 산이 9개나 될 정도로 산세가 힘차며, 어떠한 산에도 뒤지지 않은 빼어난 풍경을 갖추고 있다.\n 산림청은 이곳을 금강소나무 육성을 위해 생태경영림으로 선정하여 관리하고 있으며, 이곳의 숲길은 아름다운 숲으로 선정될 만큼 이름나 있다.\n  소나무의 형질이 우수하며 참나무, 물푸레나무, 단풍나무 등 다양한 산림 수종이 생육하여 산림유전자원 보호구역으로 지정 관리 중이다.\n  2014년도 민간에서 주최한 아름다운 숲길 상을 받았으며, 정상까지 계곡을 따라 3.5km의 거리를 편안히 산책하듯 오를 수 있다.\n 청옥산 계곡 인근에는 소나무 우량 숲으로 여느 곳에 뒤지지 않고 야영하기 좋은 최고의 휴양림인 ‘국립청옥산자연휴양림’이 자리하고 있다.\n  해발 800m에 자리 잡고 있는 휴양림 주변에는 수령이 100년도 넘는 아름드리 소나무와 잣나무, 낙엽송 등이 울창하다.\n  봄철 계곡 부위에 자생하는 함박꽃나무의 꽃이 장관을 이루며, 여름철엔 피톤치드가 가득한 울창한 숲에서 산림욕하기에 알맞은 장소이다.\n",
		"passage_Cnt": 762
	},
	"Annotation": {
		"summary1": "산림청은 산세가 험하고 오지인 곳에 자리하고 있는 청옥산 생태경영 숲을 국유림 명품숲으로 선정했다.",
		"summary2": "산림청(청장 최병암)은 4일, 5월의 추천 국유림 명품숲으로 경북 봉화군 소천면 고선리 일대의 청옥산 생태경영 숲을 선정했다. 청옥산(해발 1,277m)은 백두대간에서 가지 쳐 나간 산자락이 봉화군에서 불끈 치솟아, 산세가 험하고 오지인 곳에 자리하고 있다.",
		"summary3": null,
		"summary_3_cnt": null
	}
}