{
	"Meta(Acqusition)": {
		"doc_id": "REPORT-briefing-20613",
		"doc_category": "REPORT",
		"doc_type": "briefing",
		"doc_name": "(210602) 서울 동대문구 아파트 정문 앞 안전한 통학로 설치공사 착수(최종).hwp",
		"author": null,
		"publisher": null,
		"publisher_year": null,
		"doc_origin": "공공누리포털"
	},
	"Meta(Refine)": {
		"passage_id": "REPORT-briefing-20613-00001",
		"passage": "               \n \n 서울특별시 동대문구 답십리동 A아파트(472세대) 정문 앞에 통학로 설치공사가 착공돼 등‧하교 시 학생과 학부모의 교통사고 우려가 해소될 전망이다. 이는 국민권익위원회(위원장 전현희, 이하 국민권익위)의 집단민원 조정 이후 1년 반 만이다.\n 지난 2008년 12월에 입주를 시작한 A아파트는 정문과 연결되는 폭 6m의 도로에 보행로가 없어 차량과 학생들 간 접촉사고 등 교통안전 사고가 빈번하게 발생했다.\n  이에 입주민 431명은 학생들의 통학로 개설 등 교통안전대책을 마련해 달라며 2019년 5월 국민권익위에 집단민원을 제기했다.\n  국민권익위는 수차례 현장조사와 동대문구, 한국전력공사, 동대문경찰서 등 관계기관 협의를 거쳐 2019년 11월 현장조정회의를 열고 민원인 대표와 관계기관 간‘조정’합의를 이끌어 냈다.\n  이에 따라 동대문구는 경관녹지에 통학로 개설을 위한 관련 행정절차를 진행하고 교통안전시설심의위원회 심의결과에 따라 교통안전시설을 설치하기로 했다.\n  한국전력공사는 경관녹지에 설치된 전봇대 이설 비용을 부담하고, 동대문경찰서는 통학로 주변 도로에 교통안전대책을 마련하기로 했다.\n 조정내용을 이행하는 과정에서 서울특별시와 동대문구가 경관녹지를 통학로로 변경하기 어렵다는 의견을 제시해 통학로 개설에 많은 어려움이 있었다.\n  그러나 국민권익위는 수차례 관계기관 회의를 통해 경관녹지와 통학로의 도시계획시설 중복 결정이 가능함을 설득해 1년 반 만에 통학로 설치공사가 착공됐다.\n",
		"passage_Cnt": 750
	},
	"Annotation": {
		"summary1": "국민권익위가 수차례 회의에서 경관녹지와 통학로의 도시계획시설 중복 결정이 가능함을 설득하여 등·하교 시 교통사고가 우려되던 A아파트 정문 앞에 통학로 설치공사가 착공되었다.",
		"summary2": "서울특별시 동대문구 답십리동 A아파트(472세대) 정문 앞에 통학로 설치공사가 착공돼 등‧하교 시 학생과 학부모의 교통사고 우려가 해소될 전망이다. 그러나 국민권익위는 수차례 관계기관 회의를 통해 경관녹지와 통학로의 도시계획시설 중복 결정이 가능함을 설득해 1년 반 만에 통학로 설치공사가 착공됐다.",
		"summary3": null,
		"summary_3_cnt": null
	}
}