{
	"Meta(Acqusition)": {
		"doc_id": "REPORT-briefing-20441",
		"doc_category": "REPORT",
		"doc_type": "briefing",
		"doc_name": "(210430)보도자료_지리산둘레길, 백두대간트레일, 디엠지(DMZ)펀치볼둘레길, 대관령숲길을 국가숲길로 지정.hwp",
		"author": null,
		"publisher": null,
		"publisher_year": null,
		"doc_origin": "공공누리포털"
	},
	"Meta(Refine)": {
		"passage_id": "REPORT-briefing-20441-00001",
		"passage": " 산림청(청장 최병암)은 상징성, 대표성이 높아 체계적 운영관리가 필요한 숲길에 대해 산림복지심의위원회의 심의를 거쳐 5월 1일부터 국가숲길로 지정한다.\n  숲길이란 등산트레킹레저스포츠탐방 또는 휴양치유 등의 활동을 위하여 산림에 조성한 길과 연결된 산림 밖의 길을 포함하여 말한다.\n  숲길종류 : 등산로, 트레킹길(도보여행: 둘레길, 트레일), 산림레포츠길, 탐방로, 휴양치유숲길\n 이번에 국가숲길로 최초 지정한 숲길은 지리산둘레길, 백두대간트레일, 디엠지(DMZ)펀치볼둘레길, 대관령숲길 등 4개 숲길이다.\n  지리산둘레길은 전라북도(남원시), 전라남도(구례군), 경상남도(산청함양하동군)의 지리산을 중심으로 조성한 289km의 둘레길로 지리산자락의 수려한 산림경관과 마을정취를 느낄 수 있다.\n  백두대간트레일은 강원도 인제홍천평창양구고성군 지역에 있는 206km의 숲길로 100대 명산인 방태산대암산점봉산 등 수려한 산림경관이 일품이다.\n  디엠지(DMZ)펀치볼둘레길은 강원도 양구군에 위치한 73km의 둘레길로 타원형의 분지지형에 어우러진 1천 미터 이상의 높은 산으로 둘러싸인 산림경관과 625전쟁, 남북분단의 현실을 느낄 수 있다.\n  펀치볼(Punch Bowl)은 한국전쟁 당시 미국 종군기자가 가칠봉에서 본 노을빛 분지의 아름다운 풍경이 유리잔에 담긴 칵테일 빛과 같고 해안분지의 형상이 화채그릇처럼 보여 탄성을 질렀다는 일화에서 붙여진 이름\n  대관령숲길은 강원도 영동과 영서의 관문인 대관령에 위치한 103km의 숲길로 아름드리 금강소나무림, 양떼목장, 동계올림픽개최지, 대관령자연휴양림치유의 숲 등 볼거리, 체험거리가 풍부한 곳이다.\n",
		"passage_Cnt": 816
	},
	"Annotation": {
		"summary1": "산림청에서 지리산둘레길, 백두대간트레일, 디엠지펀치볼둘레길, 대관령숲길을 산림복지심의위원회의 심의를 거쳐서 국가숲길로 지정한다.",
		"summary2": "산림청(청장 최병암)은 상징성, 대표성이 높아 체계적 운영관리가 필요한 숲길에 대해 산림복지심의위원회의 심의를 거쳐 5월 1일부터 국가숲길로 지정한다. 이번에 국가숲길로 최초 지정한 숲길은 지리산둘레길, 백두대간트레일, 디엠지(DMZ)펀치볼둘레길, 대관령숲길 등 4개 숲길이다.",
		"summary3": null,
		"summary_3_cnt": null
	}
}