{
	"Meta(Acqusition)": {
		"doc_id": "REPORT-briefing-20335",
		"doc_category": "REPORT",
		"doc_type": "briefing",
		"doc_name": "(210409) [공공재정환수법 시행 1년] 국민권익위, “부정청구 한 공공재정지급금 총 5만3천여 건, 453억 원 환수돼”(최종).hwp",
		"author": null,
		"publisher": null,
		"publisher_year": null,
		"doc_origin": "공공누리포털"
	},
	"Meta(Refine)": {
		"passage_id": "REPORT-briefing-20335-00001",
		"passage": "               \n 국민권익위원회가공공재정환수법시행 1년을 맞아 실태조사를 벌인 결과, 중앙지방 행정기관과 교육기관의 공공재정지급금 중 부정청구 한 52,995건에 대해 453억 원을 환수조치하고 45건에 대해 제재부가금 2억6천여만 원을 부과한 것으로 나타났다.\n  국민권익위원회(위원장 전현희, 이하 국민권익위)는 법 시행(2020.1.1.) 후 1년간 중앙지방교육재정에서 지급된 공공재정지급금을 대상으로 환수 및 제재부가금 부과 등 실태를 조사했다.\n  법령 또는 자치법규에 따라 공공기관이 조성취득하거나 관리처분사용하는 금품등에서 제공되는 보조금보상금출연금이나 그 밖에 상당한 반대급부를 받지 아니하고 제공되는 금품 등\n  조사결과, 환수 등이 많은 분야는 ▴(중앙재정) 생계급여 등 사회복지, 의료원 지원 등 보건, 연구개발 지원 등 산업통신, 전쟁기념사업 등 국방 분야 ▴(지방재정) 사회복지, 산업, 보건, 유가보조금 등 교통물류 분야 ▴(교육재정) 사립유치원 등 유아교육 지원, 누리과정, 사학재정 분야 순으로 나타났다. \n< 2020년 공공재정지급금 예산액 및 환수액 >\n 출처 : 중앙(한국재정정보원, ‘20 주요재정통계), 지방(행안부, ’20 통합재정), 교육(교육부 교육재정과)\n (조사 기간) 2021.1.12.∼2.28, (조사 대상) 중앙(55개), 지방(243개), 교육(17개)\n< 재정별 환수금액 비중 >\n  부정청구 한 사례로, 한 단체는 중앙부처가 지원한 청년일자리사업 보조금으로 당초 협약한 일자리 사업장이 아닌 다른 사업장 업무를 수행하는 등 협약 내용과 다르게 보조 사업을 추진해 보조금 전액인 2천5백만 원이 환수조치 되고 1억6백만 원의 제재부가금이 부과징수됐다. \n",
		"passage_Cnt": 853
	},
	"Annotation": {
		"summary1": "국민권익위가 제재부가금 부과 실태를 조사한 결과 환수가 많은 분야는 사회복지, 보건 등 순으로 나타났다.",
		"summary2": "국민권익위원회(위원장 전현희, 이하 국민권익위)는 법 시행(2020.1.1.) 후 1년간 중앙지방교육재정에서 지급된 공공재정지급금을 대상으로 환수 및 제재부가금 부과 등 실태를 조사했다. 조사결과, 환수 등이 많은 분야는 ▴(중앙재정) 생계급여 등 사회복지, 의료원 지원 등 보건, 연구개발 지원 등 산업통신, 전쟁기념사업 등 국방 분야 ▴(지방재정) 사회복지, 산업, 보건, 유가보조금 등 교통물류 분야 ▴(교육재정) 사립유치원 등 유아교육 지원, 누리과정, 사학재정 분야 순으로 나타났다.",
		"summary3": null,
		"summary_3_cnt": null
	}
}