{
	"Meta(Acqusition)": {
		"doc_id": "REPORT-briefing-20351",
		"doc_category": "REPORT",
		"doc_type": "briefing",
		"doc_name": "(210413) 입시비리 근로강요 등도 공익신고로 보호받는다(최종).hwp",
		"author": null,
		"publisher": null,
		"publisher_year": null,
		"doc_origin": "공공누리포털"
	},
	"Meta(Refine)": {
		"passage_id": "REPORT-briefing-20351-00001",
		"passage": "               \n 앞으로 근로기준법, 사립학교법, 초중등교육법, 고등교육법 위반행위를 신고한 사람도 공익신고자로서 보호된다. 또한, 국민권익위원회는 공익신고등을 이유로 한 모든 쟁송절차에 소요된 비용에 대해 구조금을 지급한다.\n  국민권익위원회(위원장 전현희, 이하 국민권익위)는 위와 같은 내용을 담은 공익신고자 보호법 개정안이 지난 3월 24일 국회 본회의를, 오늘 국무회의를 통과해 4월 20일에 공포될 예정이라고 밝혔다.\n 지난해 11월 20일 공익신고 대상 법률이 역대 최대로 확대(284개→467개)된 데 이어, 이번에 추가된 4개 법률은 교육현장과 근로현장에서의 공익침해행위와 관련된 법률이라는 점에서 의미가 있다.\n  공익신고 대상은 ▴국민의 건강 ▴안전 ▴환경 ▴소비자이익 ▴공정한 경쟁 ▴이에 준하는 공공의 이익을 침해하면서 471개 공익신고 대상 법률을 위반하는 ‘공익침해행위’다. \n  특히, 이번 대상법률 추가로 ▴임산부에게 야간근로를 시키거나 출산휴가를 주지 않는 행위 ▴폭행, 협박, 감금 등으로 근로를 강요하는 행위, ▴학교법인의 수익을 사립학교 경영 외의 목적에 사용하는 행위 ▴부정한 방법으로 국가나 지자체로부터 교육비를 지원받는 행위 ▴학생의 학교생활기록을 동의 없이 제3자에게 제공하는 행위 ▴대입시험 문제를 유출유포하는 행위 등을 신고한 사람도 공익신고자로 보호할 수 있게 됐다. 대상법률 추가는 공포 즉시 시행될 예정이다.\n",
		"passage_Cnt": 714
	},
	"Annotation": {
		"summary1": "사립학교법, 고등교육법 등의 위반행위를 신고한 사람도 공익신고자로서 보호되고 공익신고 등을 이유로 한 모든 쟁송절차에 소요된 비용은 국민권익위원회에서 구조금을 지급한다.",
		"summary2": "앞으로 근로기준법, 사립학교법, 초중등교육법, 고등교육법 위반행위를 신고한 사람도 공익신고자로서 보호된다. 또한, 국민권익위원회는 공익신고등을 이유로 한 모든 쟁송절차에 소요된 비용에 대해 구조금을 지급한다.",
		"summary3": null,
		"summary_3_cnt": null
	}
}