{
	"Meta(Acqusition)": {
		"doc_id": "REPORT-briefing-20350",
		"doc_category": "REPORT",
		"doc_type": "briefing",
		"doc_name": "(210413) 국민권익위, 코로나19로 어려움을 겪고 있는 문화예술인 지원 문체부에 정책제안 (최종).hwp",
		"author": null,
		"publisher": null,
		"publisher_year": null,
		"doc_origin": "공공누리포털"
	},
	"Meta(Refine)": {
		"passage_id": "REPORT-briefing-20350-00001",
		"passage": "               \n 앞으로 예술인 복지서비스를 받기 위한 예술활동증명 발급이 원활해지고, 단기 보다는 장기 공모사업을 확대해 보다 안정적인 예술 활동을 지원할 전망이다. \n  국민권익위원회(위원장 전현희, 이하 국민권익위)는 예술인들과의 간담회를 통해 고충을 청취하고 코로나19로 어려움을 겪고 있는 문화예술인을 지원하기 위해 문화체육관광부에 ‘정책제안’ 했다.\n 국민권익위는 예술인 복지서비스를 제공받기 위해 예술활동증명 발급이 필요하나 증명신청이 폭주해 발급처리가 지연됨에 따라 심의위원의 수를 늘리도록 했다. 또 장애예술인의 장애 종류나 정도, 예술 분야에 따라 예술작품 창작 활동이 다를 수 있기 때문에 이러한 특수성을 분석해 반영하도록 했다.  \n  또 한국문화예술위원회의 경우 심의위원 대다수가 서울과 수도권에 편중돼 지방의 특수성을 고려하지 못한 채 예술지원 정책이 수립됨에 따라 지역 심의위원 비중을 높이고 지방자치단체 문화재단 등과 공식적인 소통 창구를 개설하도록 했다.\n  이와 함께 단기 공모사업 등 단기 정책으로 안정적인 창작활동을 저해함에 따라 2년 이상 장기 공모사업을 확대하도록 했다.\n \n  또한, 수개월의 작품 준비기간이 예술용역계약에 포함되어있지 않아 준비기간 중 사고 발생 시 산재보험이 미 적용되는 등의 피해를 방지하기 위해 표준계약서에 준비기간을 포함하도록 했다.\n  코로나19 확산으로 공연이 취소 또는 연기돼 예술인의 생계가 어려워짐에 따라 4차 재난지원금 대상에 예술인을 포함시키도록 했다.\n",
		"passage_Cnt": 753
	},
	"Annotation": {
		"summary1": "국민권익위원회는 코로나19로 어려움을 겪고 있는 문화예술인을 지원하기 위해 문화체육관광부에 정책제안을 했으며 장기 공모사업을 확대해 안정적 예술활동을 지원할 전망이다.",
		"summary2": "앞으로 예술인 복지서비스를 받기 위한 예술활동증명 발급이 원활해지고, 단기 보다는 장기 공모사업을 확대해 보다 안정적인 예술 활동을 지원할 전망이다. 국민권익위원회(위원장 전현희, 이하 국민권익위)는 예술인들과의 간담회를 통해 고충을 청취하고 코로나19로 어려움을 겪고 있는 문화예술인을 지원하기 위해 문화체육관광부에 ‘정책제안’ 했다.",
		"summary3": null,
		"summary_3_cnt": null
	}
}