{
	"Meta(Acqusition)": {
		"doc_id": "REPORT-briefing-20544",
		"doc_category": "REPORT",
		"doc_type": "briefing",
		"doc_name": "(210524)보도자료_천상의 화원 곰배령 산림유전자원 지역주민과 함께 보호.hwp",
		"author": null,
		"publisher": null,
		"publisher_year": null,
		"doc_origin": "공공누리포털"
	},
	"Meta(Refine)": {
		"passage_id": "REPORT-briefing-20544-00001",
		"passage": " 산림청은(청장 최병암) 미래세대를 위하여 보전해야 할 인류의 자연유산인 점봉산 곰배령 산림유전자원의 엄격한 보호를 위해 노력하고 2009년부터 제한적 탐방제를 운영하고 있다.\n 연중 입산통제 지역이나, 지정된 탐방로에 한해 하절기(4.21~10.31), 동절기(12.16~2.28) 제한적 탐방제를 실시하며, 매주 월화요일은 휴무\n 점봉산은 자생종의 약 20%에 해당하는 약 850종의 식물이 자생할 뿐만 아니라 오랜 시간에 걸쳐 숲이 서서히 변화해 가는 천이 과정의 마지막 단계인 극상림을 이루고 있는 한반도의 대표적인 원시림이다.\n　극상림 : 해당 지역의 기후 조건에 적응하여 오랜 기간에 걸쳐 안정적인 상태에 이른 단계. 산림이 파괴되지 않고 오랜 기간이 지나 종 구성이 평형 상태에 이르렀을 때 그 산림을 극상림이라고 부른다\n o 점봉산에는 신갈나무로 이루어진 낙엽활엽수와 전나무, 주목과 같은 상록침엽수종이 어우러진 원시림과 모데미풀, 한계령풀, 구실바위취 등 특산희귀식물을 포함한 다양한 야생화가 자생하고 있다.\n 점봉산의 뛰어난 산림생물다양성을 체계적이고 안정적으로 보전하기 위해 일대를 산림유전자원보호구역과 백두대간보호지역으로 지정하여 연중 입산통제하고 있다. \n  1987년 산림유전자원보호구역 2,049ha, 2005년, 백두대간보호지역 2,979ha 지정\n 이처럼 점봉산에는 아무나 입산할 수 없으나, 산림청은 ‘천상의 화원’이라 불리는 점봉산의 다양한 산림유전자원을 국민이 이용할 수 있도록 하고, 이를 통해 산림생태계 보호에 대한 국민들의 이해를 높이고자 제한적탐방제(사전예약제)를 운영하고 있다. \n",
		"passage_Cnt": 798
	},
	"Annotation": {
		"summary1": "산림청이 한반도의 대표 원시림인 점봉산의 보호를 위해 2009년부터 제한적 탐방제를 운영하고 있다.",
		"summary2": "산림청은(청장 최병암) 미래세대를 위하여 보전해야 할 인류의 자연유산인 점봉산 곰배령 산림유전자원의 엄격한 보호를 위해 노력하고 2009년부터 제한적 탐방제를 운영하고 있다. 점봉산은 자생종의 약 20%에 해당하는 약 850종의 식물이 자생할 뿐만 아니라 오랜 시간에 걸쳐 숲이 서서히 변화해 가는 천이 과정의 마지막 단계인 극상림을 이루고 있는 한반도의 대표적인 원시림이다.",
		"summary3": null,
		"summary_3_cnt": null
	}
}