{
	"Meta(Acqusition)": {
		"doc_id": "REPORT-briefing-20536",
		"doc_category": "REPORT",
		"doc_type": "briefing",
		"doc_name": "(210521)보도자료_국제 생물다양성의 날, 산림의 다양한 가치 발휘되도록 관리한다..hwp",
		"author": null,
		"publisher": null,
		"publisher_year": null,
		"doc_origin": "공공누리포털"
	},
	"Meta(Refine)": {
		"passage_id": "REPORT-briefing-20536-00002",
		"passage": "  산림보호구역(451천ha, ’20) : 수원함양, 재해방지, 산림유전자원보호 등 특별히 보호가 필요한 산림을 지정하여 벌채 제한, 임산물 채취 금지 등 엄격히 보호\n 분포면적이 줄어들고 있는 기후변화 취약 식물 종에 대해서는 전국 수목원과 연계하여 자생지 및 자생지 이외 지역에 보전하여, 2020년에는 국제적 기준을 초과 달성하는 업적도 거둔 바 있다.\n  지구식물보전전략(GSPC) 2020 : 2020년까지 취약 식물종의 75% 이상 현지 내외 보전\n  희귀식물(571종) 중 현지 내외 보전 종은 496종으로 87% 달성 (’20.12월)\n 산림의 건강성 제고와 생태적 연결성 증진을 위해 비무장지대(DMZ)백두대간 등 주요 생태축 복원에도 매진하고 있다. 지난 4년간은 훼손된 산림 104ha를 복원하는 성과를 거두었으며, 도로 등으로 단절된 백두대간 마루금 5개소를 연결복원하였다.\n 아울러, 2018년 8월부터 나고야의정서가 발효됨에 따라 산림생명자원의 주권의 확보하기 위하여 유용식물 수집 및 보존, 실용화 기술 개발 및 이용 활성화 등의 정책도 추진 중이다.\n  유용 자생종 등 산림자원 확보(36천점, ’20), 유용 산림생명자원 분양(45천점, ’20) 등\n 산림청 김용관 산림보호국장은 산림유전자원보호구역과 같이 보호가치가 높은 산림(167만ha)은 생물다양성을 높이도록 철저히 보호관리하는 한편, 지속가능한 산림경영 통해 산림생물자원 부국을 건설해 나가겠다라고 전했다.\n",
		"passage_Cnt": 726
	},
	"Annotation": {
		"summary1": "산림의 건강성 제고와 생태적 연결성 증진을 위해 DMZ 백두대간 복원에 매진하여 훼손된 산림 104ha를 복원하는 성과를 거두고 백두대간 마루금 5개소를 연결 복원했다.",
		"summary2": "산림의 건강성 제고와 생태적 연결성 증진을 위해 비무장지대(DMZ)백두대간 등 주요 생태축 복원에도 매진하고 있다. 지난 4년간은 훼손된 산림 104ha를 복원하는 성과를 거두었으며, 도로 등으로 단절된 백두대간 마루금 5개소를 연결복원하였다.",
		"summary3": null,
		"summary_3_cnt": null
	}
}