{
	"Meta(Acqusition)": {
		"doc_id": "REPORT-briefing-20494",
		"doc_category": "REPORT",
		"doc_type": "briefing",
		"doc_name": "(210513) 보도자료_산림생물다양성 증진으로 기후위기에 대응.hwp",
		"author": null,
		"publisher": null,
		"publisher_year": null,
		"doc_origin": "공공누리포털"
	},
	"Meta(Refine)": {
		"passage_id": "REPORT-briefing-20494-00001",
		"passage": " 최병암 산림청장은 13일 울진 소광리 금강소나무 군락지를 찾아 산림의 생태적 관리와 국가 보호지역 관리강화 방안에 대해 논의하였다.\n 토론회가 열린 울진 소광리 금강소나무 군락지는 금강송의 체계적인 관리와 후계목 육성을 위해 1982년 산림유전자보호구역으로 지정하여 지속해서 관리하는 대표적인 보호구역이다.\n o 울진 소광리 금강소나무는 평균 수령 150년, 수고 25m, 경급 38cm로 일반 산림보다 월등히 우수하고 목재의 형질 또한 빼어나 1680년 숙종 6년 황장봉산으로 지정되기도 했다.\n   황장봉산(黃腸封山) : 임금의 관을 만드는 데 쓰이던 질이 좋은 소나무 황장목 목재가 분포하는 양질의 산림을 왕실에서 필요로 하는 용도로 사용하고자 일반인에 의한 벌채와 입산을 금지한 산\n o 한편, 금강소나무 숲에는 꼬리진달래, 세잎승무 등 산림청 지정 희귀특산식물과 대왕소나무, 500년 소나무 등의 보호수가 자라고 있다.\n 이날 참석자들은 잘 보호되고 있는 소광리 금강소나무 군락지의 관리현황을 살펴보고, 기후위기에 대응하기 위해서는 이와 같은 산림생태계 보호가 필요하다는데 입을 모았다.\n o 올해 울진국유림관리소에서는 소광리 산림유전자원보호구역의 체계적인 관리를 위해 식생변화조사 및 관리방안 마련을 위한 연구용역을 시작하였고, 우량숲 생물 다양성증진사업을 계획하고 있다.\n o 지난해 우리나라는 기후변화로 인한 지구온난화를 막기 위해 ‘탄소중립 2050’을 선언한 바 있으며, 산림은 최대의 탄소흡수원으로 탄소중립을 실현하는데 그 역할이 크다.\n",
		"passage_Cnt": 761
	},
	"Annotation": {
		"summary1": "최 산림청장은 산림유전자보호구역으로 지정된 울진 소광리 금강소나무 군락지를 찾아 산림의 생태적 관리와 국가 보호 지역 관리 강화 방안에 대해 논의했다.",
		"summary2": "최병암 산림청장은 13일 울진 소광리 금강소나무 군락지를 찾아 산림의 생태적 관리와 국가 보호지역 관리강화 방안에 대해 논의하였다. 토론회가 열린 울진 소광리 금강소나무 군락지는 금강송의 체계적인 관리와 후계목 육성을 위해 1982년 산림유전자보호구역으로 지정하여 지속해서 관리하는 대표적인 보호구역이다.",
		"summary3": null,
		"summary_3_cnt": null
	}
}