{
	"Meta(Acqusition)": {
		"doc_id": "REPORT-briefing-20412",
		"doc_category": "REPORT",
		"doc_type": "briefing",
		"doc_name": "(210427) 국민권익위 전원위원회, 대한항공 송현동 부지 매각 갈등 조정 최종 확인(최종).hwp",
		"author": null,
		"publisher": null,
		"publisher_year": null,
		"doc_origin": "공공누리포털"
	},
	"Meta(Refine)": {
		"passage_id": "REPORT-briefing-20412-00001",
		"passage": " 국민권익위원회(위원장 전현희, 이하 국민권익위)가 ‘대한항공 송현동 부지 매각을 위한 조정서’를 최종 확인함으로써, 삼성생명에게 1997년 매각된 이후 닫혀 있었던 송현동 땅이 국민권익위 조정으로 24년 만에 역사문화공원 조성을 통해 서울특별시민에게 개방하는 기틀이 마련됐다.\n  국민권익위는 지난 3월 31일 대한항공, 서울특별시, 한국토지주택공사(LH)가 서명 완료한 조정서를 소위원회를 거쳐 26일 전원위원회에 상정하여 최종 확인했다고 밝혔다. 이로써 조정서는 부패방지권익위법에 따라 민법상 화해의 효력이 발생하여 서명한 당사자들에게 조정내용을 이행할 법적구속력이 생긴다.\n  부패방지 및 국민권익위원회의 설치와 운영에 관한 법률제45조에 따라 조정은 당사자가 합의한 사항을 조정서에 기재한 후 당사자가 서명하고 국민권익위원회가 이를 확인함으로써 성립하고, 민법상의 화해와 같은 효력이 있다.\n 국민권익위는 서울특별시와 LH공사, 대한항공 채권단 등 다양한 이해관계자 등과 수십 차례의 회의와 의견조율 과정을 거쳐, 각자의 입장을 이해시키고 양보를 이끌어 내어 최종 조정안을 마련했다.\n  신속한 부지 매각이 급선무였던 대한항공, 도시계획시설 결정 등 행정절차를 준수해야 하는 서울특별시, 주택공급을 위한 부지가 필요한 LH공사 모두가 만족하는 조정합의안을 도출한 것이다.\n 국민권익위의 최종 확인을 통해 성립된 합의 사항은 크게 계약 방식과 가격결정 및 대금지급 방식이다. \n",
		"passage_Cnt": 719
	},
	"Annotation": {
		"summary1": "국민권익위는 대한항공 등이 서명 완료한 조정서를 최종 확인했다고 밝혔고 이로써 부패방지권익위법에 따라 서명한 당사자들에게 조정내용을 이행할 법적구속력이 생긴다.",
		"summary2": "국민권익위는 지난 3월 31일 대한항공, 서울특별시, 한국토지주택공사(LH)가 서명 완료한 조정서를 소위원회를 거쳐 26일 전원위원회에 상정하여 최종 확인했다고 밝혔다. 이로써 조정서는 부패방지권익위법에 따라 민법상 화해의 효력이 발생하여 서명한 당사자들에게 조정내용을 이행할 법적구속력이 생긴다.",
		"summary3": null,
		"summary_3_cnt": null
	}
}