{
	"Meta(Acqusition)": {
		"doc_id": "REPORT-briefing-20428",
		"doc_category": "REPORT",
		"doc_type": "briefing",
		"doc_name": "(210429)보도자료_산림부문 탄소중립 전략, 숲의 다양한 가치를 고려해 수립 예정(브리핑).hwp",
		"author": null,
		"publisher": null,
		"publisher_year": null,
		"doc_origin": "공공누리포털"
	},
	"Meta(Refine)": {
		"passage_id": "REPORT-briefing-20428-00002",
		"passage": " 산림청이 숲의 다양한 공익적 가치를 고려하지 않는다는 비판에 대해\n  산림청은 현재 생물다양성 증진 등 산림의 공익적 가치 증진을 위해 희귀ㆍ특산식물 자생지, 수원함양림, 백두대간과 같은 핵심 생태축을 보호지역으로 지정하여 관리하고 있으며, 앞으로 지정 면적도 확대할 계획이다.\n  구상나무 등 멸종위기 고산 침엽수종 점검 및 현지 외 보전원 조성, 백두대간ㆍ비무장지대(DMZ) 일원ㆍ섬 지역 등 생태적 가치가 우수한 산림 중 훼손지역에 대한 생태적 복원 등 산림의 공익적 가치 증진을 위한 노력도 지속해서 추진 중이다. \n  특히, 백두대간 보호를 위해 환경부와 함께 2005년백두대간 보호에 관한 법률을 제정한 이후 지정 면적을 확대해오고 있으며, 지난해에는 백두대간 및 주요 산줄기 정맥 보전을 위한 제도를 정비하는 등 제도적 기반을 바탕으로 건강한 산림을 조성하기 위한 정책을 추진해나갈 계획이다.\n   \n 베어낸 나무를 잘 활용하지 못하고 있다는 비판에 대해\n  산림청은 수확된 원목에 대해 사용기간이 긴 제재목의 사용 비율을 높이고, 건축 목구조(CLT)기술 등 첨단 공학목재 가공 기술을 이용해 목조 건축을 늘리는 한편, 플라스틱 대체재, 목섬유 단열재 개발 등 연구개발을 통해 국산 목재의 이용을 확대할 계획이다.\n  원목은 제재목으로, 부산물은 보드용이나 펄프용으로, 가지ㆍ병해충 피해목 등 미이용 산림바이오매스는 연료용으로 이용하는 것을 원칙으로 하여 수확된 나무의 다양한 활용을 목표로 정책을 추진 중이다.\n",
		"passage_Cnt": 744
	},
	"Annotation": {
		"summary1": "구상나무 등 백두대간·비무장지대일원 등 생태적 가치가 우수한 산림 중 훼손지역에 대한 생태적 복운 등 산림의 공익적 가치 증진을 위한 노력도 지속해서 추진 중이다. ",
		"summary2": "구상나무 등 멸종위기 고산 침엽수종 점검 및 현지 외 보전원 조성, 백두대간ㆍ비무장지대(DMZ) 일원ㆍ섬 지역 등 생태적 가치가 우수한 산림 중 훼손지역에 대한 생태적 복원 등 산림의 공익적 가치 증진을 위한 노력도 지속해서 추진 중이다.",
		"summary3": null,
		"summary_3_cnt": null
	}
}