{
	"Meta(Acqusition)": {
		"doc_id": "REPORT-briefing-20571",
		"doc_category": "REPORT",
		"doc_type": "briefing",
		"doc_name": "(210527)보도자료_제주지역 산림유전자원보호구역 적극 관리에 나서.hwp",
		"author": null,
		"publisher": null,
		"publisher_year": null,
		"doc_origin": "공공누리포털"
	},
	"Meta(Refine)": {
		"passage_id": "REPORT-briefing-20571-00001",
		"passage": " 산림청(청장 최병암)은 제주의 9개소 1,201㏊의 산림유전자원보호구역을 적극적으로 관리하기 위한 ‘제주 국립산림생태관리센터’ 운영 준비가 한창이라고 27일 밝혔다. \n 제주 산림생태관리센터는 곶자왈, 산림습원 등 보전가치가 높은 제주의 산림생태계를 보호하기 위해 2020년 12월에 준공되었다.\n 제주고사리삼, 금새우란, 밤일엽, 호랑가시나무 등 희귀식물 자생지뿐만 아니라, 내륙에서는 보기 어려운 상록활엽수가 분포하는 등 제주지역은 높은 산림생물다양성을 보유하여 그 보전가치가 매우 크다.\n 한편, 산림청은 산림보호법에 따라 ‘산림에 있는 식물의 유전자와 종(種) 또는 산림생태계의 보전을 위하여 필요하다고 인정되는 구역’을 산림유전자원보호구역으로 지정하여 벌채 제한, 임산물 채취 금지 등 엄격히 보호하고 있다. 또한, 주요 거점 보호구역에는 산림생태관리센터를 설치하여 생육환경 개선 및 불법행위 단속 등 집중적으로 관리한다.\n 제주 산림생태관리센터는 올 5월 말까지 산림생태관리원을 채용하여 생육환경개선사업, 조사점검 등 산림보호활동을 수행하게 된다. 또한 보전과 이용의 조화를 통한 지역경제 활성화를 도모하기 위해 내년부터는 인근 산림을 활용한 탐방프로그램도 운영할 계획이다.\n 탐방프로그램 운영을 위해 올 연말까지 중장기 운영계획 수립, 탐방로 설치 및 프로그램 개발 등 준비과정을 거치게 된다.\n 산림청 김명관 산림환경보호과장은 센터가 본격적으로 운영되면, 생태적 가치가 우수한 제주지역의 산림유전자원보호구역을 효과적으로 보전하고, 지역사회에 공익가치를 환원함으로써 자발적 보호의식을 고취할 수 있을 것으로 기대한다라고 밝혔다.\n",
		"passage_Cnt": 808
	},
	"Annotation": {
		"summary1": "산림청은 제주의 산림유전자원보호구역을 관리하기 위한 제주 국립산림생태관리센터 운영 준비가 한창이라고 밝혔고 보전가치가 높은 제주의 산림생태계를 보호하기 위해 준공되었다.",
		"summary2": "산림청(청장 최병암)은 제주의 9개소 1,201㏊의 산림유전자원보호구역을 적극적으로 관리하기 위한 ‘제주 국립산림생태관리센터’ 운영 준비가 한창이라고 27일 밝혔다. 제주 산림생태관리센터는 곶자왈, 산림습원 등 보전가치가 높은 제주의 산림생태계를 보호하기 위해 2020년 12월에 준공되었다.",
		"summary3": null,
		"summary_3_cnt": null
	}
}