{
	"Meta(Acqusition)": {
		"doc_id": "REPORT-briefing-20349",
		"doc_category": "REPORT",
		"doc_type": "briefing",
		"doc_name": "(210413) 국민권익위, 이번달 13일 충남도의회 시작으로지방의회 대상 이해충돌방지 교육 실시 (최종).hwp",
		"author": null,
		"publisher": null,
		"publisher_year": null,
		"doc_origin": "공공누리포털"
	},
	"Meta(Refine)": {
		"passage_id": "REPORT-briefing-20349-00001",
		"passage": "               \n 국민권익위원회(위원장 전현희, 이하 국민권익위) 소속 청렴연수원은 지방의원들의 이해충돌방지와 청렴의식 강화를 위한 지방의회 대상 맞춤형 청렴교육을 실시한다.\n 청렴연수원은 지방자치 양대 축의 하나인 지방의회 의원들의 청렴리더십 향상과 청렴문화의 지역사회 확산을 위해 2019년부터 지방의회 청렴연수과정을 운영해오고 있으며 그간 서울시의회, 경기도의회 등 40여 곳의 광역기초의회를 대상으로 교육을 실시한 바 있다.\n 올해 지방의회 청렴연수과정은 4월 13일, 충청남도의회(충남 예산군)를 대상으로 시작되며 광역의원 42명을 포함한 충청남도의회 구성원 전원이 교육에 참여했다.\n 올해 교육내용에는 공직자들의 직무와 관련된 이해충돌방지에 대하여 높아진 국민적 관심과 공직사회의 분위기를 반영하여 지방의회 의원들이 꼭 알아야 할 이해충돌방지 제도와 공직윤리 등이 포함된다.\n 이를 위해 지방의회 청렴연수과정을 ‘이해충돌방지 특강’외에도 ‘청렴 리더십 특강’, ‘청렴 판소리’, ‘청렴 서약식’, ‘청렴 토크콘서트’ 등 공연 및 참여형 프로그램도 구성하여 의원들이 이해충돌 등 반부패 규범에 대해 자연스럽게 인식할 수 있도록 준비했다.\n 지방의회 청렴연수과정은 상하반기로 나누어 진행되는데, 상반기에는 충청남도의회, 세종시의회, 인천광역시의회, 전라남도의회, 전라북도의회 등 광역의회를 대상으로 운영되며 하반기에는 기초의회를 대상으로 하는 권역별 순회교육으로 운영될 예정이다.\n",
		"passage_Cnt": 728
	},
	"Annotation": {
		"summary1": "국민권익위원회 소속 청렴연수원은 청렴문화의 지역사회 확산을 위해 지방의회 대상 맞춤형 청렴교육을 실시하여 운영해 오고 있다. ",
		"summary2": "국민권익위원회(위원장 전현희, 이하 국민권익위) 소속 청렴연수원은 지방의원들의 이해충돌방지와 청렴의식 강화를 위한 지방의회 대상 맞춤형 청렴교육을 실시한다. 청렴연수원은 지방자치 양대 축의 하나인 지방의회 의원들의 청렴리더십 향상과 청렴문화의 지역사회 확산을 위해 2019년부터 지방의회 청렴연수과정을 운영해오고 있으며 그간 서울시의회, 경기도의회 등 40여 곳의 광역기초의회를 대상으로 교육을 실시한 바 있다.",
		"summary3": null,
		"summary_3_cnt": null
	}
}