{
	"Meta(Acqusition)": {
		"doc_id": "REPORT-briefing-20502",
		"doc_category": "REPORT",
		"doc_type": "briefing",
		"doc_name": "(210514)보도자료_‘산사태예방지원본부’ 가동, 여름철 자연재난 총력 대응.hwp",
		"author": null,
		"publisher": null,
		"publisher_year": null,
		"doc_origin": "공공누리포털"
	},
	"Meta(Refine)": {
		"passage_id": "REPORT-briefing-20502-00001",
		"passage": " 산림청(청장 최병암)은 14일 정부대전청사에서 여름철 자연재난 대책기간(5.15.∼10.15.) 동안 태풍호우 등 자연재난으로부터 국민의 생명과 재산피해 최소화를 위해 전국의 산사태 예방 및 대응을 총괄하는 ‘산사태예방지원본부’ 운영에 따른 현판식을 했다.\n  이날 현판식은 최병암 청장 등 산림청 간부들이 참석한 가운데 청사 1동 15층 중앙산림재난상황실에서 이루어졌다.\n 산림청은 5월 15일부터 집중호우 및 태풍 내습 등으로 발생하는 산사태로 인한 인명 및 재산피해의 최소화를 목표로 지역 산사태대책상황실 및 유관기관 등과 연계한 산사태예방지원본부를 운영한다.\n  올해 중점적으로 추진할 사항으로는 먼저 작년 산사태 피해지 및 사방사업지에 대한 우기 전 사업 완료 및 안전관리 철저이다.\n  특히 작년 역대 최장장마(중부지역 기준 54일)로 1,343ha의 산사태 피해가 발생하여 시급한 복구로 2차 피해 예방이 필요하며, 사방사업지에 대해서도 사방댐, 산지사방, 계류보전 등의 공정이 우기 전 완료될 수 있도록 집중적으로 관리하고 있다.\n   2021년 사방사업 : 사방댐 390개소, 산지사방 159ha, 계류보전 322.5km, 유역관리사업 25개소\n  두 번째로, 제도적으로 집중관리가 이루어지는 산사태취약지역을 확대하기 위하여 취약지역 지정에 필요한 기초조사 물량을 기존 5,000개소에서 18,000개소로 대폭 확대하여 실시한다. 산사태 발생 우려가 높은 산사태취약지역에 대한 체계적인 관리로 인명 및 재난 피해를 최소화한다.\n",
		"passage_Cnt": 753
	},
	"Annotation": {
		"summary1": "산사태예방지원본부 운영에 따른 현판식은 청사 1동 15층 중앙산림재난상황실에서 이루어졌고 산림청 간부들이 참석했다.",
		"summary2": "산림청(청장 최병암)은 14일 정부대전청사에서 여름철 자연재난 대책기간(5.15.∼10.15.) 동안 태풍호우 등 자연재난으로부터 국민의 생명과 재산피해 최소화를 위해 전국의 산사태 예방 및 대응을 총괄하는 ‘산사태예방지원본부’ 운영에 따른 현판식을 했다. 이날 현판식은 최병암 청장 등 산림청 간부들이 참석한 가운데 청사 1동 15층 중앙산림재난상황실에서 이루어졌다.",
		"summary3": null,
		"summary_3_cnt": null
	}
}