{
	"Meta(Acqusition)": {
		"doc_id": "REPORT-briefing-20379",
		"doc_category": "REPORT",
		"doc_type": "briefing",
		"doc_name": "(210418) 국민권익위, “학원법 개정 등 필요할 때만 학원장·강사에게 연수의무 부과” 제도개선 권고(최종).hwp",
		"author": null,
		"publisher": null,
		"publisher_year": null,
		"doc_origin": "공공누리포털"
	},
	"Meta(Refine)": {
		"passage_id": "REPORT-briefing-20379-00001",
		"passage": " 학원장강사 등이 매년 1회 이상 의무적으로 받아야 하는 연수를 앞으로는 신규 학원설립자, 학원법 개정 등 연수 필요성과 수요가 클 경우에만 연수의무를 부과할 전망이다. 또 집합연수에 따른 학원 종사자들의 불편을 해소하기 위해 온라인 연수가 확대된다.\n  국민권익위원회(위원장 전현희, 이하 국민권익위)는 학원 종사자의 연수 불편을 해소하고 효과를 증대시키기 위해 학원 종사자 연수제도를 합리적으로 개선할 것을 교육부와 17개 시도 교육청에 권고했다.\n 국민권익위는 신규 학원설립자나 학원법 개정, 주요 교육정책의 변경 등 학원 종사자가 필수적으로 알아야 할 사항에 대해 연수의무를 부과하고 불참 시 과태료를 부과해 연수 효과를 높이도록 했다. \n  또 일부 교육청이 실시하고 있는 온라인 교육을 확대해 집합연수에 따른 학원 종사자의 불편을 해소하도록 했다. \n 학원 강사가 되고자 하는 외국인은 교육감이 실시하는 연수를 반드시 받고, 학원장은 채용 시 이들의 연수 여부를 확인해 외국인 강사의 자질로 인한 교육 문제를 방지하도록 했다. \n  이와 함께 연수불참에 대한 제재 규정인 ‘조례 시행규칙’을 폐지하도록 해 법률에 근거 없는 제재 처분이 재발하지 않도록 했다.\n 전국 17개 시도 교육감은 매년 학원 설립운영자, 교습소장, 강사에게 연수를 실시하면서 불참하면 ‘교육조례 시행규칙’에 따라 학원에 경고벌점영업정지학원등록 말소 등의 제재처분을 해왔다. 이에 따라 2019년에는 2만여 명의 학원 종사자가 연수불참으로 학원이 제재처분을 받았다. \n",
		"passage_Cnt": 756
	},
	"Annotation": {
		"summary1": "국민권익위는 학원 종사자 연수 제도를 합리적으로 개선할 것을 교육부와 시도 교육청에 권고하고 학원 종사자가 필수적으로 알아야 할 사항에 대한 연수 의무를 부과했다.",
		"summary2": "국민권익위원회(위원장 전현희, 이하 국민권익위)는 학원 종사자의 연수 불편을 해소하고 효과를 증대시키기 위해 학원 종사자 연수제도를 합리적으로 개선할 것을 교육부와 17개 시도 교육청에 권고했다. 국민권익위는 신규 학원설립자나 학원법 개정, 주요 교육정책의 변경 등 학원 종사자가 필수적으로 알아야 할 사항에 대해 연수의무를 부과하고 불참 시 과태료를 부과해 연수 효과를 높이도록 했다.",
		"summary3": null,
		"summary_3_cnt": null
	}
}