{
	"Meta(Acqusition)": {
		"doc_id": "REPORT-briefing-20305",
		"doc_category": "REPORT",
		"doc_type": "briefing",
		"doc_name": "(210401) 국민권익위, 공공기관 청렴도 평가제도 전면 개편 추진(최종).hwp",
		"author": null,
		"publisher": null,
		"publisher_year": null,
		"doc_origin": "공공누리포털"
	},
	"Meta(Refine)": {
		"passage_id": "REPORT-briefing-20305-00001",
		"passage": " 국민권익위원회(위원장 전현희, 이하 국민권익위)는 올해 시행 20주년을 맞은 공공기관 청렴도 평가제도의 전면 개편을 추진한다.\n  최근 한국토지주택공사(LH) 사태에서 보듯 공직사회의 청렴수준이 아직 국민 눈높이에 미치지 못하고 있어 청렴도 평가제도 혁신을 통해 공직사회 내 반부패 노력을 강화하는 일대 전환기를 마련하겠다는 취지다.\n 국민권익위는 지난 2002년부터 공공기관과 업무경험이 있는 국민 등이 공공기관의 청렴수준을 평가하는 ‘청렴도 측정제도’와 국민권익위 내외부 전문가 평가단이 공공기관의 반부패 노력과 추진실적을 평가하는 ‘부패방지 시책평가’를 운영해 왔고, 지난 3월에는 2021년 기본계획을 수립해 발표했다.\n 국민권익위는 한국토지주택공사(LH) 사태와 같이 국민의 공분을 유발하는 공직비리가 재발하지 않도록 공공기관의 이해충돌사익추구 방지 등 반부패 노력을 견인하기 위해 지난 3월 초 ‘공공기관 청렴도 평가제도 개편 추진단’을 구성했다.\n  이어 객관적 지표를 강화하고 평가결과 활용도를 확대하는 등 평가 전반의 실효성을 크게 높일 수 있는 개편방안에 대해 평가 대상기관은 물론 그동안 평가를 받지 않았던 880여개 기관을 포함한 전 공공기관을 대상으로 의견을 수렴했다.\n  또 이번 달 1일부터는 국민권익위가 운영하는 ‘국민생각함’을 통해 일반국민의 의견을 듣고 관련 학회, 청렴사회민관협의회 등 민관 전문가의 의견도 폭넓게 수렴해 올해 6월중으로 ‘공공기관 청렴도 평가제도 개편(안)’을 마련할 계획이다.\n",
		"passage_Cnt": 746
	},
	"Annotation": {
		"summary1": "국민권익위원회는 공직사회 내 반부패 노력을 강화하는 일대 전환기 마련을 위해 공공기관 청렴도 평가 제도의 전면 개편을 추진한다.",
		"summary2": "국민권익위원회(위원장 전현희, 이하 국민권익위)는 올해 시행 20주년을 맞은 공공기관 청렴도 평가제도의 전면 개편을 추진한다. 최근 한국토지주택공사(LH) 사태에서 보듯 공직사회의 청렴수준이 아직 국민 눈높이에 미치지 못하고 있어 청렴도 평가제도 혁신을 통해 공직사회 내 반부패 노력을 강화하는 일대 전환기를 마련하겠다는 취지다.",
		"summary3": null,
		"summary_3_cnt": null
	}
}