{
	"Meta(Acqusition)": {
		"doc_id": "REPORT-briefing-20369",
		"doc_category": "REPORT",
		"doc_type": "briefing",
		"doc_name": "(210415) 국민권익위, 경기 하남 대사골 마을 진입로 교통안전대책 마련 집단민원 해소(최종).hwp",
		"author": null,
		"publisher": null,
		"publisher_year": null,
		"doc_origin": "공공누리포털"
	},
	"Meta(Refine)": {
		"passage_id": "REPORT-briefing-20369-00001",
		"passage": " 서울 강동구 천호대로 확장공사로 인한 경기 하남 대사골마을 진입로의 교통사고 위험을 해소해 달라는 주민들의 집단민원이 국민권익위원회의 중재로 해결됐다. \n 국민권익위원회(위원장 전현희, 이하 국민권익위)는 15일 초이동행정복지센터에서 이정희 부위원장 주재로 현장조정회의를 개최해 대사골마을의 새 진입로를 개설하고 교통안전시설을 설치하는 등의 중재안을 마련해 최종 확정했다.\n 한국토지주택공사(LH)는 하남미사 공공주택지구 광역교통개선대책 일환으로 황산~생태공원 간 천호대로 확장 건설공사를 시행하고 있다. \n  이 공사로 기존 8차선 도로가 10차선으로 확장되면 대사골마을 진입로가 더 좁아지고 급경사로 이뤄져 교통사고의 위험이 커지게 된다. \n  특히 대사골마을은 주민 250명이 거주하고 물류창고, 중소기업 등 100개가 넘는 시설이 위치해 트레일러 같은 대형차량의 통행이 빈번한 지역이다.\n  이 차량들이 마을로 진입하려면 한 바퀴 회전이 필요해 수차례 전진과 후진을 해야 하는 실정이다. 또 진입로로 들어가는 감속차로가 없어 천호대로를 주행하는 차량과 부딪칠 위험도 있어왔다.\n  \n  이에 주민들은 LH에 새 진입로를 개설해 달라고 요청했으나 LH는 천호대로와 진입로 사이에 있는 강동구의 공원부지 일부를 편입해야하는데 강동구가 난색을 표하고 있다며 곤란하다는 입장이었다. \n  결국 주민들은 진입로 개설 등 교통안전대책을 요구하는 집단민원을 지난해 11월 국민권익위에 제기했다.\n",
		"passage_Cnt": 723
	},
	"Annotation": {
		"summary1": "서울 강동구 천호대로 확장공사로 인한 경기 하남 대사골마을 진입로의 교통사고 위험을 해소해 달라는 민원이 들어오자 국민권익위는 교통안전시설을 설치하는 등의 중재안을 마련했다.",
		"summary2": "서울 강동구 천호대로 확장공사로 인한 경기 하남 대사골마을 진입로의 교통사고 위험을 해소해 달라는 주민들의 집단민원이 국민권익위원회의 중재로 해결됐다. 국민권익위원회(위원장 전현희, 이하 국민권익위)는 15일 초이동행정복지센터에서 이정희 부위원장 주재로 현장조정회의를 개최해 대사골마을의 새 진입로를 개설하고 교통안전시설을 설치하는 등의 중재안을 마련해 최종 확정했다.",
		"summary3": null,
		"summary_3_cnt": null
	}
}