{
	"Meta(Acqusition)": {
		"doc_id": "REPORT-briefing-20163",
		"doc_category": "REPORT",
		"doc_type": "briefing",
		"doc_name": "(0723)_도시문제_해결을_위한_스마트서비스_7건_승인(도시경제과).hwp",
		"author": null,
		"publisher": null,
		"publisher_year": null,
		"doc_origin": "공공누리포털"
	},
	"Meta(Refine)": {
		"passage_id": "REPORT-briefing-20163-00001",
		"passage": " 국토교통부(장관 노형욱)는 제14회 국가스마트도시위원회를 개최하고, 스마트시티 규제샌드박스 안건으로 부산시‧대구시‧제주도 등 5개 지역의 도시문제 해결을 위한 스마트 서비스들을 심의했다.\n  신기술을 활용한 새로운 제품서비스에 대해 일정조건(기간장소규모)하에서 현행 규제를 유예하여 시장 출시와 시험검증이 가능하도록 특례를 부여하는 제도\n 코로나19 확산 방지를 위한 사회적 거리두기 지침에 따라 6일간 서면심의로 진행된 이번 위원회에서는 실증특례 6건, 규제없음 1건 등 신규과제 7건이 승인되었다. 이로써 제도 시행 16개월 만에 총 32건의 스마트시티 기술서비스 관련 규제 애로가 해소되었다.\n 기업이 스마트시티 규제샌드박스 실증특례를 받으면, 관련 규제에 구애받지 않고 승인받은 사업계획서에 따라 4년 이내의 실증기간 동안 해당 지역에서 혁신 서비스를 실험할 수 있게 되었으며, \n  이번에 승인된 7개 사업의 주요내용은 다음과 같다.\n 교통 분야 서비스로는 수원시에서 ‘교통빅데이터 플랫폼 사업’(소울인포테크)이 실증특례를 받아 진행된다. 교통카드데이터를 기반으로 대중교통 이용자가 많이 내리는 곳에 퍼스널 모빌리티 스테이션을 배치하거나, 유동인구를 중심으로 상권 입지를 분석하는 서비스다.\n 세종시에서는 ‘AI 교통신호등‘(오트비전)이 실증특례를 받아 그 성능과 효과를 24개월간 실험한다. 현재 통행량과 상관없이 정해진 시간 주기로 신호가 바뀌는 고정형 신호등 체계를 개선하기 위한 것으로, ‘AI 교통신호등‘은 영상인식을 통해 교차로의 차량과 횡단보도의 보행자 수를 실시간으로 감지하고 이를 분석해 최적신호를 생성한다.\n",
		"passage_Cnt": 804
	},
	"Annotation": {
		"summary1": "국토교통부는 제14회 국가스마트도시위원회를 개최하고 스마트시티 규제 샌드박스 안건으로 스마트 서비스들을 심의하여 신규과제 7건이 승인되었고 이로써 관련 규제 애로가 해소됐다. ",
		"summary2": "국토교통부(장관 노형욱)는 제14회 국가스마트도시위원회를 개최하고, 스마트시티 규제샌드박스 안건으로 부산시‧대구시‧제주도 등 5개 지역의 도시문제 해결을 위한 스마트 서비스들을 심의했다. 코로나19 확산 방지를 위한 사회적 거리두기 지침에 따라 6일간 서면심의로 진행된 이번 위원회에서는 실증특례 6건, 규제없음 1건 등 신규과제 7건이 승인되었다. 이로써 제도 시행 16개월 만에 총 32건의 스마트시티 기술서비스 관련 규제 애로가 해소되었다.",
		"summary3": null,
		"summary_3_cnt": null
	}
}