{
	"Meta(Acqusition)": {
		"doc_id": "REPORT-briefing-20381",
		"doc_category": "REPORT",
		"doc_type": "briefing",
		"doc_name": "(210419) 국민권익위, 지방자치단체와 협업해 청렴한 공직사회와 국민권익 보호 강화(최종).hwp",
		"author": null,
		"publisher": null,
		"publisher_year": null,
		"doc_origin": "공공누리포털"
	},
	"Meta(Refine)": {
		"passage_id": "REPORT-briefing-20381-00001",
		"passage": " 국민권익위원회(위원장 전현희, 이하 국민권익위)는 19일 인천광역시(시장 박남춘)와 업무협약을 체결하고, 반부패청렴 실천과 국민권익 증진을 위한 정책 추진에 적극 협력해 나가기로 했다. \n 국민권익위와 인천광역시는 협약에 따라 ▴공직자의 반부패청렴인식 제고를 위한 청렴교육 강화 ▴이해충돌 취약분야 관리 강화 및 공직자 행동강령 준수 ▴청렴도 향상을 위한 반부패청렴 정책 공유 및 지원협력 강화 ▴부패공익신고자 보호 강화를 위한 제도 운영 등 공공기관의 반부패청렴 실천을 위해 상호 협력할 계획이다. \n  이와 함께 ▴고충민원의 조정해결과 행정심판을 통한 적극행정 및 국민권익 구제 ▴법령제도 개선사항에 대한 제안 및 권고사항의 적극적 수용이행 ▴지역 주민들의 정책 참여 촉진 등 국민들의 권익 보호를 위한 협조와 지원도 강화하기로 했다. \n 한편, 이 날 업무협약 체결식에 이어 국민권익위 박계옥 상임위원과 인천광역시군구 및 산하 공공기관의 감사관상임감사 등이 세부 협력 회의를 열고 업무협약이 실질적 반부패청렴 혁신 성과로 이어질 수 있는 구체적 방안을 모색한다.\n  아울러, 국민권익위 안준호 고충처리국장과 인천시 감사관 등은 지역주민의 적극적 권익 구제와 민원서비스 향상을 위한 지방옴부즈만 활성화 방안 및 효율적 고충민원 처리를 위한 양 기관 간 협력방안 등을 논의할 예정이다. \n ‘국민권익위–지방자치단체 간 반부패 협력 강화’는 국민권익위가 한국토지주택공사(LH) 사태와 같은 공공기관의 도덕적 해이 등을 예방하기 위해 추진하고 있는 ‘반부패청렴 혁신 10대 과제’ 중 하나로, 국민권익위는 4월부터 17개 광역자치단체와 순차적으로 업무협약을 추진 중이다. \n",
		"passage_Cnt": 825
	},
	"Annotation": {
		"summary1": "국민권익위는 인천광역시와 업무협약을 체결하여 반부패청렴 실천과 국민권익 증진을 위한 정책 추진을 협력해 나가고 세부 협력 회의를 열어 구체적 방안을 모색할 것이다.",
		"summary2": "국민권익위원회(위원장 전현희, 이하 국민권익위)는 19일 인천광역시(시장 박남춘)와 업무협약을 체결하고, 반부패청렴 실천과 국민권익 증진을 위한 정책 추진에 적극 협력해 나가기로 했다. 한편, 이 날 업무협약 체결식에 이어 국민권익위 박계옥 상임위원과 인천광역시군구 및 산하 공공기관의 감사관상임감사 등이 세부 협력 회의를 열고 업무협약이 실질적 반부패청렴 혁신 성과로 이어질 수 있는 구체적 방안을 모색한다.",
		"summary3": null,
		"summary_3_cnt": null
	}
}