{
	"Meta(Acqusition)": {
		"doc_id": "REPORT-briefing-20578",
		"doc_category": "REPORT",
		"doc_type": "briefing",
		"doc_name": "(210529)보도자료_2021 서울 녹색미래 정상회의, 숲이 녹색미래다!.hwp",
		"author": null,
		"publisher": null,
		"publisher_year": null,
		"doc_origin": "공공누리포털"
	},
	"Meta(Refine)": {
		"passage_id": "REPORT-briefing-20578-00003",
		"passage": " 또한 국제환경연구소인 세계자원연구소(WRI), 민간기업인 트리플래닛 에서 산림부문 기관과 정책, 성과 사례에 대한 주제발표를 하였다. \n 알렉스 루드(Alex Rudee) 세계자원연구소(WRI) 전문관은 산림복원은 단순히 재조림의 영역이 아니라, 산림경영, 산림축산농림업 시스템 내의 나무심기, 도시숲 재생 등 다양한 영역에서 이루어질 수 있음을 언급하며, 미국에서는 ‘1조그루 나무심기 법안’, ‘기후관리법안’, ‘리플랜트(REPLANT) 법안’ 등이 발의되고 있으며, 세계자원연구소 역시 ‘전세계 재조림 이니셔티브(Global Restoration Initiative)’ 등 다양한 이니셔티브를 발족하고 있다고 설명하였다.\n 김형수 트리플래닛 대표는 기후변화로 인해 황폐화 된 숲을 되살려내고, 그 사이에 커피나무를 그늘 재배(shadegrown) 방식으로 길러 친환경 커피농장을 조성하는 피포지(P4G) 협업 사업에 대해 소개하였다. \n 이후, 글로벌녹색성장기구(GGGI) 사무차장 주재로 주한 노르웨이 대사, 아시아산림협력기구(AFoCO) 사무총장, 도미니카 공화국 환경자원부 차관, 녹색기후기금(GCF) 국장, 에스케이(SK)임업 대표 등이 참여한 패널토론이 이루어졌다. \n 좌장을 맡은 김효은 글로벌녹색성장기구(GGGI) 사무차장은 산림이 지속가능발전목표(SDGs) 달성과 파리협정 이행에 중추적인 역할을 할 것임을 강조하며, 이를 위하여 각 정부, 기관, 기업이 펼치는 노력과 모범 사례, 그리고 시사점 등을 질문하였다.\n",
		"passage_Cnt": 748
	},
	"Annotation": {
		"summary1": "김 트리플래닛 대표는 피포지 협업 사업에 대해 소개했으며 이후 주한 노르웨이 대사, 녹색기후기금 국장 등이 참여한 패널토론이 이루어졌다. ",
		"summary2": "김형수 트리플래닛 대표는 기후변화로 인해 황폐화 된 숲을 되살려내고, 그 사이에 커피나무를 그늘 재배(shadegrown) 방식으로 길러 친환경 커피농장을 조성하는 피포지(P4G) 협업 사업에 대해 소개하였다. 이후, 글로벌녹색성장기구(GGGI) 사무차장 주재로 주한 노르웨이 대사, 아시아산림협력기구(AFoCO) 사무총장, 도미니카 공화국 환경자원부 차관, 녹색기후기금(GCF) 국장, 에스케이(SK)임업 대표 등이 참여한 패널토론이 이루어졌다.",
		"summary3": null,
		"summary_3_cnt": null
	}
}