{
	"Meta(Acqusition)": {
		"doc_id": "REPORT-briefing-20307",
		"doc_category": "REPORT",
		"doc_type": "briefing",
		"doc_name": "(210401) 국민권익위, 공직기강 확립 위한 반부패 10대 과제 추진.hwp",
		"author": null,
		"publisher": null,
		"publisher_year": null,
		"doc_origin": "공공누리포털"
	},
	"Meta(Refine)": {
		"passage_id": "REPORT-briefing-20307-00001",
		"passage": "  \n 국민권익위원회(위원장 전현희, 이하 국민권익위)가 4월 중 한국토지주택공사(LH) 사태 등으로 논란이 된 공직기강을 확립하기 위한 각급 공공기관 행동강령 내 이해충돌 방지제도 운영 등 공직사회 반부패 정책의 이행에 대한 전면적 점검 등에 나선다. \n  전현희 위원장은 1일 오후 정부서울청사에서 열린 공공기관 반부패‧청렴 혁신 10대 과제 추진 계획 브리핑에서 지난달 29일 제7차 반부패정책협의회에서 논의된 한국토지주택공사(LH) 등 공공기관의 도덕적 해이의 근원적인 예방에 대한 반부패 세부 대책을 발표했다.\n 먼저 국민권익위는 공직자 행동강령 및 청탁금지법 등 각종 반부패 정책의 이행을 점검한다. 현재 국회에서 논의 중인 이해충돌방지법이 제정되기 전이라도 각급 기관의 행동강령에 규정된 이해충돌방지제도가 제대로 운영되고 있는지 종합적으로 점검한다.\n  또 최근 한국토지주택공사(LH) 퇴직자가 재취업한 공기업에 채용비리 근절추진단을 투입하여 긴급 점검을 하는 등 국토교통부 산하 공공기관에 대해 채용실태 특별점검을 실시한다. 이와 함께 청탁금지법 위반사실에 대해 형사처벌과태료 대신 내부 징계에 그친 부적절한 처리관행을 근절하기 위해 기관별 현장 점검을 실시한다. 공공재정환수와 관련하여 ‘상시 합동점검단’을 구성해 중앙지방교육기관에 대한 부정취약 분야를 집중 점검하고 부정청구 금지 및 부정이익 환수를 추진한다. 이어 6월 30일까지 공직자의 부동산 투기에 대한 집중신고를 받고 신고자 보호를 위해 정부합동특별수사본부와 협조체계를 구축한다. \n",
		"passage_Cnt": 761
	},
	"Annotation": {
		"summary1": "국민권익위원회가 LH 사태 등으로 논란이 된 공직기강을 확립하기 위한 공직사회 반부패 정책의 이행에 대한 전면적 점검 등에 나서며 전 위원장은 반부패 세부 대책을 발표했다.",
		"summary2": "국민권익위원회(위원장 전현희, 이하 국민권익위)가 4월 중 한국토지주택공사(LH) 사태 등으로 논란이 된 공직기강을 확립하기 위한 각급 공공기관 행동강령 내 이해충돌 방지제도 운영 등 공직사회 반부패 정책의 이행에 대한 전면적 점검 등에 나선다. 전현희 위원장은 1일 오후 정부서울청사에서 열린 공공기관 반부패‧청렴 혁신 10대 과제 추진 계획 브리핑에서 지난달 29일 제7차 반부패정책협의회에서 논의된 한국토지주택공사(LH) 등 공공기관의 도덕적 해이의 근원적인 예방에 대한 반부패 세부 대책을 발표했다.",
		"summary3": null,
		"summary_3_cnt": null
	}
}