{
	"Meta(Acqusition)": {
		"doc_id": "REPORT-briefing-20512",
		"doc_category": "REPORT",
		"doc_type": "briefing",
		"doc_name": "(210517) 국민권익위, 한전의 시설부담금 부적정 부과액 25억여 원 부패신고 통해 적발(최종).hwp",
		"author": null,
		"publisher": null,
		"publisher_year": null,
		"doc_origin": "공공누리포털"
	},
	"Meta(Refine)": {
		"passage_id": "REPORT-briefing-20512-00001",
		"passage": "  \n 한국전력공사(이하 한전)가 사용자가 기존 사용하던 전기 외에 추가적인 전기 사용을 신청할 경우 부과하는 시설부담금을 일부 사용자들에게 과다하게 징수한 사실이 적발됐다. \n  국민권익위원회(위원장 전현희, 이하 국민권익위)는 2019년 6월 해당 내용의 부패신고를 접수해 사실관계 확인 후 과다 징수된 금액의 환불 조치 등을 위해 산업통상자원부에 관련 내용을 송부하고, 지난 해 11월 전수조사 결과를 통보받았다.\n 한전의 전기공급약관 시행세칙에 따르면 주택단지 등에서 추가적인 전기 사용을 신청해 배전시설 등 시설부담금을 부과할 경우 설계조정시설부담금과 표준시설부담금 중 적은 것을 적용해야 한다. 그런데 한전은 일부 사용자들에게 높은 표준시설부담금으로 일괄 적용한 것이다.\n  표준시설부담금 : 사용자가 새로 전기를 사용하기 위해 일반공급설비로 전기를 공급받을 경우 산정되는 금액\n  설계조정시설부담금 : 사용자가 새로 전기를 사용하기 위해 저압설계조정시설이나 특별고압설계조정시설로 전기를 공급받을 경우 산정되는 금액\n 산업통상자원부의 전수조사 결과, 한전이 899호수 사용자에 대해 시설부담금 약 25억 원을 과다 징수한 사실이 확인됐다. 한전은 해당 호수에 대해 환불 조치 중에 있으며, 적정 시설부담금을 자동으로 판정할 수 있도록 업무 시스템 개선을 추진 중에 있다. \n 국민권익위 김기선 심사보호국장은 시설부담금의 과다 징수는 부패방지 및 국민권익위원회의 설치와 운영에 관한 법률상의 부패행위에 해당하지는 않으나, 이를 적발한 것은 공공기관의 부적정한 행위로 국민의 권익을 침해한 부분을 바로잡기 위해 노력한 결과이다. 향후에도 국민권익 침해 사례가 재발하지 않도록 제도개선 등을 통해 최선을 다하겠다.고 말했다.\n",
		"passage_Cnt": 857
	},
	"Annotation": {
		"summary1": "한국전력공사가 일부 사용자들에게 시설부담금을 과다하게 징수한 사실이 적발되어 국민권익위원회는 사실관계 확인 후 산업통상자원부에 관련 내용을 송부하고 전수조사 결과를 통보받았다.",
		"summary2": "한국전력공사(이하 한전)가 사용자가 기존 사용하던 전기 외에 추가적인 전기 사용을 신청할 경우 부과하는 시설부담금을 일부 사용자들에게 과다하게 징수한 사실이 적발됐다. 국민권익위원회(위원장 전현희, 이하 국민권익위)는 2019년 6월 해당 내용의 부패신고를 접수해 사실관계 확인 후 과다 징수된 금액의 환불 조치 등을 위해 산업통상자원부에 관련 내용을 송부하고, 지난 해 11월 전수조사 결과를 통보받았다.",
		"summary3": null,
		"summary_3_cnt": null
	}
}