{
	"Meta(Acqusition)": {
		"doc_id": "REPORT-briefing-20470",
		"doc_category": "REPORT",
		"doc_type": "briefing",
		"doc_name": "(210510) 국민권익위, 경찰옴부즈만센터 공식 출범.hwp",
		"author": null,
		"publisher": null,
		"publisher_year": null,
		"doc_origin": "공공누리포털"
	},
	"Meta(Refine)": {
		"passage_id": "REPORT-briefing-20470-00001",
		"passage": " 경찰 분야 국민의 고충이나 권익침해 문제를 해결하는 국민권익위원회(위원장 전현희, 이하 국민권익위) 경찰옴부즈만 활동을 집중지원하기 위해 경찰옴부즈만 센터가 출범한다. \n  국민권익위는 10일 오후 2시 정부세종청사에서 전현희 국민권익위원장, 이정희 고충처리부위원장과 경찰옴부즈만 강재영 위원, 오완호 위원, 손난주 위원 등이 참석한 가운데 ‘경찰옴부즈만센터’ 현판식을 개최한다.\n 이번 경찰옴부즈만센터는 올해부터 검경 수사권 조정으로 경찰에 1차적 수사종결권이 부여돼 수사 등 관련 민원 증가가 예상됨에 따라 이에 적극 대응하기 위해 출범했다.\n  앞으로 경찰옴부즈만센터를 찾은 민원인은 접수단계에서부터 집중 상담을 받게 되며, 특히 경찰옴부즈만이 민원인의 애로사항을 직접 청취하는 ‘경찰옴부즈만 상담제도’가 한층 강화될 예정이다.\n 최근 국민의 권리의식 향상 등 환경 변화로 인해 지난해 국민신문고에 접수된 경찰업무 관련 민원은 약 83만 건이며, 국민권익위 경찰옴부즈만은 2006년 12월 출범 이후 지난해까지 국민권익위로 접수된 총 24,528건의 경찰관련 민원을 서면실지출석조사 등을 통해 처리하고, 이중 3,932건의 국민고충을 해결했다.\n  이에 올해 2월 22일에는 수사와 관련한 국민들의 고충이나 권익침해를 적극적으로 해결하기 위해 상임위원 1명과 비상임위원 2명 등 총 3명을 경찰옴부즈만으로 위촉했다.\n  한편, 지난달 28일 전현희 국민권익위워장과 김창룡 경찰청장이 참석한 가운데 양 기관 간 업무협약을 체결해 경찰 분야 국민 고충 해결을 위한 새로운 전기가 마련될 것으로 기대된다. \n",
		"passage_Cnt": 789
	},
	"Annotation": {
		"summary1": "국민권익위는 경찰에 1차적 수사 종결권이 부여돼 민원 증가가 예상됨에 따라 이에 대응하기 위해 출범한 경찰옴부즈만센터 현판식을 개최했다.",
		"summary2": null,
		"summary3": "국민권익위는 10일 오후 2시 정부세종청사에서 전현희 국민권익위원장, 이정희 고충처리부위원장과 경찰옴부즈만 강재영 위원, 오완호 위원, 손난주 위원 등이 참석한 가운데 ‘경찰옴부즈만센터’ 현판식을 개최한다. 이번 경찰옴부즈만센터는 올해부터 검경 수사권 조정으로 경찰에 1차적 수사종결권이 부여돼 수사 등 관련 민원 증가가 예상됨에 따라 이에 적극 대응하기 위해 출범했다.",
		"summary_3_cnt": 208
	}
}