{
	"Meta(Acqusition)": {
		"doc_id": "REPORT-briefing-20955",
		"doc_category": "REPORT",
		"doc_type": "briefing",
		"doc_name": "(국립자연휴양림 보도자료) 초보캠퍼는 화천숲속야영장으로 모여라.hwp",
		"author": null,
		"publisher": null,
		"publisher_year": null,
		"doc_origin": "공공누리포털"
	},
	"Meta(Refine)": {
		"passage_id": "REPORT-briefing-20955-00001",
		"passage": " 산림청 국립자연휴양림관리소(소장 이영록)는 산림청 1호 숲속야영장인 국립화천숲속야영장에서 캠핑길라잡이 프로그램을 7월부터 10월까지 월 2회씩(성수기인 7, 8월은 1회 운영) 연 6회 운영한다고 밝혔다.\n 캠핑길라잡이 프로그램은 캠핑 입문자들에게 야영 장비를 구입하기 전에 장비를 체험해볼 수 있는 기회를 제공하고, 자신 또는 가족에게 맞는 캠핑 스타일을 만들 수 있으며, 나아가 건전하고 올바른 캠핑문화를 선도하기 위해 개발한 프로그램으로 2020년부터 운영한 프로그램이다.\n 이번 프로그램에서는 1박2일 동안 기본적인 텐트 및 장비 설치 사용법, 캠핑의 예절과 안전 등 입문자들이 알아야 할 기초적인 부분부터 나무 문패 만들기 등 가족을 위한 다채로운 프로그램을 운영하여 초보 캠퍼들에게 기초지식을 전수하고 가족들과의 즐거운 추억을 선사할 계획이다.\n 참가 신청은 국립자연휴양림관리소 공식 블로그(blog.naver.com/huyangforyou)에서 선착순으로 진행되며, 회차별로 선착순 모집 일정과 안내문이 공지될 예정이다.\n  단, 사회적 거리두기 단계에 따라 프로그램 운영 일정, 체험 인원이 변경될 수 있으므로 신청하기 전 공식 블로그 확인이 필요하다.\n 이영록 국립자연휴양림소장은 캠핑길라잡이 프로그램을 통해 올바른 캠핑문화를 선도했으면 한다면서 앞으로도 산림청 1호의 숲속야영장답게 좀 더 국민에게 다가갈 수 있는 여러 프로그램을 운영하여 보다 많은 국민이 이용하고 즐길 수 있는 야영장으로 만들겠다고 밝혔다. \n",
		"passage_Cnt": 746
	},
	"Annotation": {
		"summary1": "캠핑길라잡이 프로그램은 건전하고 올바른 캠핑 문화를 선도하기 위해 개발한 프로그램이다.",
		"summary2": null,
		"summary3": "캠핑길라잡이 프로그램은 캠핑 입문자들에게 야영 장비를 구입하기 전에 장비를 체험해볼 수 있는 기회를 제공하고, 자신 또는 가족에게 맞는 캠핑 스타일을 만들 수 있으며, 나아가 건전하고 올바른 캠핑문화를 선도하기 위해 개발한 프로그램으로 2020년부터 운영한 프로그램이다.",
		"summary_3_cnt": 151
	}
}