{
	"Meta(Acqusition)": {
		"doc_id": "REPORT-briefing-20631",
		"doc_category": "REPORT",
		"doc_type": "briefing",
		"doc_name": "(210607) 국민권익위, 더불어민주당 국회의원 등 부동산 거래 전수조사 결과 발표(최종수정본).hwp",
		"author": null,
		"publisher": null,
		"publisher_year": null,
		"doc_origin": "공공누리포털"
	},
	"Meta(Refine)": {
		"passage_id": "REPORT-briefing-20631-00001",
		"passage": " 국민권익위원회(이하 국민권익위)는 더불어민주당 소속 국회의원과 그 배우자 및 직계존비속의 부동산 거래 전수조사를 종료하고 7일 국민권익위 전원위원회를 거쳐 그 결과를 공직자 부동산 투기 범정부 특별수사기구인 경찰청 정부합동특별수사본부(이하 특수본)에 송부했다.\n 이번 조사는 지난 3월 30일 더불어민주당이 소속 의원 및 그 가족의 부동산에 대한 철저한 검증을 받기 위해 국민권익위에 조사를 의뢰한 데 따른 것이다. \n  국민권익위는 조사 의뢰를 받은 즉시 부동산 거래 특별조사단(現 단장 김태응 상임위원)을 구성해 개인정보제공에 동의한 국회의원 174명과 그 배우자 및 직계존비속 등 총 816명의 지난 7년간 부동산거래내역에 대해 투기 및 법령 위반 여부를 법과 원칙에 따라 철저히 조사했다. \n 특별조사단은 관계기관을 통해 부동산거래내역 및 보유현황을 확보하고 이를 토대로 등기부등본, 국회 재산신고 내역 등을 교차검증 했다.\n  특히 최근 LH 직원의 3기 신도시 투기 등에 대한 국민적 관심을 고려해 3기 신도시 및 인근 지역의 부동산 거래보유현황을 집중 조사했다. 이와 함께 국회의원 투기 의심사례로 언론에 보도된 사안들과 국민권익위에 부동산 투기의심 신고로 접수된 사안들도 함께 조사했다.\n  또 사실관계 확인이 필요한 사안에 대해서는 국민권익위 조사관들이 직접 현장조사를 실시하고, 철저한 조사를 위해 더불어민주당에 금융거래내역을 요청해 제공받아 심층적 조사를 이어왔다.\n",
		"passage_Cnt": 721
	},
	"Annotation": {
		"summary1": "국민권익위는 더불어민주당 소속 국회의원과 그 배우자 및 직계존비속의 부동산 거래 전수조사를 종료하고 국민권익위 전원위원회를 거쳐 그 결과를 경찰청 정부합동특별수사본부에 보냈다. ",
		"summary2": null,
		"summary3": "국민권익위원회(이하 국민권익위)는 더불어민주당 소속 국회의원과 그 배우자 및 직계존비속의 부동산 거래 전수조사를 종료하고 7일 국민권익위 전원위원회를 거쳐 그 결과를 공직자 부동산 투기 범정부 특별수사기구인 경찰청 정부합동특별수사본부(이하 특수본)에 송부했다.",
		"summary_3_cnt": 145
	}
}