{
	"Meta(Acqusition)": {
		"doc_id": "REPORT-briefing-20903",
		"doc_category": "REPORT",
		"doc_type": "briefing",
		"doc_name": "(4.13 국조실 공동) 후쿠시마 관련.hwp",
		"author": null,
		"publisher": null,
		"publisher_year": null,
		"doc_origin": "공공누리포털"
	},
	"Meta(Refine)": {
		"passage_id": "REPORT-briefing-20903-00003",
		"passage": "   한국원자력연구원, 방사성물질의 해양확산 평가 모델 고도화(’20.4~’22.12)\n   한국해양과학기술원, 해양방사능 현장조사 분석 및 예측 고도화 연구(‘19～’22)\n 또한 IAEA 등 국제사회와 함께 오염수 처리 전 과정에 대한 철저한 검증을 추진하겠습니다. \n 앞으로도 정부는 국민 건강과 안전을 최우선 원칙으로 후쿠시마 원전 오염수 문제 해결을 위해 최선을 다하겠습니다. 우리 국민의 건강을 지키겠습니다. 우리 바다의 안전을 지키겠습니다. //끝\n 안녕하십니까? 국무조정실장 구윤철입니다.\n 오늘 오전, 일본 정부는 지난 2011년 3월 후쿠시마 원전사고 이후 발전소 부지 내에 보관 중이던 방사능 오염수를 해양으로 방출하겠다는 방침을 결정하고 이를 발표하였습니다.\n 이와 같은 일본정부의 부당한 결정에 대한 우리 정부의 입장을 말씀드리고자 합니다.\n< 기본 입장 >\n 우선 정부는 일본 정부의 후쿠시마 원전 오염수 해양방출 결정에 대해 강한 유감을 표하며, 우리 국민의 안전을 최우선 원칙으로 하여 필요한 모든 조치를 다해 나가겠습니다.\n 우선, 오늘 중 이번 결정에 대한 우리 국민들의 우려와 반대 입장을 일본정부에 전달할 것입니다.\n 일본 정부의 이번 결정은 절대로 용납할 수 없는 조치입니다.\n 후쿠시마 원전 오염수 해양방출 결정은 주변국가의 안전과 해양환경에 위험을 초래할 뿐만아니라 일본의 최인접국인 우리나라와 충분한 협의 및 양해없이 이루어진 일방적인 조치였습니다. \n",
		"passage_Cnt": 725
	},
	"Annotation": {
		"summary1": "정부는 일본의 후쿠시마 원전 오염수 해양방출 결정을 절대로 용납할 수 없다며 우리 국민의 안전을 최우선으로 하여 필요한 조치를 다해 나가겠다고 했다.",
		"summary2": null,
		"summary3": "우선 정부는 일본 정부의 후쿠시마 원전 오염수 해양방출 결정에 대해 강한 유감을 표하며, 우리 국민의 안전을 최우선 원칙으로 하여 필요한 모든 조치를 다해 나가겠습니다. 일본 정부의 이번 결정은 절대로 용납할 수 없는 조치입니다.",
		"summary_3_cnt": 129
	}
}