{
	"Meta(Acqusition)": {
		"doc_id": "REPORT-briefing-20568",
		"doc_category": "REPORT",
		"doc_type": "briefing",
		"doc_name": "(210527) 국민권익위-충청북도, 청렴성 향상과 국민권익 보호 강화 위해 손잡다(최종).hwp",
		"author": null,
		"publisher": null,
		"publisher_year": null,
		"doc_origin": "공공누리포털"
	},
	"Meta(Refine)": {
		"passage_id": "REPORT-briefing-20568-00001",
		"passage": " [반부패청렴 혁신 10대 과제] 중 하나인 ‘지방자치단체 반부패 협력 강화’를 위해 국민권익위원회와 충청북도가 업무협약을 체결한다.\n  국민권익위원회(위원장 전현희, 이하 국민권익위)는 27일 충청북도(도지사 이시종)와 업무협약을 체결하고 반부패청렴 실천과 국민권익 증진을 위한 정책 추진에 적극 협력하기로 했다.\n 국민권익위와 충청북도는 ▴반부패청렴 정책의 공유 및 컨설팅 등 협력체계 강화 ▴이해충돌 취약분야 관리 강화 및 공직자 행동강령 준수 ▴소속 공직자에 대한 청렴교육 강화 ▴신고자 보호 및 부패공익신고 활성화를 위한 제도 확립 등 반부패청렴정책 추진을 위해 상호 협력할 계획이다. \n  이와 함께 ▴고충민원 조정해결 및 행정심판을 통한 국민 권익구제 ▴지역주민의 정책 참여소통 기반 강화 및 주민의견을 반영한 법령제도개선 등 국민권익 보호를 위한 지원과 협력도 강화하기로 했다. \n  이날 업무협약 체결을 계기로 국민권익 보호 강화를 위한 협력의 첫 걸음으로 국민권익위 최은배 상임위원은 충청북도 서승우 행정부지사와 함께 양 기관의 행정심판 운영 현황을 공유하고, 국선대리인 제도의 효과적 운영 등 행정심판 제도 발전을 위한 구체적 협력방안을 논의한다. \n  아울러, 협약체결 이후 국민권익위 안준호 고충처리국장과 충청북도 임양기 감사관, 시‧군 감사관 등이 참석해 지역주민의 적극적 권익 구제와 민원서비스 향상을 위한 지방옴부즈만 활성화 방안 및 효율적 고충민원 처리를 위한 양 기관 간 협력방안 등을 논의할 예정이다. \n",
		"passage_Cnt": 749
	},
	"Annotation": {
		"summary1": "국민권익위 안 고충처리국장 등이 참석해 지역주민의 적극적 권익 구제와 민원서비스 향상을 위한 지방옴부즈만 활성화 방안을 위한 협력 방안 등을 논의할 계획이다.",
		"summary2": null,
		"summary3": "아울러, 협약체결 이후 국민권익위 안준호 고충처리국장과 충청북도 임양기 감사관, 시‧군 감사관 등이 참석해 지역주민의 적극적 권익 구제와 민원서비스 향상을 위한 지방옴부즈만 활성화 방안 및 효율적 고충민원 처리를 위한 양 기관 간 협력방안 등을 논의할 예정이다.",
		"summary_3_cnt": 146
	}
}