{
	"Meta(Acqusition)": {
		"doc_id": "REPORT-briefing-20757",
		"doc_category": "REPORT",
		"doc_type": "briefing",
		"doc_name": "(210629) 국민권익위, “아파트 단지 내 개인 소유 어린이집 주민 보육수요 감안해 용도변경 가능해야”.hwp",
		"author": null,
		"publisher": null,
		"publisher_year": null,
		"doc_origin": "공공누리포털"
	},
	"Meta(Refine)": {
		"passage_id": "REPORT-briefing-20757-00001",
		"passage": "               \n 아파트 단지 내 개인 소유 어린이집은 주변 어린이집 설치현황을 고려해 주민 보육수요에 지장이 없을 경우 다른 건물 용도로 변경을 할 수 있다고 판단했다.\n \n  국민권익위원회(위원장 전현희, 이하 국민권익위)는 인근 어린이집들과의 경쟁과 25년 이상 경과한 노후 아파트 단지라 유아가 지속적으로 감소하는 등 경영 환경이 악화돼 폐원한 개인 소유 어린이집의 용도변경을 할 수 있도록 행정기관에게 의견표명 했다.\n 공동주택관리법에 따르면 아파트 단지 내 입주민이 공동 소유한 어린이집의 용도변경은 불가능하지만 개인 소유 어린이집은 주택건설기준규정에 정한 적합한 범위에서 용도변경을 허용하고 있다. \n  여기서 적합한 범위란 해당 주택단지의 특성, 인근지역의 시설설치 현황을 고려해 설치할 필요가 없다고 인정하는 경우에 해당한다.\n 아파트 단지 내 어린이집 소유주인 민원인은 원아 감소로 운영이 어려워 용도변경을 하고자 행정기관에 질의 민원을 접수하였으나, 행정기관에서는 어린이집은 아파트 단지 내에 필수시설이므로 소유권과는 별개로 용도변경 할 수 없다고 민원 회신을 주었다.\n  이에 민원인은 어린이집 원아가 지속적으로 감소해 운영이 불가해 자진 폐원까지 했는데, 용도변경도 하지 못해 공실로 계속 유지해야 하는 경제적 손실을 감당하기가 버겁다.며 국민권익위에 고충민원을 제기했다. \n 국민권익위는 민원인의 어린이집이 있는 지역이 25년 이상 경과한 노후 아파트 단지라 유아가 지속적으로 감소하고 있고, 상대적으로 운영이 쉬운 가정어린이집이 주변 인근에 다수 존재해 입주민 보육수요를 충당하기 때문에 단지 내 민간어린이집 운영이 쉽지 않은 여건을 고려해 용도변경의 길을 열어줘야 한다고 봤다.\n",
		"passage_Cnt": 851
	},
	"Annotation": {
		"summary1": "국민권익위원회는 유아가 지속적으로 감소하는 등 경영 환경이 악화되어 폐원한 개인 소유 어린이집이 용도변경을 할 수 있도록 행정기관에 의견표명을 했다.",
		"summary2": null,
		"summary3": "국민권익위원회(위원장 전현희, 이하 국민권익위)는 인근 어린이집들과의 경쟁과 25년 이상 경과한 노후 아파트 단지라 유아가 지속적으로 감소하는 등 경영 환경이 악화돼 폐원한 개인 소유 어린이집의 용도변경을 할 수 있도록 행정기관에게 의견표명 했다.",
		"summary_3_cnt": 138
	}
}