{
	"Meta(Acqusition)": {
		"doc_id": "REPORT-briefing-20881",
		"doc_category": "REPORT",
		"doc_type": "briefing",
		"doc_name": "(210729)보도자료_젊은 감각으로 세계산림총회 알린다..hwp",
		"author": null,
		"publisher": null,
		"publisher_year": null,
		"doc_origin": "공공누리포털"
	},
	"Meta(Refine)": {
		"passage_id": "REPORT-briefing-20881-00001",
		"passage": " 산림청(청장 최병암)은 7월 29일 산림청 국제산림협력관 등 관계관이 참석한 가운데 온라인 화상 시스템을 통한 비대면 방식으로 ‘세계산림총회 대학생 홍보단 3기(이하 ‘홍보단’)’ 발대식을 가졌다.\n o 발대식은 코로나19 상황에 따라 비대면 방식으로 진행되었다. 위촉패 수여와 함께 세계산림총회 개최 의의 및 홍보단 활동 계획에 대한 설명이 있었으며, 홍보 전문가를 초빙하여 ‘효과적인 온라인 홍보전략’이라는 주제로 강연이 진행되었다.\n 산림청은 대학생들의 창의적인 생각과 다양한 홍보 방법을 활용하여 세계산림총회 홍보 효과를 높이기 위해 홍보단을 모집하였으며, 서류심사 및 면접을 통해 최종 10팀(40명)을 선발하였다.\n 홍보단은 오는 8월 1일부터 내년 2월 28일까지 7개월간 각종 온라인 및 오프라인 활동을 통해 세계산림총회를 홍보할 계획이며, 이 중 일부는 내년 5월 서울 코엑스에서 개최되는 제15차 세계산림총회 현장 요원으로 선발되어 활약할 예정이다.\n 한편, 홍보단 활동을 시작하는 박성은(전북대 산림환경과학과) 학생은 세계산림총회 홍보단으로 활동하게 되어 매우 기쁘고 영광스럽다. 홍보단 활동을 통해 많은 사람에게 세계산림총회의 가치와 의의를 알리고, 총회에 참여하도록 적극적으로 홍보하겠다라고 활동 포부를 밝혔다.\n 산림청 박은식 세계산림총회 준비기획단장은 세계산림총회는 6년마다 개최되는 산림분야에서 가장 크고 영향력 있는 국제회의다. 대학생들의 창의적인 생각으로 세계산림총회를 많은 사람에게 알릴 수 있길 바란다라며 홍보단 활동에 대한 기대를 표했다.\n",
		"passage_Cnt": 772
	},
	"Annotation": {
		"summary1": "산림청은 세계산림총회 대학생 홍보단 3기 발대식을 가졌으며 위촉패를 수여하고 효과적인 온라인 홍보전략이라는 주제의 강연을 진행했다. ",
		"summary2": null,
		"summary3": "산림청(청장 최병암)은 7월 29일 산림청 국제산림협력관 등 관계관이 참석한 가운데 온라인 화상 시스템을 통한 비대면 방식으로 ‘세계산림총회 대학생 홍보단 3기(이하 ‘홍보단’)’ 발대식을 가졌다. 위촉패 수여와 함께 세계산림총회 개최 의의 및 홍보단 활동 계획에 대한 설명이 있었으며, 홍보 전문가를 초빙하여 ‘효과적인 온라인 홍보전략’이라는 주제로 강연이 진행되었다.",
		"summary_3_cnt": 208
	}
}