{
	"Meta(Acqusition)": {
		"doc_id": "REPORT-briefing-20359",
		"doc_category": "REPORT",
		"doc_type": "briefing",
		"doc_name": "(210413)보도자료_학교 탄소중립 실현을 위해 6개 관계 부처 손잡다..hwp",
		"author": null,
		"publisher": null,
		"publisher_year": null,
		"doc_origin": "공공누리포털"
	},
	"Meta(Refine)": {
		"passage_id": "REPORT-briefing-20359-00001",
		"passage": "모든아이는우리모두의아이입니다          \n 교육부(부총리 겸 교육부 장관 유은혜), 환경부(장관 한정애), 해양수산부(장관 문성혁), 농림축산식품부(차관 박영범), 산림청(청장 최병암), 기상청(청장 박광석)은 4월 13일(화) 정부세종컨벤션센터에서 업무협약식을 열고, 학교 탄소중립 실현을 위해 긴밀하게 협력하기로 약속하였다.\n   코로나19 상황을 고려하여 사전에 행사장 방역을 실시하고, 참석자 수 최소화, 참석자 마스크 착용, 출입구 발열 체크 후 입장 및 행사장 내 충분한 거리두기 등 방역지침을 철저히 준수하여 진행\n 이번 업무협약은 2050 탄소중립 실현을 위해 미래세대에게 기후위기환경생태 교육이 필수적이며, 어릴 때부터 환경위기를 이해하고 해결을 위한 실천행동을 지원하기 위해 마련되었다.\n 6개 관계부처가 합의한 업무협약의 주요 내용은 다음과 같다.\n 기후위기 대응 및 탄소중립 실현을 위해 학교 환경교육과 관련된 제도를 개선하고, 학생학부모교원 대상 프로그램을 개발보급한다.\n 체험관과학관 등 협약기관의 관계 기관단체 등을 활용하여 학생 대상의 기후위기, 환경생태 관련 체험교육을 지원한다.\n ‘(가칭)탄소중립 시범중점학교’ 운영 등 학교 탄소중립 실현을 위한 사업을 적극 발굴하고 공동으로 지원하며 우수모형을 확산한다.\n《 ‘(가칭)탄소중립 시범중점학교’ 지원내용(안) 》\n 이번 업무협약을 통한 부처협업의 실질적인 성과를 달성하기 위하여 6개 관계부처는 분기별로 담당과장과 실무자 등이 참여하는 정책협의회를 구성하여 운영할 계획이다.\n",
		"passage_Cnt": 763
	},
	"Annotation": {
		"summary1": "교육부, 환경부, 해양수산부, 농림축산식품부, 산림청, 기상청은 업무협약식을 열고 학교 탄소 중립 실현을 위해 긴밀하게 협력하기로 약속했다.",
		"summary2": null,
		"summary3": "교육부(부총리 겸 교육부 장관 유은혜), 환경부(장관 한정애), 해양수산부(장관 문성혁), 농림축산식품부(차관 박영범), 산림청(청장 최병암), 기상청(청장 박광석)은 4월 13일(화) 정부세종컨벤션센터에서 업무협약식을 열고, 학교 탄소중립 실현을 위해 긴밀하게 협력하기로 약속하였다.",
		"summary_3_cnt": 159
	}
}