{
	"Meta(Acqusition)": {
		"doc_id": "REPORT-briefing-20091",
		"doc_category": "REPORT",
		"doc_type": "briefing",
		"doc_name": "'20년 귀속 양도소득세 확정신고, 편리한 전자신고를 이용하세요!.hwp",
		"author": null,
		"publisher": null,
		"publisher_year": null,
		"doc_origin": "공공누리포털"
	},
	"Meta(Refine)": {
		"passage_id": "REPORT-briefing-20091-00001",
		"passage": "(신고납부) 5월은 양도소득세 확정신고납부의 달로\n 2020년에 부동산, 주식 등 양도소득세 누진세율 대상 자산을 2회 이상 양도하고 소득금액을 합산신고하지 않았거나,\n  국외주식 및 파생상품 거래에서 양도소득(국내국외 손익통산)이 발생한 납세자는 5. 31.(월)까지 확정신고납부하여야 합니다.\n   국외주식 양도차손(차익)을 국내주식 양도차익(차손)에서 차가감 신고 가능\n(안내대상자) 올해 신고안내대상 인원은 5만 5천 명(부동산 2만 명, 국내주식 2천 명, 국외주식 2만 6천 명, 파생상품 7천 명)으로 전년 안내대상(3만 7천 명)에 비해 49% 증가하였습니다.\n 확정신고 안내문은 모바일 안내문으로 발송하고, 해당 안내문은 세무대리인 등에게 전자적으로 전달1)하거나 출력2) 가능하도록 개선하였으며,\n  1)안내문 열람>안내문 내려받기 >이미지로 저장>문자(모바일팩스등)로 전달\n  2)홈택스(PC) 초기화면 ‘세무알리미’와 ‘My 홈택스’에서 출력 가능\n  국외주식 신고대상자 및 스마트폰이 없거나 모바일 전송이 가능하지 않은 경우에는 우편안내문을 발송할 예정입니다. \n(신고방법) 확정신고 대상자는 홈택스손택스로 5. 1.(토)부터 전자신고하거나, 신고서를 서면으로 작성하여 주소지 관할세무서에 제출(우편 포함)할 수 있습니다.\n 전자신고를 이용하면 예정신고내역 채움 서비스 등도 제공받을 수 있고, 특히 파생상품은 모두채움 서비스를 통해 손쉽게 신고할 수 있습니다.\n",
		"passage_Cnt": 720
	},
	"Annotation": {
		"summary1": "양도소득세 누진세율 대상 자산을 2회 이상 양도하고 소득 금액을 합산신고하지 않았거나 국외 주식 거래에서 양도소득이 발생한 납세자는 확정신고납부해야 한다. ",
		"summary2": null,
		"summary3": "2020년에 부동산, 주식 등 양도소득세 누진세율 대상 자산을 2회 이상 양도하고 소득금액을 합산신고하지 않았거나, 국외주식 및 파생상품 거래에서 양도소득(국내국외 손익통산)이 발생한 납세자는 5. 31.(월)까지 확정신고납부하여야 합니다.",
		"summary_3_cnt": 134
	}
}