{
	"Meta(Acqusition)": {
		"doc_id": "REPORT-briefing-20531",
		"doc_category": "REPORT",
		"doc_type": "briefing",
		"doc_name": "(210520)보도자료_산지 정화활동 및 쓰레기 투기 불법행위 단속 강화.hwp",
		"author": null,
		"publisher": null,
		"publisher_year": null,
		"doc_origin": "공공누리포털"
	},
	"Meta(Refine)": {
		"passage_id": "REPORT-briefing-20531-00001",
		"passage": " 산림청(청장 최병암)은 산림자원의 건강한 생육환경 조성 및 산림의 탄소 흡수원의 기능 강화를 위해 산림 내 오염원 제거사업 추진에 박차를 가한다고 20일 밝혔다.\n  지방자치단체와 함께하는 산림 내 오염원 제거사업은 선택과 집중을 통해 보호가치가 매우 큰 산림정화구역과 100대 명산을 거점으로 중점 추진 중이다.\n   산림정화구역 : 산림보호법제14조에 따라 산림청장 및 지자체장은 오염으로부터 산림환경 보호를 위해 필요 산림을 지정하여 관리\n  100대 명산 : 산림청은 ‘2002년 세계산의 해’를 기념하고 산의 가치와 중요성을 새롭게 인식하기 위해 역사ㆍ문화성ㆍ생태계 특성 등이 우수한 100대 산을 우리나라 명산으로 지정\n 산림청과 지방자치단체는 산림이 오염되었거나, 오염될 우려가 있어 오염의 방지정화가 필요한 지역을 산림정화구역으로 지정하여 관리 중이다.\n  현재 전국에 지정된 산림정화구역은 887개소, 238,465ha로, 오염방지를 위해 쓰레기장, 화장실 등 관련 시설 1,736개소를 설치하여 운영하고 있다.\n  산림재해일자리사업 및 산지정화캠페인 등을 통해 연간 약 2,000회의 계도활동을 실시하고, 1,700여 톤의 쓰레기를 수거처리 중이다.\n   산림재해일자리사업 : 재정일자리 사업의 일환으로 산림보호지원단, 산불전문예방진화대 등 전국 12,326명 배치\n ‘100대 명산 폐기물 처리사업’은 산림청과 지방자치단체가 직접 100대 명산을 중심으로 산림 내 폐기물을 수거하고, 허가를 받지 않은 시설물을 철거하는 사업이다.\n",
		"passage_Cnt": 757
	},
	"Annotation": {
		"summary1": "산림청은 지방자치단체와 함께 산림정화 구역과 100대 명산을 거점으로 산림 내 오염원 제거사업 추진에 박차를 가한다고 밝혔다.",
		"summary2": null,
		"summary3": "산림청(청장 최병암)은 산림자원의 건강한 생육환경 조성 및 산림의 탄소 흡수원의 기능 강화를 위해 산림 내 오염원 제거사업 추진에 박차를 가한다고 20일 밝혔다. 지방자치단체와 함께하는 산림 내 오염원 제거사업은 선택과 집중을 통해 보호가치가 매우 큰 산림정화구역과 100대 명산을 거점으로 중점 추진 중이다.",
		"summary_3_cnt": 174
	}
}