{
	"Meta(Acqusition)": {
		"doc_id": "REPORT-briefing-20584",
		"doc_category": "REPORT",
		"doc_type": "briefing",
		"doc_name": "(210531) 국민권익위, 경남 통영 3개 섬 여객선터미널 운영 갈등 ‘조정’으로 해결 (최종).hwp",
		"author": null,
		"publisher": null,
		"publisher_year": null,
		"doc_origin": "공공누리포털"
	},
	"Meta(Refine)": {
		"passage_id": "REPORT-briefing-20584-00001",
		"passage": " 경상남도 통영에 신축한 제승당, 비진외항, 소매물도 여객선 터미널이 6월부터 정상 운영돼 지역주민, 관광객 등 여객선 이용객의 불편이 해소될 전망이다.\n  국민권익위원회(위원장 전현희, 이하 국민권익위)는 통영시청(1청사) 에서 5월 31일 전현희 위원장 주재로 주민대표, 마산지방해양수산청장, 통영시장 등이 참석한 가운데 현장조정회의를 개최했다.\n 조정 결과 마산지방해양수산청장은 ▴6월까지 터미널 관리사무를 통영시로 위임하고 ▴일상적 유지 보수는 통영시와 협의하며 ▴안전관리 책임을 담보하기 위해 보험가입 등 행정절차를 이행하고 ▴소매물도 여객선 터미널은 태풍 시 피해가 우려되니 안전진단 용역 등을 실시하기로 했다.\n  통영시청은 ▴6월까지 터미널 관리사무를 위임받아 여객선터미널을 정상 운영하고 ▴‘소매물도 터미널 바지선’ 피항 비용은 코로나19 상황을 감안해 2년 동안 마산지방해양수산청과 절반씩 부담하며 ▴시설의 관리운영을 위한 계획을 수립할 때 주민과 협의하고 ▴실효성 있는 시설의 관리운영을 위해 여객사가 참여하는 세부 관리 운영계획을 마련해 시행하기로 했다.\n 한산도는 이충무공의 유적지인 제승당으로, 비진도는 8자 형태의 모래시계와 유사한 섬모양과 천혜의 해수욕장으로, 소매물도는 간조 시 등대섬이 연결되는 절경으로 연간 55만 명이 찾는 섬들이다.\n  그런데 지금까지 섬 지역 주민과 관광객들이 햇빛이나 비바람을 피할 수 있는 여객 편의시설이 없어 많은 불편을 겪어왔다. \n",
		"passage_Cnt": 725
	},
	"Annotation": {
		"summary1": "국민권익위가 통영시청에서 현장조정회의를 개최한 결과 통영에 신축한 소매물도 여객선 터미널을 정상 운행하기로 해 여객선 이용객의 불편이 해소될 전망이다.",
		"summary2": null,
		"summary3": "경상남도 통영에 신축한 제승당, 비진외항, 소매물도 여객선 터미널이 6월부터 정상 운영돼 지역주민, 관광객 등 여객선 이용객의 불편이 해소될 전망이다. 국민권익위원회(위원장 전현희, 이하 국민권익위)는 통영시청(1청사) 에서 5월 31일 전현희 위원장 주재로 주민대표, 마산지방해양수산청장, 통영시장 등이 참석한 가운데 현장조정회의를 개최했다.",
		"summary_3_cnt": 193
	}
}