{
	"Meta(Acqusition)": {
		"doc_id": "REPORT-briefing-20875",
		"doc_category": "REPORT",
		"doc_type": "briefing",
		"doc_name": "(210728)보도자료_땅밀림 피해 우려지 사전 관리 통해 선제적 예방한다.hwp",
		"author": null,
		"publisher": null,
		"publisher_year": null,
		"doc_origin": "공공누리포털"
	},
	"Meta(Refine)": {
		"passage_id": "REPORT-briefing-20875-00002",
		"passage": "  2019년부터 2020년까지 2년간 실태조사를 실시한 결과, 땅밀림 발생 의심이나 위험성이 높은 에이(A) 등급은 39개소, 땅밀림 발생이 우려되는 비(B) 등급은 38개소로 판별되었으며, \n  그중 구조물 대책이 필요한 개소는 22개소, 비구조물 대책이 필요한 개소는 55개소로 조사되었다. \n 땅밀림 관리대상지는 구조물 대책과 비구조물 대책으로 나누어 관리하고 있다. \n  구조물 대책은 항구적인 복구사업을 시행하는 것으로 이미 산지 속 균열이나 단차 등 땅밀림 징후가 발생하여 향후 재난 발생 시 인명 및 재산 피해 위험성이 높은 지역을 대상으로 실시한다.\n   실태조사 이전 땅밀림 10여 개소에 대해 복구한 바 있으며, 올해는 전북 완주, 전남 순천, 경북 영주 3개소에서 땅밀림 복구사업을 진행하고 있다. \n  비구조물 대책으로 땅밀림 무인원격감시시스템과 주기적인 현장 점검을 실시한다.\n   인명 및 재산피해가 우려되는 지역은 땅밀림 무인원격감시시스템을 설치하여 땅밀림 현상을 조기에 감지할 수 있도록 관리하고 있으며, 현재 전국 40개소에 설치하여 시범운영하고 있다.\n   작년 기록적인 폭우로 전남 완주군에 설치된 감지기(센서)에서 이상 변위가 발생하여 사전 대피 및 긴급조치를 실시함.\n   땅밀림 우려지 하단부에 민가나 인명피해 우려가 없는 곳에서는 땅밀림 진행 여부 육안 점검 등을 주기적으로 실시하여 관리하고 있다. \n 향후 계획\n 전국 땅밀림 관리대상지를 확대하기 위해 2028년까지 2만 개소에 대한 실태조사를 완료할 계획이다. \n",
		"passage_Cnt": 762
	},
	"Annotation": {
		"summary1": "인명 및 재산피해가 우려되는 지역은 땅밀림 무인 원격 감시 시스템을 설치해 관리하고 있으며 전국 땅밀림 관리대상지를 확대하기 위해 2만 개소에 대해 실태조사를 완료할 것이다.",
		"summary2": null,
		"summary3": "전국 땅밀림 관리대상지를 확대하기 위해 2028년까지 2만 개소에 대한 실태조사를 완료할 계획이다. 인명 및 재산피해가 우려되는 지역은 땅밀림 무인원격감시시스템을 설치하여 땅밀림 현상을 조기에 감지할 수 있도록 관리하고 있으며, 현재 전국 40개소에 설치하여 시범운영하고 있다.",
		"summary_3_cnt": 156
	}
}