{
	"Meta(Acqusition)": {
		"doc_id": "REPORT-briefing-20468",
		"doc_category": "REPORT",
		"doc_type": "briefing",
		"doc_name": "(210509) 국민권익위, “어린이 교통안전” 관련 민원예보 발령(최종).hwp",
		"author": null,
		"publisher": null,
		"publisher_year": null,
		"doc_origin": "공공누리포털"
	},
	"Meta(Refine)": {
		"passage_id": "REPORT-briefing-20468-00001",
		"passage": "               \n 국민권익위원회(위원장 전현희, 이하 국민권익위)는 어린이보호구역 내 교통사고가 가장 많이 발생하는 5월부터 이와 관련한 시설물 점검 및 단속요청 등 ‘어린이 교통안전’ 관련 민원이 증가할 것으로 예상해 예보를 발령했다. \n   최근 5년간(2015년~2019년) 어린이보호구역 내 교통사고는 5월에 가장 많이 발생해 전체 사고의 12%를 차지(출처:도로교통공단)\n  최근 3년간(2018.1월~2020.12월) 발생한 어린이 교통안전 관련 민원은 총 13,740건으로, 사고가 가장 많이 발생하는 5월부터 7월까지 증가하는 추세를 보이고 있다.\n  신청인은 40대(38.6%), 30대(37.7%), 50대(11.0%), 20대(5.5%), 60대(4.1%) 순으로 어린 자녀를 둔 30~40대의 높은 관심도를 반영하고 있다.\n ‘어린이 교통안전’ 관련 민원의 주요 내용은 ▴속도확인 모니터 및 안전 울타리 등 방치된 안전 시설물 정비 요청 ▴사고 예방을 위한 시설물 설치 요청 ▴어린이보호구역 추가 지정 및 확대 요청 ▴어린이보호구역 내 불법행위 신고 및 단속 강화 요청 등이며 국민권익위는 이러한 내용을 대책 마련에 참고하도록 관련 기관에 통보했다.\n  국민권익위는 이번 달 11일부터 어린이보호구역 내 주정차위반 관련 과태료와 범칙금이 상향되므로 관련 기관뿐만 아니라 운전자도 각별한 주의를 기울일 필요가 있다고 말했다.\n 한편, 국민권익위는 지난 한 달 동안 민원분석시스템을 통해 수집된 2021년 4월 민원 빅데이터 동향도 발표했다.\n",
		"passage_Cnt": 769
	},
	"Annotation": {
		"summary1": "국민권익위는 어린이 교통안전 관련 민원이 증가할 것을 예상해 예보를 발령했고 어린이보호구역 내 주정차 위반 관련 과태료가 상향되므로 운전자도 주의를 기울여야 한다고 말했다.",
		"summary2": null,
		"summary3": "국민권익위원회(위원장 전현희, 이하 국민권익위)는 어린이보호구역 내 교통사고가 가장 많이 발생하는 5월부터 이와 관련한 시설물 점검 및 단속요청 등 ‘어린이 교통안전’ 관련 민원이 증가할 것으로 예상해 예보를 발령했다. 국민권익위는 이번 달 11일부터 어린이보호구역 내 주정차위반 관련 과태료와 범칙금이 상향되므로 관련 기관뿐만 아니라 운전자도 각별한 주의를 기울일 필요가 있다고 말했다.",
		"summary_3_cnt": 218
	}
}