{
	"Meta(Acqusition)": {
		"doc_id": "REPORT-briefing-20656",
		"doc_category": "REPORT",
		"doc_type": "briefing",
		"doc_name": "(210609)보도자료_산림일자리발전소 그루매니저 4기 발대식 개최.hwp",
		"author": null,
		"publisher": null,
		"publisher_year": null,
		"doc_origin": "공공누리포털"
	},
	"Meta(Refine)": {
		"passage_id": "REPORT-briefing-20656-00001",
		"passage": " 산림청(청장 최병암)은 지역맞춤형 산림일자리 창출육성을 지원하기 위해 9일 대전 서구 둔산동 한국임업진흥원 소나무재선충병모니터링센터에서 ‘산림일자리발전소 그루매니저 제4기’ 발대식을 개최했다. \n  산림청은 ‘사람’ 중심의 일자리 정책을 실현하고자 수요자 중심, 지역맞춤형 일자리 창출을 위해 2018년부터 산림일자리발전소 사업을 진행하고 있다.\n   산림일자리발전소 : 기초 지자체 단위로 그루매니저를 배치해 지역자원조사, 공동체 발굴육성, 산림경영 모형 개발 및 창업 활동 등을 체계적으로 지원하는 산림형 중간지원조직\n  그루매니저(지역활동가) : 지역공동체가 사회적경제기업 등으로 성장할 수 있도록 역량강화 교육, 경영자문, 판로마케팅 등의 업무를 지원하는 전문 관리자(3년간 활동)\n 이번 발대식은 그루매니저, 산림청, 한국임업진흥원 관계관 등 20여 명이 참석한 가운데 진행됐다. \n  이날 산림청은 4기 그루매니저로 10명을 신규로 위촉하고 운영방안 보고 등을 설명했다.\n  또한, 현장에서 요구하는 산림일자리에 대한 의견을 청취하고, 관련 민원 해소하는 등 행정능력 함양을 위해 3차례 역량강화 교육을 했다.\n 앞서 4월 25일 한국임업진흥원은 2021년 산림일자리발전소 신규 사업지역 10개소를 발표했다.\n  올해 4기 그루매니저가 활동할 신규지역은 경기 군포, 여주 강원 양양, 정선 충북 단양, 영동 충남 보령 대전 대덕구 경북 청도 경남 산청이다. \n",
		"passage_Cnt": 712
	},
	"Annotation": {
		"summary1": "산림청은 대전 서구 둔산동 한국임업 진흥원 소나무재선충병 모니터링센터에서 산림일자리발전소 그루매니저 제4기 발대식을 개최했다. ",
		"summary2": null,
		"summary3": "산림청(청장 최병암)은 지역맞춤형 산림일자리 창출육성을 지원하기 위해 9일 대전 서구 둔산동 한국임업진흥원 소나무재선충병모니터링센터에서 ‘산림일자리발전소 그루매니저 제4기’ 발대식을 개최했다.",
		"summary_3_cnt": 107
	}
}