{
	"Meta(Acqusition)": {
		"doc_id": "REPORT-briefing-20365",
		"doc_category": "REPORT",
		"doc_type": "briefing",
		"doc_name": "(210414) 국민권익위, 용산역과 용산전자상가 잇는 공중보행교 신설 요구 집단민원 조정 해결(최종).hwp",
		"author": null,
		"publisher": null,
		"publisher_year": null,
		"doc_origin": "공공누리포털"
	},
	"Meta(Refine)": {
		"passage_id": "REPORT-briefing-20365-00001",
		"passage": " 일부 구간이 급경사로 되어 있어 노약자장애인의 보행이 어려웠던 용산역∼용산전자상가 간 공중보행교가 국민권익위원회의 조정으로 신설된다. \n \n  국민권익위원회(위원장 전현희, 이하 국민권익위)는 지난 해 12월 용산전자단지 협동조합상인연합회 등 9개 단체가 제기한 용산역 공중보행교 신설 요구 집단민원을 관계기관과 협의 후 조정으로 해결했다. \n 국민권익위는 집단민원을 해결하기 위해 김태응 상임위원 주재로 착수회의를 개최하고 수차례 현장조사와 관계기관 협의를 거쳐 중재안을 마련했다. \n  중재안에 따르면, 용산구는 사업시행자(HDC현대산업개발)와 협의해 기존 공중보행교를 철거하고 신설한 후 이를 국가에 기부채납하기로 했다. \n  한국철도공사는 신설되는 공중보행교가 기존 공중보행교의 대체시설로 국가에 기부채납 되는 것을 고려해 해당 편입토지의 조건 없는 무상사용을 승인하기로 했다.\n  국가철도공단은 사업시행자가 공중보행교를 변경 설치하고 국가로 기부할 경우,국유재산법등 관계법령에 따라 기부채납 처리하고, 기부채납을 전제로 국유지 사용을 승인하기로 했다. \n 공중보행교는 (구)철도청이 1993년 설치한 이래 용산 서부지역에 거주하는 주민, 전자상가 상인 등 약 6만 명이 용산역과 용산전자상가 사이를 도보로 이동할 수 있는 역할을 해왔다. \n  그러나 28년이 지난 지금 시설 안전상의 문제와 일부 구간의 급경사로 인해 노약자, 장애인 등 보행 약자의 이동이 어렵다는 고충민원이 지속적으로 제기되어 왔다. \n",
		"passage_Cnt": 737
	},
	"Annotation": {
		"summary1": "국민권익위는 집단민원을 해결하기 위해 중재안을 마련했고 중안안에 따르면 용산구는 사업시행자와 협의해 기존 공중보행교를 철거하고 신설한 후 이를 국가에 기부채납하기로 했다.",
		"summary2": null,
		"summary3": "국민권익위는 집단민원을 해결하기 위해 김태응 상임위원 주재로 착수회의를 개최하고 수차례 현장조사와 관계기관 협의를 거쳐 중재안을 마련했다. 중재안에 따르면, 용산구는 사업시행자(HDC현대산업개발)와 협의해 기존 공중보행교를 철거하고 신설한 후 이를 국가에 기부채납하기로 했다.",
		"summary_3_cnt": 155
	}
}