{
	"Meta(Acqusition)": {
		"doc_id": "REPORT-briefing-20914",
		"doc_category": "REPORT",
		"doc_type": "briefing",
		"doc_name": "(9조간) K배터리 발전전략 발표.hwp",
		"author": null,
		"publisher": null,
		"publisher_year": null,
		"doc_origin": "공공누리포털"
	},
	"Meta(Refine)": {
		"passage_id": "REPORT-briefing-20914-00002",
		"passage": "  포엔 최성진 대표는 지속가능한 산업을 위한 사용후 배터리 사업을 설명하고, UNIST(울산과학기술원) 석사과정의 김서영 학생은 자신의 연구분야를 소개하며 미래 우리산업의 성장에 대한 기대를 드러냈다.\n (2부) K배터리 발전 전략 보고대회에 이어 진행된 K배터리 연대와 협력 협약식에서는 국내 배터리 산업을 구성하는 주요 주체들이 모여 국내산업 생태계 구축과 경쟁력 강화를 위한 업무협약(MOU)을 체결하였다.\n 산학연관이 참여하는 차세대배터리 기술개발, 전지3사 출자와 산업부 정책자금으로 조성하는 이차전지 R&D혁신펀드 신설, 지속가능한 산업 발전과 공급망 안정화에 기여하는 사용후 배터리 활용 협의체 구성 등 3건의 MOU가 동시에 진행되었다.\n< 2030 이차전지 산업 발전 전략 >\n 추진 배경 \n 우리 배터리 산업은 최근 괄목할 만한 성과를 보이며 성장하고 있다. \n 소형 배터리는 10년째 1위를 수성하고 있으며, 중대형 배터리도 경쟁국과 1~2위를 다투는 수준이며 \n 코로나19 상황에서도 꾸준한 투자로 생산능력을 확대, 수출도 5년 연속 증가하였다.\n 그러나 글로벌 경쟁은 이제부터 본격 시작되는 양상으로,\n 이차전지 산업의 급격한 성장이 전망되는 가운데 미국유럽중국 등 주요국들은 제조기반 구축, 배터리 기술 및 공급망 확보에 나서고 있다.\n 이에 정부는 앞으로의 10년이 세계 이차전지 시장에서 각 국의 위상을 결정짓는 중요한 시점이라고 보고, 배터리 총력전에 돌입하기 위해 민관의 역량을 결집하는 종합 전략을 마련했다.\n",
		"passage_Cnt": 753
	},
	"Annotation": {
		"summary1": "소형, 중대형 배터리가 코로나19 상황에서도 수출이 계속 증가하자 정부는 배터리 총격전에 돌입하기 위한 종합 전략을 마련했다.",
		"summary2": null,
		"summary3": "소형 배터리는 10년째 1위를 수성하고 있으며, 중대형 배터리도 경쟁국과 1~2위를 다투는 수준이며 코로나19 상황에서도 꾸준한 투자로 생산능력을 확대, 수출도 5년 연속 증가하였다. 이에 정부는 앞으로의 10년이 세계 이차전지 시장에서 각 국의 위상을 결정짓는 중요한 시점이라고 보고, 배터리 총력전에 돌입하기 위해 민관의 역량을 결집하는 종합 전략을 마련했다.",
		"summary_3_cnt": 204
	}
}