{
	"Meta(Acqusition)": {
		"doc_id": "REPORT-briefing-20859",
		"doc_category": "REPORT",
		"doc_type": "briefing",
		"doc_name": "(210722)국민권익위, “체당금 지급대상 근로자 여부는 노무제공의 실질을 살펴야”(최종).hwp",
		"author": null,
		"publisher": null,
		"publisher_year": null,
		"doc_origin": "공공누리포털"
	},
	"Meta(Refine)": {
		"passage_id": "REPORT-briefing-20859-00001",
		"passage": "               \n 사업주 요청으로 명의만 제공해 임원으로 등기된 사람의 경우라도 대표이사 등의 지휘감독 아래 실제 노무를 제공했다면, 근로자로 봐 적극 구제해야 한다는 행정심판 결과가 나왔다.\n  고용노동청은 회사의 파산으로 체당금 확인신청을 한 근로자가 등기이사로 등재돼 있어 근로자로 볼 수 없다고 판단했다. 이에 국민권익위원회(위원장 전현희, 이하 국민권익위) 소속 중앙행정심판위원회(이하 중앙행심위)는 해당 처분을 취소할 것을 결정했다.\n 근로자 ㄱ씨와 ㄴ씨는 ㄷ회사에 입사해 일하던 중 등기이사 자리를 채워야 하고, 법적으로 문제가 없으니 등재해 달라는 사업주의 요청을 거절하지 못하고 등기이사가 됐다.\n  이사로 등재된 이후에도 근로자 ㄱ씨와 ㄴ씨는 명의상 등기이사일 뿐, 실제로는 상무의 지휘ㆍ감독 아래 회사의 거래업체에서 생산과 관련된 업무를 하는 등 업무상 특별한 변동은 없었다.\n  회사가 파산한 이후 ㄱ씨와 ㄴ씨는 사업주를 대신해 임금 등을 지급해 달라는 체당금 확인신청을 고용노동청에 신청했으나, 해당 고용노동청은 ▴사업장의 등기부등본에 2명 모두 이사로 등재돼 있고 ▴주주명부상 20퍼센트의 지분을 보유했으며 ▴사업주가 사망한 상태라서 사실관계를 확인할 수 없다는 이유로 체당금 확인불가 통지를 했다.\n  ㄱ씨와 ㄴ씨는 고용노동청의 체당금 확인불가통지가 위법하다며 중앙행심위에 행정심판을 청구했다.\n 중앙행심위는 ㄱ씨와 ㄴ씨 모두 이사로 등재된 이후에도 ▴다른 직원과 똑같은 방식으로 출‧퇴근 기록부에 수기로 시간을 기재했고 ▴주식납입금조차 스스로 부담한 것이 아니라는 사실이 확인되며 ▴상무에게 보고하는 방식으로 업무가 이루어지는 등 특별한 권한이 없었던 점에 주목했다.\n",
		"passage_Cnt": 845
	},
	"Annotation": {
		"summary1": "고용노동청은 회사의 파산으로 체당금 확인 신청을 한 근로자가 등기이사로 등재돼 있어 근로자로 볼 수 없다고 판단했으나 중앙행정심판위원회는 해당 처분을 취소할 것을 결정했다.",
		"summary2": null,
		"summary3": "고용노동청은 회사의 파산으로 체당금 확인신청을 한 근로자가 등기이사로 등재돼 있어 근로자로 볼 수 없다고 판단했다. 이에 국민권익위원회(위원장 전현희, 이하 국민권익위) 소속 중앙행정심판위원회(이하 중앙행심위)는 해당 처분을 취소할 것을 결정했다.",
		"summary_3_cnt": 139
	}
}