{
	"Meta(Acqusition)": {
		"doc_id": "REPORT-briefing-20356",
		"doc_category": "REPORT",
		"doc_type": "briefing",
		"doc_name": "(210413)보도자료_인도네시아 산림사진 공모전 개최.hwp",
		"author": null,
		"publisher": null,
		"publisher_year": null,
		"doc_origin": "공공누리포털"
	},
	"Meta(Refine)": {
		"passage_id": "REPORT-briefing-20356-00001",
		"passage": " 산림청(청장 최병암)은 한국과 인도네시아 간 세계 산림의 날(3.21) 공동행사로 ‘감염병 세계적 유행(팬데믹) 시대의 숲’이라는 주제아래 인도네시아에서 온라인 산림사진 공모전을 개최하고, 3월 31일 16점의 수상작을 선정했다.\n 이 행사는 인도네시아에 설치된 지 올해 10주년을 맞는 한인니 산림센터의 활동을 촉진하고 인도네시아 국민에게 한인니 산림센터를 널리 알리기 위해 인도네시아 환경산림부와 공동으로 추진하였다.  \n  한인니 산림센터 : 한인도네시아 간 산림협력 수행 및 진출기업 지원 등을 목적으로 산림청과 인니 환경산림부가 공동으로 인도네시아 자카르타에 설립(2011.7)한 기관\n 청년 부문(13～23세)과 일반인 부문(24세 이상)으로 나누어 온라인으로 실시한 산림사진 공모전은 코로나19의 지속적인 확산에도 불구하고, 청년부 172점, 일반부 201점 등 총 373점의 응모로 성황리에 실시되었다.\n 이번 산림 공모전에서 당선된 수상작은 청년 부문 8점과 일반인 부문 8점으로서, 이들 16명은 총 2천5백만 루피아(한화 약 2백만 원)의 상금을 부상으로 받는 행운을 누렸다.\n 대상의 영예를 얻은 가자마다대학교(UGM) 재학생인 파리즈 아르디안토(Fariz Ardianto)와 족자카르타에 거주하는 시민 로피안 소피아만(Rofyan Sofyaman)은 감염병 세계적 유행 시대가 말하고자 하는 의미를 숲을 통해 카메라에 담아 출품하면서, 돈으로 환산하기 어려운 숲의 가치를 이 시대를 사는 모든 이들에게 심금을 울리는 의미로 전달하였다.\n",
		"passage_Cnt": 762
	},
	"Annotation": {
		"summary1": "산림청은 세계 산림의 날 공동행사로 감염병 세계적 유행 시대의 숲이라는 주제로 인도네시아에서 온라인 산림 사진 공모전을 개최해 16점의 수상작을 선정했다.",
		"summary2": null,
		"summary3": "산림청(청장 최병암)은 한국과 인도네시아 간 세계 산림의 날(3.21) 공동행사로 ‘감염병 세계적 유행(팬데믹) 시대의 숲’이라는 주제아래 인도네시아에서 온라인 산림사진 공모전을 개최하고, 3월 31일 16점의 수상작을 선정했다.",
		"summary_3_cnt": 128
	}
}