{
	"Meta(Acqusition)": {
		"doc_id": "REPORT-briefing-20432",
		"doc_category": "REPORT",
		"doc_type": "briefing",
		"doc_name": "(210430) 국민권익위가 입안한 이해충돌방지법, 국회 본회의 통과...내년 5월 본격 시행.hwp",
		"author": null,
		"publisher": null,
		"publisher_year": null,
		"doc_origin": "공공누리포털"
	},
	"Meta(Refine)": {
		"passage_id": "REPORT-briefing-20432-00002",
		"passage": "  이에, 반부패 총괄기관인 국민권익위는 LH 사태를 근원적으로 예방하기 위해서는 공직자의 사익 추구를 근본적으로 예방할 수 있는 제도적 장치 마련이 필요하다고 보고, 그 핵심적인 해결책이 공직자의 이해충돌 방지법 임을 언론, 국회 등에 알리는 한편 입법 노력을 전개해왔다.\n  전현희 국민권익위 위원장을 필두로 관계 직원이 총력 대응하여 여야 정당 대표를 비롯한 국회 관계자들을 직접 방문하여 법 제정을 위한 협의와 설득 과정을 지속적으로 추진해왔다.\n  그 과정에서 참여연대 등 시민단체, 시민사회경제계직능단체언론학계공공기관 등 사회 각계 대표 32인의 위원으로 구성된 청렴사회민관협의회 등에서 성명서를 발표하고 이해충돌방지법의 조속한 제정을 촉구하는 등 사회 각계에서도 많은 관심과 지지를 보내왔다.\n  국회도 지난달 17일 정무위 공청회를 시작으로 총 8차례에 걸쳐 법안소위를 열어 법안을 심사하여 공직자들의 사익 추구 행위를 뿌리 뽑기 위해 ‘이해충돌방지법’을 제정하여야 한다는 국민적 요구에 적극 부응하였다. \n 국민권익위는 내년 5월 법 시행까지 1년간 법 시행에 필요한 후속조치에 만전을 기할 예정이다.\n  우선, 5월부터 시행령 제정을 위한 연구용역에 착수하고, 입법절차를 거쳐 연내에 시행령 제정을 완료할 계획이다.\n  또한, 수범자인 공직자들이 법 내용을 충분히 이해해 공직사회 내 실천규범으로 자리 잡을 수 있도록 권역별 설명회, 안내서 제작 등 교육활동을 적극 전개해 나갈 계획이다.\n",
		"passage_Cnt": 732
	},
	"Annotation": {
		"summary1": "국민권익위는 LH 사태를 예방하기 위해서는 공직자의 사익 추구를 예방할 수 있는 제도적 장치가 필요하고 공직자의 이해충돌 방지법이 해결책임을 언론에 알리는 노력을 전개했다.",
		"summary2": null,
		"summary3": "이에, 반부패 총괄기관인 국민권익위는 LH 사태를 근원적으로 예방하기 위해서는 공직자의 사익 추구를 근본적으로 예방할 수 있는 제도적 장치 마련이 필요하다고 보고, 그 핵심적인 해결책이 공직자의 이해충돌 방지법 임을 언론, 국회 등에 알리는 한편 입법 노력을 전개해왔다.",
		"summary_3_cnt": 151
	}
}