{
	"Meta(Acqusition)": {
		"doc_id": "REPORT-briefing-20337",
		"doc_category": "REPORT",
		"doc_type": "briefing",
		"doc_name": "(210409) 국민권익위, 도로관리청의 일방적 공사로 진출입로 개설 못했다면 도로점용료 감면해야(최종).hwp",
		"author": null,
		"publisher": null,
		"publisher_year": null,
		"doc_origin": "공공누리포털"
	},
	"Meta(Refine)": {
		"passage_id": "REPORT-briefing-20337-00001",
		"passage": " 진출입로 개설을 위해 도로점용허가를 받았으나 파주시의 일방적인 공사로 진출입로를 개설할 수 없어 그 목적을 달성하지 못했다면 도로점용료를 감면해 줘야 한다는 결정이 나왔다. \n  국민권익위원회(위원장 전현희, 이하 국민권익위)는 파주시의 귀책사유로 도로점용허가 면적이 416㎡에서 5,168㎡으로 넓어졌지만, 여전히 이행하기 어려운 조건으로 인해 진출입로를 만들지 못한 민원에 대해 파주시가 점용료를 감면토록 지난달 29일 의견표명 했다.\n 국민권익위는 이 민원에 대해 2010년 파주시가 보조도로를 개설하지 않은 상태에서 시도(市道) 공사를 일방적으로 끝내, 진출입로가 개설될 수 있는 기회를 원천적으로 박탈하는 결과를 만들었다고 봤다. \n  또한 2015에 있었던 도로점용면적 변경허가도 경관터널 옆 부지로 인근에 문화재가 있어 보조도로 개설이 사실상 실현 곤란한 조건으로, 연 평균 약 60만원이던 점용료를 2016년부터 소급해 매년 2000만원이 넘는 점용료를 요구하는 것은 지나치다고 판단했다. \n  이에 국민권익위는 도로점용료 감면 규정 중도로법시행령제73조의 ‘그 밖의 특별한 사정’으로 현재까지 본래의 도로점용목적을 달성할 수 없었던 경우에 해당한다고 봐 지난 29일 파주시에 도로점용료를 감면할 것을 의견표명 했다. 이에 파주시도 국민권익위의 의견에 따라 적극적으로 문제해결에 나설 것으로 알려졌다.\n 신청인은 2010년 파주시가 개설을 추진하던 시도(市道)와 인접한 곳에 근린생활시설 등의 개발행위와 건축허가를 받기 위해 도로점용허가를 신청했다. 당시 파주시는 시도(市道)에서 신청인 토지로 진출입할 수 있는 보조도로를 설치키로 했으나, 이를 이행하지 않고 시도(市道)를 준공해 신청인이 진출입로를 설치할 수 없게 됐다. \n",
		"passage_Cnt": 864
	},
	"Annotation": {
		"summary1": "국민권익위는 도로점용허가 면적이 넓어졌지만 여전히 이행하기 어려운 조건으로 진출입로를 만들지 못한 민원에 대해 파주시가 점용료를 감면하도록 의견을 밝혔다.",
		"summary2": null,
		"summary3": "국민권익위원회(위원장 전현희, 이하 국민권익위)는 파주시의 귀책사유로 도로점용허가 면적이 416㎡에서 5,168㎡으로 넓어졌지만, 여전히 이행하기 어려운 조건으로 인해 진출입로를 만들지 못한 민원에 대해 파주시가 점용료를 감면토록 지난달 29일 의견표명 했다.",
		"summary_3_cnt": 145
	}
}