{
	"Meta(Acqusition)": {
		"doc_id": "REPORT-briefing-20206",
		"doc_category": "REPORT",
		"doc_type": "briefing",
		"doc_name": "(20210521) 보도자료_어린이 숲지킴이, 푸른 숲에서 만나요!.hwp",
		"author": null,
		"publisher": null,
		"publisher_year": null,
		"doc_origin": "공공누리포털"
	},
	"Meta(Refine)": {
		"passage_id": "REPORT-briefing-20206-00001",
		"passage": " 산림청(청장 최병암)은 5월 22일 국립산림과학원에서 ‘어린이 숲리더’ 개강식을 진행한다.\n 한국숲사랑청소년단에서 운영하는 ‘어린이 숲리더’는 산림청에서 인증한 산림교육프로그램으로 수도권 초등학생(2학년∼6학년)을 대상으로 숲해설가 등 산림교육전문가와 함께 계절에 따른 생태계의 변화과정을 학습하고 푸른 선도자로 양성하는 프로그램이다.\n  ‘어린이 숲리더’는 국립산림과학원국립수목원서울숲창경궁 등 다양한 장소에서 식물나무곤충 등 생태계 전반에 대한 전문지식을 습득할 수 있으며, 11월까지 7회 운영할 예정이다.\n  4회 이상 참여한 어린이에게는 산림교육 프로그램 이수 수료증을 발급하고, 봉사활동 프로그램을 함께 참여한 어린이에게는 봉사활동확인서를 발급한다. \n \n 이외에도 산림청에서는 산림교육전문가가 진행하는 ‘마을숲탐방 숲해설 프로그램’, ‘숲사랑학교’, ‘가족과 함께하는 숲탐방’ 등을 운영한다.\n 프로그램 신청 방법 등 내용이 궁금하거나 체험을 희망하는 학교는 언제든지 한국숲사랑청소년단 대표전화(029680868∼9) 또는 한국숲사랑청소년단 누리집(www.greenrager.or.kr), ‘포휴’(앱), 카카오톡 채널(한국숲사랑청소년단)의 상담원 채팅을 통해 문의할 수 있다.\n 산림청 이현주 산림교육치유과장은 ‘한국숲사랑청소년단에서 운영하는 ‘어린이 숲리더’, ‘마을숲탐방 숲해설 프로그램’ 등을 통해 많은 어린이와 청소년들이 코로나로 인한 스트레스에서 잠시 벗어나 숲에서 마음껏 놀고 배우는 기회가 되길 바란다’라고 밝혔다.\n",
		"passage_Cnt": 753
	},
	"Annotation": {
		"summary1": "푸른 선도자로 양성하는 어린이 숲리더 프로그램은 계절에 따른 생태계의 변화 과정을 학습할 수 있으며 수도권 초등학생이 대상이다.",
		"summary2": null,
		"summary3": "한국숲사랑청소년단에서 운영하는 ‘어린이 숲리더’는 산림청에서 인증한 산림교육프로그램으로 수도권 초등학생(2학년∼6학년)을 대상으로 숲해설가 등 산림교육전문가와 함께 계절에 따른 생태계의 변화과정을 학습하고 푸른 선도자로 양성하는 프로그램이다.",
		"summary_3_cnt": 135
	}
}