{
	"Meta(Acqusition)": {
		"doc_id": "REPORT-briefing-20586",
		"doc_category": "REPORT",
		"doc_type": "briefing",
		"doc_name": "(210531) 보도자료_케이-포레스트 푸드로 식탁위의 작은 숲 준비하세요.hwp",
		"author": null,
		"publisher": null,
		"publisher_year": null,
		"doc_origin": "공공누리포털"
	},
	"Meta(Refine)": {
		"passage_id": "REPORT-briefing-20586-00001",
		"passage": " 산림청(청장 최병암)은 우리 산림에서 생산되는 청정임산물의 고급화와 경쟁력 확보를 위하여 지난해 임산물국가통합상표 ‘케이포레스트 푸드(KFOREST FOOD)’를 개발하였고 6월 1일(화)부터 시범사업을 시행한다.\n  상표 이름 : 케이포레스트 푸드(KFOREST FOOD) / 표어 : 식탁위의 작은 숲\n 케이포레스트 푸드는 건강하고 안전한 먹거리 제공을 위하여 엄격한 관리규정과 체계화된 품질평가 기준을 충족한 임산물만 상표 사용을 승인할 예정이다. \n 이번 시범사업 운영 대상은 밤, 감, 호두, 대추, 고사리, 표고, 취나물, 도라지, 더덕, 산양삼이고 매년 10개 품목씩 확대해 2024년에는 40개 임산물까지 운영할 계획이다. \n 아울러 상표로 지정된 임산물은 산림청 각종 지원사업에 우선 선정하는 한편, 지정제품 홍보, 상품 기획포장 디자인(상품화 지원) 등 다양한 혜택을 제공할 예정이다. \n 또한, 최근 3040세대에도 면역력 향상 먹거리의 관심이 높아지면서 케이포레스트 푸드는 국민에게 안전먹거리를 제공하는 동시에 임산물의 고객층을 엠지(MZ)세대까지 확대보편화하여 임산물의 안정적 공급체계를 마련할 것으로 기대된다.\n 최병암 산림청장은 케이포레스트 푸드(KFOREST FOOD)로 국민의 건강증진과 더불어 청정한 우리 임산물의 국내외 시장 경쟁력 강화에 좋은 기반사업이 될 것이다라며 앞으로도 임산물 판로 확대와 임업인들의 소득 증대를 위하여 소비촉진 사업을 적극 추진해 갈 것이라고 밝혔다.\n",
		"passage_Cnt": 736
	},
	"Annotation": {
		"summary1": "케이포레스트 푸드는 엄격한 관리 규정과 체계화된 품질평가 기준을 충족한 임산물만 상표 사용을 승인하고 2024년에는 40개의 임산물을 운영할 것이다.",
		"summary2": null,
		"summary3": "케이포레스트 푸드는 건강하고 안전한 먹거리 제공을 위하여 엄격한 관리규정과 체계화된 품질평가 기준을 충족한 임산물만 상표 사용을 승인할 예정이다. 이번 시범사업 운영 대상은 밤, 감, 호두, 대추, 고사리, 표고, 취나물, 도라지, 더덕, 산양삼이고 매년 10개 품목씩 확대해 2024년에는 40개 임산물까지 운영할 계획이다.",
		"summary_3_cnt": 183
	}
}