{
	"Meta(Acqusition)": {
		"doc_id": "REPORT-briefing-20564",
		"doc_category": "REPORT",
		"doc_type": "briefing",
		"doc_name": "(210526)보도자료_올여름 철저한 산사태 예방으로 이상기후 대비한다_001.hwp",
		"author": null,
		"publisher": null,
		"publisher_year": null,
		"doc_origin": "공공누리포털"
	},
	"Meta(Refine)": {
		"passage_id": "REPORT-briefing-20564-00001",
		"passage": " 산림청(청장 최병암)은 올여름철 기상전망을 분석한 결과 국지적으로 많은 비가 내리면 산사태 발생 위험성이 높아질 것으로 전망된다고 26일 밝혔다.\n 24일 기상청 발표한 ‘2021년 여름철 3개월 전망(6∼8월)’에 따르면 여름철 발달한 저기압과 대기 불안정의 영향으로 국지적으로 많은 비가 내리고 강수량의 지역 차가 매우 클 것으로 예상된다.\n 산림청과 국립산림과학원에서는 산사태의 주원인은 전체 총 강수량도 중요하지만, 단시간 내 국지적인 집중호우의 영향이 크므로 올여름 산사태 발생 위험성이 클 수도 있을 것으로 전망된다.\n  실제로 기상청의 30mm/h 이상 호우일 수 분석과 산사태 발생면적의 10년 이동평균을 대조해본 결과 유사한 발생추이를 나타내어 국지성 집중호우와 산사태 발생 위험성의 연관성이 높은 것으로 나타났다.\n   기상청 종합 기후변화감시정보에서 발췌\n  이동평균 : 추세의 변동을 알 수 있도록 구간을 옮겨 가면서 구하는 평균(예시 : 10년 이동평균은 해당연도부터 9년 전까지 10년간 수치의 평균)\n 이에 산림청에서는 4월 말 기준 산사태취약지역 23,194개소, 산사태 피해복구지 2,981개소, 사방사업 대상지에 대한 현장점검을 완료하였고, 각종 개발지와 산사태 우려지역 등에 대해서도 지속해서 산사태현장예방단(전국 760명), 민간전문가 등과 함께 점검할 예정이다.\n  아울러 산악기상관측망을 올해 50개소를 추가해 413개소까지 확충하여 산악기상정보를 종합분석하고 산사태 주의보ㆍ경보에 대한 예측정보를 12시간까지(기존 1시간 전 제공) 장기화하여 제공하는 ‘산사태 조기경보 시스템(KLES)’을 시범운영 하는 등 산사태 피해 최소화를 위해 고도화 작업을 실시 중이다.\n",
		"passage_Cnt": 844
	},
	"Annotation": {
		"summary1": "산림청은 국지적으로 많은 비가 내리면 산사태 발생 위험성이 높아질 것으로 전망했고 이에 산사태 취약지역 등에 대한 현장점검을 완료했으며 각종 개발지도 지속해서 점검할 예정이다.",
		"summary2": null,
		"summary3": "산림청(청장 최병암)은 올여름철 기상전망을 분석한 결과 국지적으로 많은 비가 내리면 산사태 발생 위험성이 높아질 것으로 전망된다고 26일 밝혔다. 이에 산림청에서는 4월 말 기준 산사태취약지역 23,194개소, 산사태 피해복구지 2,981개소, 사방사업 대상지에 대한 현장점검을 완료하였고, 각종 개발지와 산사태 우려지역 등에 대해서도 지속해서 산사태현장예방단(전국 760명), 민간전문가 등과 함께 점검할 예정이다.",
		"summary_3_cnt": 234
	}
}