{
	"Meta(Acqusition)": {
		"doc_id": "REPORT-briefing-20609",
		"doc_category": "REPORT",
		"doc_type": "briefing",
		"doc_name": "(210602) 국민권익위, 국립서울현충원 찾아가 고충상담 나선다 (최종).hwp",
		"author": null,
		"publisher": null,
		"publisher_year": null,
		"doc_origin": "공공누리포털"
	},
	"Meta(Refine)": {
		"passage_id": "REPORT-briefing-20609-00001",
		"passage": "               \n 국민권익위원회(위원장 전현희, 이하 국민권익위)가 제66회 ‘호국보훈의 달’을 맞아 6일 오전 국립서울현충원(이하 서울현충원)에서 국가유공자들과 보훈가족, 그리고 서울현충원을 찾은 추모객을 대상으로 국방보훈 관련 고충민원을 상담하는 자리를 마련한다.\n 국민권익위는 지난해에도 육군, 해군, 공군부대와 서울중앙보훈병원 등 전국에서 ‘찾아가는 이동신문고’를 운영하며 국방보훈가족들을 위해 많은 노력을 기울이고 있다.\n  특히 6.25 전쟁에 참전했음에도 정확한 기록이 없어 참전유공자로 인정받지 못한 신청인에 대해 군 기록물과 출생지역, 제적등본 등을 확인하고 국방부에 재심의를 권고하기도 했다. 이를 통해 67년 만에 신청인이 참전유공자로 등록돼 국가에 대한 자긍심과 유가족들의 명예를 회복시키는 데 기여했다.\n 서울현충원에는 올해에도 호국영령들을 위한 호국보훈의 달 행사를 진행하며, 국민권익위는 서울현충원 만남의집 앞 광장에 이동신문고 차량과 상담용 좌석을 설치해 서울현충원을 찾는 국가유공자와 보훈가족, 현충일 행사 추모객들을 대상으로 고충민원을 상담하고 국방 옴부즈만을 알린다.\n 국방보훈 관련 상담은 국민권익위 소속 전문 조사관과 육군, 해군, 공군 파견 현역 장교 등이 참여하며 국방보훈가족이 언제든지 고충을 상담할 수 있도록 국민콜(110), 국민신문고(www.epeople.go.kr) 등을 안내한 소책자도 배포할 예정이다.\n",
		"passage_Cnt": 710
	},
	"Annotation": {
		"summary1": "국민권익위는 찾아가는 이동신문고를 운영하고 기록이 없어 인정받지 못한 참전유공자에 대해 국방부에 재심의를 권고하며 국방보훈가족들을 위해 많은 노력을 기울이고 있다.",
		"summary2": null,
		"summary3": "국민권익위는 지난해에도 육군, 해군, 공군부대와 서울중앙보훈병원 등 전국에서 ‘찾아가는 이동신문고’를 운영하며 국방보훈가족들을 위해 많은 노력을 기울이고 있다. 특히 6.25 전쟁에 참전했음에도 정확한 기록이 없어 참전유공자로 인정받지 못한 신청인에 대해 군 기록물과 출생지역, 제적등본 등을 확인하고 국방부에 재심의를 권고하기도 했다.",
		"summary_3_cnt": 189
	}
}