{
	"Meta(Acqusition)": {
		"doc_id": "REPORT-briefing-20346",
		"doc_category": "REPORT",
		"doc_type": "briefing",
		"doc_name": "(210412) 보도자료_산림사업 담당자가 궁금하다면 실명제 신청하세요.hwp",
		"author": null,
		"publisher": null,
		"publisher_year": null,
		"doc_origin": "공공누리포털"
	},
	"Meta(Refine)": {
		"passage_id": "REPORT-briefing-20346-00001",
		"passage": " 산림청(청장 최병암)은 산림정책 투명성을 높이기 위해 시행하는 정책실명제에 국민수요를 적극적으로 반영하기 위해 ‘국민신청실명제’ 수시접수를 한다.\n 정책실명제란 정책에 참여하는 관련자의 실명과 의견 등을 기록관리하고 국민에게 공개하는 제도로써 산림청은 산림정책의 투명성과 책임성을 높이기 위해 매년 20여 개의 사업을 공개하고 있다.\n 산림청은행정 효율과 협업 촉진에 관한 규정에 따라 ’21년 정책실명 공개사업 선정기준을 마련하였으며, 5월에 개최할 심의위원회를 통해 정책실명제 중점관리 대상사업을 선정할 예정이다.\n 국정과제 등 주요 국정 현안 사업, 총사업비 50억 원 이상 예산이 투입되는 사업, 총 용역비 5억 원 이상 연구용역 사업, 법령자치법규의 제개정 및 폐지, 국민신청 사업을 대상으로 공개여부를 결정한다.\n 공개를 원하는 산림정책이 있으면 국민 누구나 문서24, 광화문1번가, 전자우편 (rnpforest@korea.kr), 우편 및 방문 등을 통해 언제든지 신청할 수 있으며, 접수여부는 10일 이내에 신청인에게 통지된다.\n 국민신청을 통해 접수된 내용은 정책실명제 심의위원회에 상정하여 공개 여부를 결정하며, 공개되는 내용은 ‘산림청 누리집 정보공개 정책실명제’ 코너 및 ‘정보공개포털’에서 확인할 수 있다.\n 다만, 정보공개법상 비공개 사유에 해당하는 경우, 정책실명제 취지와 다른 단순 민원, 신청한 내용이 불분명하거나 특정할 수 없는 경우, 이미 정책실명제로 공개되고 있는 경우 등은 공개대상에서 제외된다.\n",
		"passage_Cnt": 748
	},
	"Annotation": {
		"summary1": "정책실명제란 정책에 참여하는 관련자의 실명 등을 기록 관리하고 국민에게 공개하는 제도로 산림청은 정책실명제에 국민 수요를 적극 반영하기 위해 국민신청실명제 수시접수를 한다. ",
		"summary2": null,
		"summary3": "산림청(청장 최병암)은 산림정책 투명성을 높이기 위해 시행하는 정책실명제에 국민수요를 적극적으로 반영하기 위해 ‘국민신청실명제’ 수시접수를 한다. 정책실명제란 정책에 참여하는 관련자의 실명과 의견 등을 기록관리하고 국민에게 공개하는 제도로써 산림청은 산림정책의 투명성과 책임성을 높이기 위해 매년 20여 개의 사업을 공개하고 있다.",
		"summary_3_cnt": 186
	}
}