{
	"Meta(Acqusition)": {
		"doc_id": "REPORT-briefing-20533",
		"doc_category": "REPORT",
		"doc_type": "briefing",
		"doc_name": "(210520)보도자료_알기 쉬운 레드플러스(REDD+) 설명집 발간.hwp",
		"author": null,
		"publisher": null,
		"publisher_year": null,
		"doc_origin": "공공누리포털"
	},
	"Meta(Refine)": {
		"passage_id": "REPORT-briefing-20533-00001",
		"passage": " 산림청(청장 최병암)은 산림을 활용한 국외 온실가스 감축수단 사업인 레드플러스(REDD+)의 개념과 이행절차 등을 담은 설명집 ‘알고 보면 쓸모있는 REDD+ 이모저모’를 제작하여 5.20(목)부터 발간, 배포한다.\n   레드플러스(REDD+) : 개도국의 산림파괴로 인한 온실가스 배출을 줄이는 활동(Reducing Emissions from Deforestation and Forest Degradation Plus)의 약자\n 이번 설명집은 산림청이 추진하고 있는 ‘해외 온실가스 감축사업(REDD+) 교육과정’에 참여한 수강생(기업 및 기후변화 연구기관 관계자, 대학생 등 참가)들의 추가적인 설명자료 요청사항을 반영하고 탄소중립 선언, 파리협정이 본격화되는 현시점에 맞춰 산림청의 해외산림 분야 온실가스 감축사업(REDD+)을 알기 쉽게 설명하기 위해 마련되었다. \n 설명집 ‘알고 보면 쓸모있는 REDD+ 이모저모’는 레드플러스(REDD+) 개념, 레드플러스(REDD+)의 역사적 탄생배경, 레드플러스(REDD+) 특징 및 필요성, 레드플러스(REDD+) 이행을 위해 기후변화협정에서 합의된 기반구축 조건과 개도국의 구축현황, 레드플러스(REDD+) 이행과 결과 활용, 산림청의 레드플러스(REDD+) 시범사업 현황 등으로 구성되어 있다.\n  이번 설명집을 통해 산림청의 해외 온실가스 감축사업(REDD+)에 대한 관심을 높여 기업의 이에스지(ESG) 경영 및 탄소중립 활동과 연계한 민ㆍ관 협력의 활성화, 전문가 양성에 기여할 것으로 기대된다.\n",
		"passage_Cnt": 760
	},
	"Annotation": {
		"summary1": "설명집 알고 보면 쓸모있는 REDD+ 이모저모는 레드플러스의 개념과 역사적 탄생배경 등으로 구성되어 있다.",
		"summary2": null,
		"summary3": "설명집 ‘알고 보면 쓸모있는 REDD+ 이모저모’는 레드플러스(REDD+) 개념, 레드플러스(REDD+)의 역사적 탄생배경, 레드플러스(REDD+) 특징 및 필요성, 레드플러스(REDD+) 이행을 위해 기후변화협정에서 합의된 기반구축 조건과 개도국의 구축현황, 레드플러스(REDD+) 이행과 결과 활용, 산림청의 레드플러스(REDD+) 시범사업 현황 등으로 구성되어 있다.",
		"summary_3_cnt": 208
	}
}