{
	"Meta(Acqusition)": {
		"doc_id": "REPORT-briefing-20587",
		"doc_category": "REPORT",
		"doc_type": "briefing",
		"doc_name": "(210531)보도자료_산림보호지역 내 불법벌채 집중 단속점검 실시.hwp",
		"author": null,
		"publisher": null,
		"publisher_year": null,
		"doc_origin": "공공누리포털"
	},
	"Meta(Refine)": {
		"passage_id": "REPORT-briefing-20587-00001",
		"passage": " 산림청(청장 최병암)은 산림의 공익적 기능 강화 및 산림재해 예방을 위해 6월 한 달간 산림보호지역을 중심으로 불법 벌채행위에 대한 집중 단속을 실시한다.\n  최근 경북 청도군에서는 사유림 약 2ha 면적의 무단 벌채지 1곳을 적발하여 대구지방검찰청의 수사지휘를 받아 불법 행위자에 대한조사를 실시하고, 이와 동시에 불법행위 원인자에게 산림 훼손지를 복구토록 행정조치를 시행하였다.\n   위법사항 : 산림자원의 조성 및 관리에 관한 법률 제14조제3항에 따른 산림사업 실행신고 없이 벌채(약 2ha) 및 운재로(약 0.3ha) 개설\n  산림청에서도 2021. 5. 31. 청도군 불법 벌채지에 대한 현장 조사를 실시하였으며, 관련 법률에 의한 엄정한 처분 및 장마 전 훼손된 산림이 복구될 수 있도록 관할 지자체에 복구 이행 감독을 당부하였다.  \n 산림청에서는 이와 같은 불법 벌채 행위를 근절하기 위해 전국 지자체와 협업하여 6월 한 달간 불법 벌채행위 단속과 계도할 예정이다. \n  특히, 산림유전자원보호구역, 문화재보호구역 등 국가적으로 중요한 지역에 대해서는 산림특별사법경찰, 청원산림보호직원, 산림드론감시단 등 약 2,000여 명의 사법인력을 투입하여 단속을 강화한다.\n  국유림, 사유림 등 산림 관할에 상관없이 강도 높은 책임단속을 실시하고, 불법 벌채행위 적발 시에는 산림보호법, 산림자원법 등 관련 법령에 따라 선처 없이 엄중히 처벌할 방침이다.\n",
		"passage_Cnt": 709
	},
	"Annotation": {
		"summary1": "경북 청도군에서는 대구지방검찰청의 수사지휘를 받아 불법 행위자에 대한 조사를 실시하고 불법행위 원인자에게 산림 훼손지를 복구하도록 행정조치를 시행했다. ",
		"summary2": null,
		"summary3": "최근 경북 청도군에서는 사유림 약 2ha 면적의 무단 벌채지 1곳을 적발하여 대구지방검찰청의 수사지휘를 받아 불법 행위자에 대한조사를 실시하고, 이와 동시에 불법행위 원인자에게 산림 훼손지를 복구토록 행정조치를 시행하였다.",
		"summary_3_cnt": 124
	}
}