{
	"Meta(Acqusition)": {
		"doc_id": "REPORT-briefing-20092",
		"doc_category": "REPORT",
		"doc_type": "briefing",
		"doc_name": "'20년 귀속 양도소득세 확정신고, 편리한 전자신고를 이용하세요!.hwp",
		"author": null,
		"publisher": null,
		"publisher_year": null,
		"doc_origin": "공공누리포털"
	},
	"Meta(Refine)": {
		"passage_id": "REPORT-briefing-20092-00002",
		"passage": "(상담)양도소득세 확정신고와 관련된 상담은 국세상담센터[국번없이 ☎126번(2번 선택후 1번)]에서 받을 수 있습니다.\n국세청은 납세자가 편리하게 신고할 수 있도록 양도소득세 종합안내 포털을 통해 다양한 서비스를 제공하고 있으며,\n   (접근경로) 홈택스>조회/발급>세금신고납부>양도소득세 종합안내\n 종합안내포털에서 납부할 세액을 미리 계산해 보거나, 전자신고 증빙서류 제출 및 전자납부까지 할 수 있습니다.\n 양도소득세 종합안내 포털 \n아울러, 확정 신고서를 쉽게 작성할 수 있도록 유형별로 신고서 작성사례를 제공하고 있으며, \n 잘못 신고하기 쉬운 사례를 안내하고, 조정대상지역 중과세율 여부를 검증하는 서비스 등을 통해 납세자 스스로 쉽게 신고할 수 있는 환경을 조성하고 있습니다. \n(미리채움)양도소득세 확정신고 시 납세자가 예정신고한 내역을 활용하여 신고할 수 있도록 미리채움을 제공하고 있습니다.\n   양도소득세 확정신고 기본사항 입력 시 ‘예정신고 내역 확인하기’를 누르면 예정신고 물건, 양도일자, 취득일자, 소득금액 등을 미리채움\n 신고도움 서비스 항목 \n(국내국외주식 손익통산 안내) 올해 신고분 부터 국내국외 주식의 양도손익을 통산할 수 있게 됨에 따라\n 국외주식 양도자가 홈택스를 이용하여 신고할 경우 국내주식과의 손익통산을 위해 예정신고 여부를 확인할 수 있도록 개선하였습니다. \n 또한, 국내국외주식 양도소득에 대해 기본공제가 1회만 적용되도록 홈택스손택스에 반영하였습니다. \n",
		"passage_Cnt": 729
	},
	"Annotation": {
		"summary1": "유형별로 신고서 작성 사례를 제공하고 조정대상지역 중과세율 여부를 검증하는 서비스 등을 통해 납세자가 스스로 신고할 수 있는 환경을 조성하고 있다.",
		"summary2": null,
		"summary3": "아울러, 확정 신고서를 쉽게 작성할 수 있도록 유형별로 신고서 작성사례를 제공하고 있으며, 잘못 신고하기 쉬운 사례를 안내하고, 조정대상지역 중과세율 여부를 검증하는 서비스 등을 통해 납세자 스스로 쉽게 신고할 수 있는 환경을 조성하고 있습니다.",
		"summary_3_cnt": 137
	}
}