{
	"Meta(Acqusition)": {
		"doc_id": "REPORT-briefing-20925",
		"doc_category": "REPORT",
		"doc_type": "briefing",
		"doc_name": "(공동보도자료) 교육부-소방청·조달청 간 업무협약 체결.hwp",
		"author": null,
		"publisher": null,
		"publisher_year": null,
		"doc_origin": "공공누리포털"
	},
	"Meta(Refine)": {
		"passage_id": "REPORT-briefing-20925-00001",
		"passage": "모든아이는우리모두의아이입니다     \n 교육부(부총리 겸 교육부장관 유은혜)는 조달청(청장 김정우) 및 소방청(청장 신열우)과 7월 26일(월), 정부서울청사에서 업무협약을 체결한다. \n  소방청장은 영상으로 참석\n 이번 업무협약은 교육부가 부처 간 협력을 바탕으로 그린스마트 미래학교 사업 추진에 필요한 임시 교실뿐만 아니라, 과밀학급 해소를 위한 추가 교실 수요에도 효과적으로 대응하기 위해 마련되었다.\n 교육부와 조달청은 협약을 통해 수요자 중심의 이동식 교실을 개발하고, 이에 대한 공급 지원에 협력한다.\n 빠른 시일 내 조달청을 통해 수요자의 선택폭을 넓히면서도 신속‧간편하게 모듈러 교실을 임대할 수 있도록 방안을 마련할 예정이며,\n 현장의 긍정적인 평가에도 불구하고 생산업체가 적고, 소요비용이 높아 수급이 쉽지 않았던 상황이 나아질 수 있을 것으로 기대된다.\n 교육부와 소방청은 협약을 통해 이동식 임시교실 소방시설에 대한 소방서의 완공검사와 안전관리를 통한 소방안전 확보에 협력한다.\n 그간 가설건축물로서 사각지대에 있었던 임시교실에 대해 일반건물처럼 소방서에서 소방시설 완공검사를 하게 될 예정이며, 일각에서 제기된 소방안전에 대한 우려가 해소될 것으로 기대된다.\n 이동식 모듈러 교실은 일반건물 수준의 성능(내진소방단열 등)을 갖추고 있어 학생들의 만족도가 높고, 설치 및 해체가 용이하여 공사 중 임시교실, 과밀학급 해소 등을 위한 대안으로 활용범위가 넓다.\n",
		"passage_Cnt": 717
	},
	"Annotation": {
		"summary1": "과밀학급 해소를 위한 추가 교실 수요를 효과적으로 대응하기 위해 마련된 업무협약은 교육부와 조달청 및 소방청과 정부서울청사에서 체결한다.",
		"summary2": null,
		"summary3": "교육부(부총리 겸 교육부장관 유은혜)는 조달청(청장 김정우) 및 소방청(청장 신열우)과 7월 26일(월), 정부서울청사에서 업무협약을 체결한다. 이번 업무협약은 교육부가 부처 간 협력을 바탕으로 그린스마트 미래학교 사업 추진에 필요한 임시 교실뿐만 아니라, 과밀학급 해소를 위한 추가 교실 수요에도 효과적으로 대응하기 위해 마련되었다.",
		"summary_3_cnt": 188
	}
}