{
	"Meta(Acqusition)": {
		"doc_id": "REPORT-briefing-20575",
		"doc_category": "REPORT",
		"doc_type": "briefing",
		"doc_name": "(210528)보도자료_지난해 임가소득 평균 3,711만원, 전년대비 1.1프로 감소.hwp",
		"author": null,
		"publisher": null,
		"publisher_year": null,
		"doc_origin": "공공누리포털"
	},
	"Meta(Refine)": {
		"passage_id": "REPORT-briefing-20575-00001",
		"passage": " 산림청(청장 최병암)은 2020년 기준 임가경제 조사결과와 주요 임가경제지표를 28일 발표했다.\n \n  임가경제조사는 임가의 소득, 지출, 자산, 부채 등의 임가경제 동향을 파악하기 위해 지난 2006년부터 매년 실시하고 있다.\n  이번 조사는 지난해 1월부터 12월까지 전국 1,110개 임가를 대상으로 이뤄졌다.\n  지난해 임가소득은 3천7백11만 원으로 전년 대비 1.1% 감소한 것으로 나타났으며, 오락/문화, 교통 등의 소비지출이 감소하면서 가계지출도 3.8% 감소한 것으로 조사됐다\n 조사 결과, 지난해 임업소득(10.6%), 임업 외 소득(4.4%)이 감소하였으나, 이전소득(12.8%), 비경상소득(22.7%)이 증가했다.\n  임업소득의 감소는 수실류(밤, 대추, 호두, 떫은감)의 생산량 감소와 버섯류 등 단기소득 임산물 판매수입 감소가 주요 원인인 것으로 조사되었다.\n  또한, 임가의 평균자산은 4억8천207만 원으로 전년 대비 4.6% 증가했으며, 토지 등의 고정자산이 5.1%, 금융자산 등 유동자산이 2.0% 증가했기 때문이다.\n  임가부채는 가구당 2천8백91만 원으로 당좌자산(현금, 예금, 보험금 등)이 증가하면서 부채 상환능력이 개선되었으나 임업용 이외 부채의 증가로 전년 대비 2.0% 증가했다.\n    임업용 이외 부채는 가계용+겸업용+기타용 부채를 의미\n  임업을 전업으로 하는 전업임가의 소득은 4천1백48만 원으로 겸업임가(임업부업: 3천7백99만 원)에 비해 높게 나타났다.\n",
		"passage_Cnt": 739
	},
	"Annotation": {
		"summary1": "임가경제조사는 동향을 파악하기 위해 매년 실시하고 있는데 임업소득의 감소는 수실류의 생산량 감소와 단기소득 임산물 판매수입 감소가 주요 원인으로 조사됐다. ",
		"summary2": null,
		"summary3": "임가경제조사는 임가의 소득, 지출, 자산, 부채 등의 임가경제 동향을 파악하기 위해 지난 2006년부터 매년 실시하고 있다. 임업소득의 감소는 수실류(밤, 대추, 호두, 떫은감)의 생산량 감소와 버섯류 등 단기소득 임산물 판매수입 감소가 주요 원인인 것으로 조사되었다.",
		"summary_3_cnt": 151
	}
}