{
	"Meta(Acqusition)": {
		"doc_id": "REPORT-briefing-20971",
		"doc_category": "REPORT",
		"doc_type": "briefing",
		"doc_name": "(국무조정실) 보호종료아동 자립의 길 5년, 따뜻한 포용정책으로 동행(최종).hwp",
		"author": null,
		"publisher": null,
		"publisher_year": null,
		"doc_origin": "공공누리포털"
	},
	"Meta(Refine)": {
		"passage_id": "REPORT-briefing-20971-00002",
		"passage": " 아동이 ‘보호’에서 ‘자립’으로 이행하는 동안 국가의 보호를 받으면서 자립을 충분히 준비할 수 있도록 보호받을 권리를 보장하겠습니다.\n 보호아동이 자립을 충분히 준비할 수 있도록 보호가 종료되는 나이를 현행 만18세에서 본인 의사에 따라 만24세까지 연장할 수 있도록 제도화할 계획입니다.\n  보호를 연장하는 동안 대학진학, 취업 준비 등으로 시설에서 나와 거주하는 아동의 기초생활 보장을 위해 시설이 아닌 아동에게 생계급여를 직접 지급하는 방안도 함께 검토하겠습니다.\n 엄격한 후견인지정 기준․절차 등으로 발생하는 보호 중인 미성년자의 법정대리권 공백 문제를 막기 위해 후견제도 보완도 추진합니다.\n   (사례) 긴급수술, 휴대전화 개통, 여권 발급, 계좌 개설, 의료서류 발급 등\n  지자체가 법원에 친권상실, 제한을 적극적으로 청구할 수 있도록 법정 사유를 구체화하고, 사실상 친권 공백 상태의 보호아동을 위한 ‘공공후견인 제도’도 도입할 계획입니다.\n 보호종료아동이 어디서든 자신의 여건과 특성에 맞는 맞춤형 지원을 받을 수 있도록 전국 단위의 자립지원 서비스 전달체계를 구축합니다.\n 지역 간 지원 편차 해소와 양질의 자립지원을 위해 일부 지자체에서 운영해 왔던 자립지원전담기관을 전국 17개 시도로 확대할 계획이며,\n   서울, 부산, 경기, 강원, 충남, 전남, 경북, 제주 등 8개 시도\n 자립지원을 전담할 인력도 확충해 보호종료아동과 주기적 대면만남 등으로 정서적 지지 관계를 형성하고, 생활주거진로취업 등 상담과 다양한 자립정보 등을 제공하게 됩니다.\n",
		"passage_Cnt": 768
	},
	"Annotation": {
		"summary1": "보호아동이 자립을 충분히 준비할 수 있도록 만 24세까지 연장할 수 있게 제도화하고 시설에서 나와 생활하는 아동에게 생계급여를 직접 지급하는 방안도 함께 검토할 것이다.",
		"summary2": null,
		"summary3": "보호를 연장하는 동안 대학진학, 취업 준비 등으로 시설에서 나와 거주하는 아동의 기초생활 보장을 위해 시설이 아닌 아동에게 생계급여를 직접 지급하는 방안도 함께 검토하겠습니다. 보호아동이 자립을 충분히 준비할 수 있도록 보호가 종료되는 나이를 현행 만18세에서 본인 의사에 따라 만24세까지 연장할 수 있도록 제도화할 계획입니다.",
		"summary_3_cnt": 185
	}
}