{
	"Meta(Acqusition)": {
		"doc_id": "REPORT-briefing-20849",
		"doc_category": "REPORT",
		"doc_type": "briefing",
		"doc_name": "(210721) 국민권익위 “공무원 적극행정 신청하고 소극행정 신고하세요!”(최종).hwp",
		"author": null,
		"publisher": null,
		"publisher_year": null,
		"doc_origin": "공공누리포털"
	},
	"Meta(Refine)": {
		"passage_id": "REPORT-briefing-20849-00001",
		"passage": " 불합리한 규제를 개선하고 공무원의 적극적인 업무처리를 위해 앞으로 국민 누구나 국민신문고에서 적극행정을 신청하고 소극행정 신고 처리 결과가 불만족스러운 경우 재검토를 요구할 수 있다. \n  국민권익위원회(위원장 전현희, 이하 국민권익위)는 적극행정에 국민이 직접 참여할 수 있는 ‘적극행정 국민신청제’와 소극행정 예방 및 재발방지를 위한 제도적 기반을 마련했다. \n   적극행정 운영규정, 지방공무원 적극행정 운영규정 개정안 국무회의 통과(7.20.) \n 그동안 정부는 적극행정 활성화를 위해 적극행정 공무원 면책, 우수공무원 포상 등 관련 정책을 추진해 왔다. 국민권익위는 이를 더욱 확산하기 위해 국민신문고에서 국민이 직접 적극행정에 참여하고 아이디어를 제공하는 ‘적극행정 국민신청제’를 도입했다.\n  ‘적극행정 국민신청제’란 법령이 미비하거나 불명확한 경우 국민이 공익 목적의 적극행정을 요청하면 국민권익위가 국민의 눈높이에서 이를 검토해 관계기관에 의견을 제시하거나 제도개선 권고 등을 함으로써 적극행정을 유도하는 제도다. \n  최근 3년간(2017~2019) 국민신문고에 접수된 국민 정책제안은 26만여 건에 이르나 실제 정책 등으로 채택되는 비율은 4.6%(11,884건)로 미미한 수준이다. \n  앞으로 국민권익위는 각 기관에서 채택되지 않은 국민제안과 공익 목적의 민원 등이 ‘적극행정 국민신청’으로 접수되면 공익 목적에 부합하는지 검토해 법령이 미비하거나 불명확하더라도 관계기관에 적정한 처리방향과 기준을 제시하고 사후관리 해 나갈 예정이다.\n",
		"passage_Cnt": 762
	},
	"Annotation": {
		"summary1": "국민권익위는 정부가 적극행정 활성화를 위해 추진해온 정책을 더욱 확산하기 위해 적극행정 국민신청제를 도입했다.",
		"summary2": null,
		"summary3": "그동안 정부는 적극행정 활성화를 위해 적극행정 공무원 면책, 우수공무원 포상 등 관련 정책을 추진해 왔다. 국민권익위는 이를 더욱 확산하기 위해 국민신문고에서 국민이 직접 적극행정에 참여하고 아이디어를 제공하는 ‘적극행정 국민신청제’를 도입했다.",
		"summary_3_cnt": 138
	}
}