{
	"Meta(Acqusition)": {
		"doc_id": "REPORT-briefing-20671",
		"doc_category": "REPORT",
		"doc_type": "briefing",
		"doc_name": "(210611)보도자료_가리왕산 알파인 경기장 복원 착수.hwp",
		"author": null,
		"publisher": null,
		"publisher_year": null,
		"doc_origin": "공공누리포털"
	},
	"Meta(Refine)": {
		"passage_id": "REPORT-briefing-20671-00003",
		"passage": " 한편, 강원도와 정선군은 환경영향평가 변경협의, 국유림 사용허가, 시설보수안전점검 및 편의시설 설치 등 곤돌라 한시 운영에 필요한 법적절차와 시설점검을 조속히 완료할 것입니다.\n 이와 관련하여, 환경부는 환경영향평가 협의내용 이행, 주변환경에 미치는 영향 등을 관리‧감독할 것이고, 산림청은 전문가, 시민단체 등이 참여하는 ‘(가칭) 가리왕산 산림생태복원센터’를 구성하여 복원 진행상황을 모니터링할 계획입니다.\n  주요 역할 : 복원준비 및 시공 과정 관리 감독, 중장기 식생변화 관찰 등 복원 진행상황 평가‧모니터링\n 정부는 가리왕산의 합리적 복원을 위한 협의회 논의결과를 존중하여 후속조치를 차질없이 추진할 계획이며 지역주민, 시민단체, 지자체, 중앙정부 등이 참여하는 산림복원 사례를 만들어 가겠다고 밝혔습니다.\n 개요 \n 가리왕산의 합리적 복원방안을 논의하기 위해 주민대표, 환경단체, 전문가, 중앙정부, 지자체 등이 참여하는 협의체 운영 \n 주요 논의사항 : 산림복원방안, 올림픽 유산보존, 관련 절차 등 \n 구성(위원장 1인 포함, 14인으로 구성) \n 위 원 장 : 이선우 한국방송통신대학교 교수/ 한국갈등학회 고문\n 간사기관 : 국무조정실 (국장급)\n 중앙정부 : 환경부/산림청 (국장급)\n 지 자 체 : 강원도 경제부지사/ 정선군 부군수\n 주민대표 : 유재철 정선군의회 의장\n 환경단체 : 김경준 강원환경운동연합 사무처장\n 민간위원 \n  갈등관리 : 이강원 한국사회갈등해소센터 소장\n",
		"passage_Cnt": 728
	},
	"Annotation": {
		"summary1": "산림청은 가리왕산 산림생태복원센터를 구성해 복원 진행 상황을 모니터링할 계획이다.",
		"summary2": null,
		"summary3": "이와 관련하여, 환경부는 환경영향평가 협의내용 이행, 주변환경에 미치는 영향 등을 관리‧감독할 것이고, 산림청은 전문가, 시민단체 등이 참여하는 ‘(가칭) 가리왕산 산림생태복원센터’를 구성하여 복원 진행상황을 모니터링할 계획입니다.",
		"summary_3_cnt": 129
	}
}