{
	"Meta(Acqusition)": {
		"doc_id": "REPORT-briefing-20557",
		"doc_category": "REPORT",
		"doc_type": "briefing",
		"doc_name": "(210525)보도자료_운동장을 숲속학교로, 변신을 위한 첫걸음.hwp",
		"author": null,
		"publisher": null,
		"publisher_year": null,
		"doc_origin": "공공누리포털"
	},
	"Meta(Refine)": {
		"passage_id": "REPORT-briefing-20557-00001",
		"passage": " 산림청(청장 최병암)은 기후위기 시대 자라나는 미래세대에게 기후위기환경산림분야 행동 실천과 미세먼지 저감 등을 위한 숲운동장 조성 관계기관 간담회를 지난 24일 개최했다.\n 산림청, 인천경기도 교육청, 울산광역시경기도충청북도 담당자, 생명의숲, 유한킴벌리 관계자 등 11명이 참석, 영상회의로 진행하였다.\n 간담회에서는 ‘운동장녹화형 학교숲 조성 효과’에 대한 연구 결과를 바탕으로 조성 필요성과 효과를 공유하면서, 사업 추진 시 필요한 제도와 문제점에 대한 개선방안에 대한 논의가 이뤄졌다.\n 참석자들은, 기후변화코로나 이후 시대를 대비하고 체육기능으로 한정된 공간을 자연 친화적 학습과 운동 공간으로 조성할 시점임을 공감하였으며, 학생학부모교직원지역주민민간단체 등의 의견을 수렴, ’22년 사업 추진토록 협력해 나가기로 하였다.  \n  법정 운동장 면적 이외 공간을 활용 최대 50% 이상 숲을 조성\n 숲운동장 : 운동장에 숲생태탐구, 체험, 운동, 창작활동, 휴식이 함께 가능하도록 수목, 식물 등으로 조성된 공간\n 학교숲 : 초중등교육법 제2조에 따른 학교와 그 주변지역에서 학습환경 개선과 자연학습교육 등을 위하여 조성관리하는 산림 및 수목(도시숲 등의 조성 및 관리에 관한 법률〔시행 2021.6.10.〕〔법률 제17420호, 2020.6.9., 제정〕) \n 산림청 김주열 도시숲경관과장은 관계 부처 간 유기적인 협력체계를 통해 사업 추진하게 된다면 도시숲을 통해 우리들의 미래인 아이들에게 보다 나은 교육환경을 제공할 기회가 될 것이다라고 말했다.\n",
		"passage_Cnt": 763
	},
	"Annotation": {
		"summary1": "산림청은 숲운동장 조성 관계기관 간담회를 개최했고 간단회에서는 운동장녹화형 학교숲 조성 효과에 대한 연구 결과를 바탕으로 조성 필요성과 효과를 공유했다.",
		"summary2": null,
		"summary3": "산림청(청장 최병암)은 기후위기 시대 자라나는 미래세대에게 기후위기환경산림분야 행동 실천과 미세먼지 저감 등을 위한 숲운동장 조성 관계기관 간담회를 지난 24일 개최했다. 간담회에서는 ‘운동장녹화형 학교숲 조성 효과’에 대한 연구 결과를 바탕으로 조성 필요성과 효과를 공유하면서, 사업 추진 시 필요한 제도와 문제점에 대한 개선방안에 대한 논의가 이뤄졌다.",
		"summary_3_cnt": 200
	}
}