{
	"Meta(Acqusition)": {
		"doc_id": "REPORT-briefing-20877",
		"doc_category": "REPORT",
		"doc_type": "briefing",
		"doc_name": "(210729) 국민권익위, 문화예술 지원사업비 부정수급 등 부패·공익신고자들에게 보상금 등 2억 9천여만 원 지급 (최종).hwp",
		"author": null,
		"publisher": null,
		"publisher_year": null,
		"doc_origin": "공공누리포털"
	},
	"Meta(Refine)": {
		"passage_id": "REPORT-briefing-20877-00001",
		"passage": " 국민권익위원회(위원장 전현희, 이하 국민권익위)는 이달 19일 전원위원회를 열어 문화예술교육 지원사업비 부정수급, 무자격자 의약품 판매 등을 신고한 부패‧공익신고자 25명에게 총 2억 9천 230만 원의 보상금 및 포상금 등을 지급했다. 이들의 신고로 공공기관이 회복한 수입금액은 12억 1천여만 원에 달한다.\n 부패신고 보상금 주요 지급 사례로는 허위 세금계산서를 발급하거나 실제 근무하지 않은 직원들을 근무한 것처럼 등록해 문화예술교육 지원사업비를 부정수급한 업체에 4억 2천여만 원이 환수결정됨에 따라, 해당 신고자에게 보상금 4천 704만 원을 지급했다.\n  또 채무면제를 대가로 뇌물을 수수한 공공기관 직원에 대해서 추징금 7천 500만 원이 선고됨에 따라 해당 신고자에게 보상금 2천 250만 원을 지급했다.\n  이 밖에 정부입찰 과정에서 허위 거래 실적을 만들어 전투용안경 계약을 낙찰 받은 업체에 대해, 계약보증금 8억여 원을 환수해 공공기관의 재산상 손실을 방지하고 공익증진에 기여함에 따라 해당 신고자에게 포상금 3천만 원을 지급했다.\n 공익신고 보상금 등 주요 지급 사례로는 중국에서 수입한 태양전지 모듈을 국내에서 제조한 것처럼 속여 공급한 업체에 과징금 4천 1백여만 원이 부과됨에 따라, 해당 신고자에게 보상금 826만 원을 지급했다.\n  또 의약품을 판매할 수 없는 자들에게 의약품을 판매하고 약국개설자가 아님에도 의약품을 판매하는 행위 등에 대한 신고로 벌금 4천만 원이 부과돼, 해당 신고자에게 보상금 800만 원을 지급했다.\n",
		"passage_Cnt": 761
	},
	"Annotation": {
		"summary1": "국민권익위는 무자격자 의약품 판매 등을 신고한 부패·공익신고자 25명에게 포상금을 지급했으며 이들의 신고로 공공기관이 12억 1천여만 원의 수입 금액을 회복했다.",
		"summary2": null,
		"summary3": "국민권익위원회(위원장 전현희, 이하 국민권익위)는 이달 19일 전원위원회를 열어 문화예술교육 지원사업비 부정수급, 무자격자 의약품 판매 등을 신고한 부패‧공익신고자 25명에게 총 2억 9천 230만 원의 보상금 및 포상금 등을 지급했다. 이들의 신고로 공공기관이 회복한 수입금액은 12억 1천여만 원에 달한다.",
		"summary_3_cnt": 174
	}
}