{
	"Meta(Acqusition)": {
		"doc_id": "REPORT-briefing-20710",
		"doc_category": "REPORT",
		"doc_type": "briefing",
		"doc_name": "(210621) 국민권익위, 전국 17개 시도와 손잡고 ‘반부패·권익증진’ 총력전 펼친다(최종).hwp",
		"author": null,
		"publisher": null,
		"publisher_year": null,
		"doc_origin": "공공누리포털"
	},
	"Meta(Refine)": {
		"passage_id": "REPORT-briefing-20710-00001",
		"passage": " 국민권익위원회(위원장 전현희, 이하 국민권익위)는 세계 20위권 청렴선진국 진입을 위해 지난 4월 경기도를 시작으로 전국 17개 시도와 ‘반부패권익증진’ 업무협약을 체결하는 80일 간의 청렴 대장정을 마무리했다.\n  국민권익위는 LH 사태와 같은 공공기관의 도덕적 해이 등을 예방하기 위해 [반부패청렴 혁신 10대 과제]를 마련해 추진하고 있다. 공직사회의 청렴성공정성 제고를 위한 ‘지방자치단체 반부패 협력 및 혁신 지원’ 과제는 10대 혁신과제 중 하나다. \n 올해 초 발표한 우리나라의 국가청렴도(CPI)는 4년 연속 상승해 세계 180개 국가 중 33위를 기록했으며, 내년에는 세계 20위권으로의 청렴선진국 진입을 목표로 하고 있다.\n  그러나 국민권익위는 최근 발생한 LH 사태로 인해 국가청렴도 하락 위기와 실추된 국민신뢰를 회복하기 위해서는 보다 근본적인 공직기강 확립과 범국가적인 쇄신이 필요하다고 보고 전국 17개 광역시도와 소속 공직자들의 반부패 협력 강화 및 혁신 지원을 위한 업무협약을 체결했다. \n 국민권익위는 광역시도와의 업무협약 체결 후 단지 협약에만 그치지 않고, 공직사회의 청렴성과 공정성을 재점검하고 실질적이고 획기적으로 개선해나갈 수 있도록 각 기관과 반부패권익보호를 위한 지침 정비, 청렴컨설팅과 구체적 세부협력사업 등 후속조치를 적극 추진해 나갈 예정이다. \n  17개 시도에 대해 우선적으로 내년 5월 시행예정인 이해충돌방지법에 대한 전 직원 교육을 실시하는 한편, 각 기관의 반부패청렴 시책 및 신고자보호제도 운영 등에 대한 컨설팅을 실시하여 각 기관의 청렴도를 한 단계 높이기 위한 정책지원을 강화한다. 아울러, 각 시도의 교육훈련기관에 청렴교육과정을 필수적으로 반영토록 하여 소속 공직자에 대한 반부패 인식을 강화한다. \n",
		"passage_Cnt": 878
	},
	"Annotation": {
		"summary1": "국민권익위는 기관과 반부패 권익 보호를 위한 지침 정비, 청렴컨설팅과 세부 협력 사업 등 후속 조치를 추진해 나갈 예정이다.",
		"summary2": null,
		"summary3": "국민권익위는 광역시도와의 업무협약 체결 후 단지 협약에만 그치지 않고, 공직사회의 청렴성과 공정성을 재점검하고 실질적이고 획기적으로 개선해나갈 수 있도록 각 기관과 반부패권익보호를 위한 지침 정비, 청렴컨설팅과 구체적 세부협력사업 등 후속조치를 적극 추진해 나갈 예정이다.",
		"summary_3_cnt": 152
	}
}