{
	"Meta(Acqusition)": {
		"doc_id": "REPORT-briefing-20924",
		"doc_category": "REPORT",
		"doc_type": "briefing",
		"doc_name": "(공동보도자료) 「2050 탄소중립 시나리오」는 「2030 국가 온실가스 감축목표(NDC)」와 함께 10월 말 발표.hwp",
		"author": null,
		"publisher": null,
		"publisher_year": null,
		"doc_origin": "공공누리포털"
	},
	"Meta(Refine)": {
		"passage_id": "REPORT-briefing-20924-00001",
		"passage": " 2050 탄소중립위원회(위원장 국무총리윤순진 서울대 교수, 이하 ‘위원회’)는 6월 30일(수) 14:00 총괄기획위원회를 개최하여 2050 탄소중립 시나리오(이하 ‘2050 시나리오’) 수립 일정 등을 심의하였습니다.\n    (구성) 민간위원장, 8개 분과위원회 위원장간사, 위원회 간사 등 총 18명(기능) 논의의제 선정, 개최시기 결정 등 위원회 총괄 조정 기능 수행\n  위원회의 주요 결정 내용을 정리해 알려드립니다.\n 위원회는 2050 시나리오 수립발표 일정을 10월 말로 결정하였습니다.\n  우선 위원회 출범이 당초 계획보다 3개월 가량(2월→5월) 지연됨에 따라 위원회 차원에서 2050 시나리오 검토를 진행할 시간적 여유를 확보해야 할 필요가 있으며, 우리 사회 전반에 영향을 미치는 2050 시나리오의 성격을 고려할 때 전문가뿐 아니라 이해관계자 및 일반 국민과의 소통 절차가 무엇보다 중요하기 때문입니다.\n  또한 2030 국가 온실가스 감축 목표(이하 ’2030 NDC‘) 상향 일정이 앞당겨짐(現 정부 임기 중 → 11월 초 제26차 기후변화당사국 총회기간)에 따라 2050 시나리오와 연계하여 검토할 필요성이 제기되었습니다. \n  이에 위원회는 심도 있는 내부 검토 및 국민 의견 수렴을 위한 충분한 시간 확보, 2030 NDC와의 연계 등을 종합적으로 고려해 시나리오를 10월 말 발표하기로 결정하였습니다.\n 아울러 위원회는 최근 보도된 기술작업반(안)에 대한 오해가 확산되지 않도록 그 성격과 주요 쟁점에 대해 국민께 설명해 드리기로 하였습니다.\n",
		"passage_Cnt": 770
	},
	"Annotation": {
		"summary1": "위원회는 2030 NDC와의 연계 등을 고려해 시나리오를 발표하고 기술 작업반에 대한 오해가 확산되지 않도록 국민에게 성격과 주요 쟁점을 성명하기로 했다.",
		"summary2": null,
		"summary3": "이에 위원회는 심도 있는 내부 검토 및 국민 의견 수렴을 위한 충분한 시간 확보, 2030 NDC와의 연계 등을 종합적으로 고려해 시나리오를 10월 말 발표하기로 결정하였습니다. 아울러 위원회는 최근 보도된 기술작업반(안)에 대한 오해가 확산되지 않도록 그 성격과 주요 쟁점에 대해 국민께 설명해 드리기로 하였습니다.",
		"summary_3_cnt": 178
	}
}