{
	"Meta(Acqusition)": {
		"doc_id": "REPORT-briefing-20719",
		"doc_category": "REPORT",
		"doc_type": "briefing",
		"doc_name": "(210622)보도자료_산림을 통한 이에스지(ESG) 경영 전략 기업설명회 개최.hwp",
		"author": null,
		"publisher": null,
		"publisher_year": null,
		"doc_origin": "공공누리포털"
	},
	"Meta(Refine)": {
		"passage_id": "REPORT-briefing-20719-00002",
		"passage": "   국제산림관리협의회 : FSC, Forest Stewardship Council, 산림인증제도는 산림을 환경, 사회, 경제적으로도 지속가능하게 경영하는지 평가할 수 있는 객관적인 기준과 지표로 FSC는 지속가능한 산림경영의 이행 확대를 위해 노력하는 국제인증기구임\n 이와 더불어, 산림청에서는 산림분야 이에스지(ESG) 표준 평가체계 개발 등 연구 용역을 추진 중이며, 이를 통해 해외 온실가스 감축사업(REDD+) 등 산림분야 이에스지(ESG) 평가 지표를 적극 발굴해 나갈 계획이다. \n  해외 온실가스 감축사업(REDD+) : 산림파괴로 인한 온실가스 배출을 줄이는 활동(Reducing Emissions from Deforestation and Forest Degradation Plus)의 약자, 개도국에서 산림파괴로 인해 발생하는 온실가스를 줄이는 다양한 활동을 모두 포함\n 최병암 산림청장은 지난 5월 말 성공적으로 개최한 2021 서울 녹색미래 정상회의(P4G 정상회의)에서도 이에스지(ESG)는 중요한 의제였고, 탄소중립 시대 세계적인 관심분야로 이에 발맞추어 이에스지(ESG) 평가 기준에 산림분야 지표를 적극 발굴하는 등 산림분야 이에스지(ESG) 발전 가능성을 지속적으로 확대해 나갈 계획입니다라고 말했으며, 특히, 오늘 모이신 목재 관련 기업들은 이에스지(ESG) 경영과 관련하여 기후위기 시대 탄소 저장산업으로서 재조명될 필요가 있다라고 강조하였다. \n",
		"passage_Cnt": 717
	},
	"Annotation": {
		"summary1": "산림청은 해외 온실가스 감축 사업 등 산림분야 ESG 평가 지표를 적극 발굴할 예정이다. ",
		"summary2": null,
		"summary3": "이와 더불어, 산림청에서는 산림분야 이에스지(ESG) 표준 평가체계 개발 등 연구 용역을 추진 중이며, 이를 통해 해외 온실가스 감축사업(REDD+) 등 산림분야 이에스지(ESG) 평가 지표를 적극 발굴해 나갈 계획이다.",
		"summary_3_cnt": 123
	}
}