{
	"Meta(Acqusition)": {
		"doc_id": "REPORT-briefing-20148",
		"doc_category": "REPORT",
		"doc_type": "briefing",
		"doc_name": "(07.30.)(즉시) 중앙생활보장위원회_2022년도 기준 중위소득 5.02퍼센트 인상(4인 기준).hwp",
		"author": null,
		"publisher": null,
		"publisher_year": null,
		"doc_origin": "공공누리포털"
	},
	"Meta(Refine)": {
		"passage_id": "REPORT-briefing-20148-00002",
		"passage": "  가구균등화지수란 공동생활 시 비용 절약으로 인한 규모의 경제 등을 고려하여, 가구 구성이 서로 다른 가구의 소득 및 지출 수준을 비교하기 위한 지수이다. \n  기준 중위소득과 가계금융복지조사 중위소득 간의 격차 및 변경 전후 가구균등화지수 간 격차는 2026년까지 6년에 걸쳐 단계적으로 해소\n 이에 따라 추가로 소요되는 재정은 연간 0.5조원 이상으로 추계된다.\n 논의 과정에서 다수의 위원이 합의된 산출원칙을 준수 할 것을 요청하였고, 향후 기준 중위소득의 결정은 작년도에 위원회에서 합의한 원칙을 존중하여 결정하기로 하였다.\n  (’21년 기본증가율 산출원칙) 가계금융복지조사 최근 3년 평균증가율을 적용하고, 다만, 급격한 경기변동 등 특별한 상황 발생 시 중생보 의결을 통해 증가율을 조정\n 또한, 중앙생활보장위원회에서는 2022년도 기준 중위소득과 함께 2022년도 각 급여별 선정 기준 및 최저보장 수준도 확정하였다.\n 급여별 선정기준은 기준 중위소득 대비 일정 비율을 적용하며, 기준 중위소득 대비 생계급여는 30%, 의료급여는 40%, 주거급여는 46%, 교육급여는 50% 이하 가구이다.\n  4인 가구를 기준으로 급여별 선정기준은 생계급여 153만 6324원, 의료급여 204만 8432원, 주거급여 235만 5697원, 교육급여 256만 540원 이하이다.\n  가구원 수에 따른 급여별 선정기준 금액은 아래 표와 같다.\n< 2021년 및 2022년 급여별 선정기준 >\n",
		"passage_Cnt": 723
	},
	"Annotation": {
		"summary1": "중앙생활보장위원회가 확정한 2022년도 각 급여별 선정 기준은 기준 중위소득 대비 일정 비율을 적용한다.",
		"summary2": null,
		"summary3": "급여별 선정기준은 기준 중위소득 대비 일정 비율을 적용하며, 기준 중위소득 대비 생계급여는 30%, 의료급여는 40%, 주거급여는 46%, 교육급여는 50% 이하 가구이다. 또한, 중앙생활보장위원회에서는 2022년도 기준 중위소득과 함께 2022년도 각 급여별 선정 기준 및 최저보장 수준도 확정하였다.",
		"summary_3_cnt": 170
	}
}