{
	"Meta(Acqusition)": {
		"doc_id": "REPORT-briefing-20988",
		"doc_category": "REPORT",
		"doc_type": "briefing",
		"doc_name": "(국제협력 4.9) 2021 P4G 서울 정상회의 준비 박차…공관장 회의 개최(보도참고자료).hwp",
		"author": null,
		"publisher": null,
		"publisher_year": null,
		"doc_origin": "공공누리포털"
	},
	"Meta(Refine)": {
		"passage_id": "REPORT-briefing-20988-00001",
		"passage": " 환경부(장관 한정애)와 외교부(장관 정의용)는 4월 9일 오후 외교부 청사(서울 종로구 소재)에서 ‘2021 P4G 서울 정상회의’ 관련 주요국 공관장들과 화상회의를 주재하여 정상회의 준비현황을 점검하고, 성공적인 회의 개최를 위한 방안 등을 폭넓게 논의했다. \n  P4G(녹색성장과 글로벌 목표 2030을 위한 연대) : 전 세계 공공민간 기관의 협력 확대를 통해 녹색성장과 2030 지속가능발전목표(SDG) 가속화를 위한 다자협력 네트워크로 우리나라, 덴마크 등 12개국이 참여하고 있으며, 매 2년마다 정상급 회의 개최\n   P4G 정상회의 공식 명칭 : 2021 P4G 서울 정상회의\n   알기 쉬운 우리말 명칭 : 2021 서울 녹색미래 정상회의\n 정의용 외교부 장관은 ‘2021 P4G 서울 정상회의’는 파리협정과 2050 탄소중립 이행 첫해인 올해 우리나라가 주최하는 최초의 환경분야 다자정상회의라는 점에서 의미가 각별하다고 강조하고 이번 정상회의가 성공적으로 개최될 수 있도록 외교 일선에서 함께 노력해 줄 것을 당부했다.  \n 한정애 환경부 장관은 각국의 공관장들이 세계 각지에서 기후대응에 대한 논의 흐름과 우리나라에 대한 국제사회의 기대를 잘 알고 있는 만큼 ‘2021 P4G 서울 정상회의’의 성공적 개최를 위한 다양한 방안을 함께 고민하길 기대한다라고 말했다. \n 회의에 참석한 공관장들은 ‘2021 P4G 서울 정상회의’ 준비 동향을 공유하고 각국 정상이 참여하는 일정의 효과적인 운영방안 등에 대해 다각도로 논의했다. 또한 ‘2021 P4G 서울 정상회의’가 의미있는 성과를 거둘 수 있도록 현장에서 외교 노력을 더욱 강화하기로 했다.\n",
		"passage_Cnt": 820
	},
	"Annotation": {
		"summary1": "환경부와 외교부는 2021 P4G 서울 정상회의 관련 주요국 공관장들과 화상회의를 주재하여 성공적인 회의 개최를 위한 방안 등을 폭넓게 논의했다.",
		"summary2": null,
		"summary3": "환경부(장관 한정애)와 외교부(장관 정의용)는 4월 9일 오후 외교부 청사(서울 종로구 소재)에서 ‘2021 P4G 서울 정상회의’ 관련 주요국 공관장들과 화상회의를 주재하여 정상회의 준비현황을 점검하고, 성공적인 회의 개최를 위한 방안 등을 폭넓게 논의했다.",
		"summary_3_cnt": 145
	}
}