{
	"Meta(Acqusition)": {
		"doc_id": "REPORT-briefing-20780",
		"doc_category": "REPORT",
		"doc_type": "briefing",
		"doc_name": "(210705) 국민권익위, “불가피한 손해발생으로 계약 이행 포기 시 부정당업자 제재처분은 부당”(최종).hwp",
		"author": null,
		"publisher": null,
		"publisher_year": null,
		"doc_origin": "공공누리포털"
	},
	"Meta(Refine)": {
		"passage_id": "REPORT-briefing-20780-00001",
		"passage": " 국민권익위원회(위원장 전현희, 이하 국민권익위) 소속 중앙행정심판위원회(이하 중앙행심위)는 6월 15일 물가변동으로 계약금액이 감액되자 납품계약을 이행하지 못한 업체에 내려진 부정당업자 제재처분을 취소했다.\n ㄱ 업체는 2020년 공기업과 ‘가성소다 연간 단가계약’(계약금액 15억 1,800만원)을 체결하고 가성소다를 납품하고 있었다.\n  ㄱ 업체가 체결한 계약에는 ‘물가변동으로 인한 계약금액의 조정은 생산자물가지수 중 기초화학물질 지수를 적용한다.’라는 특수조건이 포함되어 있었고, 2020년 초 원유가격이 크게 하락하면서 2019년 11월 대비 2020년 4월의 기초화학물질 지수가 14% 이상 감소하게 되었다.\n  이에 해당 공기업에서는 지수조정률 감소를 이유로 ㄱ 업체에게 계약금액 1억 8,500만원 감액을 요청했다.\n  국가를 당사자로 하는 계약에 관한 법률에 지수조정률이 100분의 3 이상 증감된 때에는 계약금액을 조정할 수 있도록 되어 있음\n 그러나 ㄱ 업체는 가성소다 가격은 떨어지지 않았다며 계약금액 감액조정을 감당하지 못하겠다는 이유로 계약이행을 포기했다.\n  이에 해당 공기업은 ㄱ 업체가 정당한 이유 없이 계약을 이행하지 않았다며 3개월의 부정당업자 제재처분을 했고, ㄱ 업체는 행정심판을 청구했다.\n 중앙행심위는 가성소다가 기초화학물질 중에서도 기초무기화학물질에 해당한다는 점에 주목했다.\n  기초화학물질은 기초유기화학물질과 기초무기화학물질로 나뉘는데, 기초유기화학물질은 유가변동에 직접적인 영향을 받지만 가성소다 등의 기초무기화학물질은 유가변동의 영향을 받지 않아 유가의 급락에도 가격변동이 거의 없었던 것이다.\n",
		"passage_Cnt": 810
	},
	"Annotation": {
		"summary1": "ㄱ 업체가 체결한 계약에는 물가 변동으로 인한 계약 금액의 조정에 대한 특수조건이 있었으며 기초화학물질 지수가 14% 이상 감소하게 되었다.",
		"summary2": null,
		"summary3": "ㄱ 업체가 체결한 계약에는 ‘물가변동으로 인한 계약금액의 조정은 생산자물가지수 중 기초화학물질 지수를 적용한다.’라는 특수조건이 포함되어 있었고, 2020년 초 원유가격이 크게 하락하면서 2019년 11월 대비 2020년 4월의 기초화학물질 지수가 14% 이상 감소하게 되었다.",
		"summary_3_cnt": 155
	}
}