{
	"Meta(Acqusition)": {
		"doc_id": "REPORT-briefing-20419",
		"doc_category": "REPORT",
		"doc_type": "briefing",
		"doc_name": "(210428) 국민권익위 경찰옴부즈만 활성화, 경찰에 대한 객관적 외부통제 강화(최종).hwp",
		"author": null,
		"publisher": null,
		"publisher_year": null,
		"doc_origin": "공공누리포털"
	},
	"Meta(Refine)": {
		"passage_id": "REPORT-briefing-20419-00002",
		"passage": " 경찰청도 국민권익위의 경찰옴부즈만 조사활동에 협력하는 한편, 국민권익위의 제도개선 권고에 대해서도 적극 수용해 나가겠다고 밝혔다.\n  그간 경찰은 국민권익위와 국가인권위의 제도개선 권고에 대해 국민의 눈높이에서 전향적으로 수용한 바 있다.\n  최근에도 일반인이 변속차로임을 확인하기 어려운 고속도로에서 지정차로 위반으로 단속된 운전자에 대한 범칙금을 취소하라는 국민권익위 권고를 전격 수용, 같은 구간에서 단속된 1,033명의 운전자 전원에 대해 범칙금을 환부 조치하기도 했다.\n  또한, 경찰 자체적으로도 관서장 중심의 불만민원 대응체계를 마련해 반복장기 미해결 민원은 관서장이 민원인을 직접 면담해결하고 민간 전문가가 참여하는 민원조정위원회를 통해 민원 처리에 대한 수용성을 높여 나가고 있다. \n 또한, 국민권익위와 경찰청은 공정사회 구현과 부정부패 척결을 위해서도 더욱 긴밀히 협력해 나가기로 했다.\n 국가 반부패 대응 역량 강화를 위해 양 기관이 보유한 공직비리 등 부패비리 관련 정보를 공유하는 한편, 수사조사 분야 인력에 대한 인적교류와 교육훈련도 강화해 나가기로 했다. \n  아울러, 국민권익 증진 및 인권보호를 위한 경찰 내부 전담기구 신설과 경찰청렴도 향상을 위한 제도개선을 위해서도 양 기관이 함께 힘을 모으기로 했으며, 향후 원활한 협약 이행을 위해 정례 실무협의회를 구성운영하기로 했다.\n 전현희 위원장은 오늘의 업무협약을 통한 두 기관의 국민권익 보호와 반부패 협력은 강화된 경찰권에 대한 경찰옴부즈만의 실효적인 외부통제로 국민의 신뢰를 강화하고, 최근 부동산 투기 사태로 흔들리는 공직사회와 경찰청의 청렴성을 높이는 계기가 될 것이다.라고 말했다.\n",
		"passage_Cnt": 827
	},
	"Annotation": {
		"summary1": "국민권익위와 국가인권위의 제도 개선 권고에 국민의 눈높이에서 수용한 바 있던 경찰은 국민권익위의 권고를 적극 수용해 나가겠다고 밝혔다.",
		"summary2": null,
		"summary3": "경찰청도 국민권익위의 경찰옴부즈만 조사활동에 협력하는 한편, 국민권익위의 제도개선 권고에 대해서도 적극 수용해 나가겠다고 밝혔다. 그간 경찰은 국민권익위와 국가인권위의 제도개선 권고에 대해 국민의 눈높이에서 전향적으로 수용한 바 있다.",
		"summary_3_cnt": 132
	}
}