{
	"Meta(Acqusition)": {
		"doc_id": "REPORT-briefing-20392",
		"doc_category": "REPORT",
		"doc_type": "briefing",
		"doc_name": "(210421)보도자료_미이용 산림바이오매스 활성화 방안 논의.hwp",
		"author": null,
		"publisher": null,
		"publisher_year": null,
		"doc_origin": "공공누리포털"
	},
	"Meta(Refine)": {
		"passage_id": "REPORT-briefing-20392-00001",
		"passage": " 산림청(청장 최병암)은 21일 서울 산림비전센터에서 미이용 산림바이오매스 어떻게 할 것인가?를 주제로 국회 토론회를 개최했다. \n \n 이번 토론회는 이종배, 신정훈, 엄태영, 이성만 국회의원의 공동주최로 마련되었으며, 산업통상자원부, 산림청, 발전공기업 등 산림바이오매스 산업 관계자들이 참여하였다.\n 최근 국내 재생에너지 시장환경이 크게 변화되고 있으며, 이런 환경 속에서 미이용 산림바이오매스의 역할과 관련 산업이 앞으로 나아갈 방향을 토론하였다.\n 산림청은 2018년 화석연료 대체에너지용으로 미이용 산림바이오매스 제도를 도입하였으며, 주로 발전용으로 사용되고 있다. \n   미이용 산림바이오매스는 국내 산림경영활동 등으로 발생한 산물 중 원목 규격에 못 미치거나 수집이 어려워 이용이 원활하지 않은 산물로써 산림바이오매스에너지의 이용보급 촉진에 관한 규정(산림청 고시)에서 정하고 있는 산물을 말한다.\n   미이용 산림바이오매스 공급 인정량(만 톤) : (’18) 0 → (’19) 22 → (’20) 50\n 미이용 산림바이오매스는 수입산 목재펠릿(목재 압축 연료)을 대체하여 사용되고 있으나, 최근 신재생에너지 공급인증서(REC) 시장 가격 하락으로 수입산 목재펠릿과 비교한 경쟁력이 크게 떨어져 관련 업계는 큰 어려움을 겪고 있는 입장이다.\n 최병암 산림청장은 축사를 통해 가까운 미래에 목재부산물이 가치 있게 사용되고 산림분야가 탄소중립 사회 실현에 크게 이바지할 수 있기를 기대한다라며 미이용 산림바이오매스 활성화 정책을 통해 관련 산업이 활성화될 수 있도록 적극적으로 지원하겠다라고 말했다.\n",
		"passage_Cnt": 789
	},
	"Annotation": {
		"summary1": "산림청은 화석 연료 대체에너지용으로 이용이 원활하지 않은 산물로써 산림바이오매스에너지의 이용보급 촉진에 관한 규정에서 정하고 있는 산물인 미이용 산림바이오매스 제도를 도입했다.",
		"summary2": null,
		"summary3": "산림청은 2018년 화석연료 대체에너지용으로 미이용 산림바이오매스 제도를 도입하였으며, 주로 발전용으로 사용되고 있다. 미이용 산림바이오매스는 국내 산림경영활동 등으로 발생한 산물 중 원목 규격에 못 미치거나 수집이 어려워 이용이 원활하지 않은 산물로써 산림바이오매스에너지의 이용보급 촉진에 관한 규정(산림청 고시)에서 정하고 있는 산물을 말한다.",
		"summary_3_cnt": 195
	}
}