{
	"Meta(Acqusition)": {
		"doc_id": "REPORT-briefing-20680",
		"doc_category": "REPORT",
		"doc_type": "briefing",
		"doc_name": "(210614) 착오송금 시행령 개정 보도자료_FNFN2.hwp",
		"author": null,
		"publisher": null,
		"publisher_year": null,
		"doc_origin": "공공누리포털"
	},
	"Meta(Refine)": {
		"passage_id": "REPORT-briefing-20680-00004",
		"passage": "  착오송금 회수에 소요되는 비용은 개인별로 상이할 수 있음\n   금액대별 평균 예상지급률(예금보험공사 추정, 자진반환/지급명령)(10만원) 86% / 82% (100만원) 95% / 91% (1,000만원) 96% / 92%\n 반환지원이 신청되었지만 직권으로 취소되는 경우\n 신청인이 거짓이나 부정한 방법으로 지원 신청한 경우, 착오송금이 아님이 객관적인 자료로 확인되는 경우, 관련 소송이 진행 중이거나 완료된 경우 등에는 예보가 우편, 전화, 문자메시지 등으로 반환신청을 취소할 수 있습니다.\n 한편, 착오송금이 아님에도 거짓으로 반환지원을 신청한 경우 등 신청인의 책임으로 인해 반환신청이 취소되는 경우, 취소 시점까지 발생한 비용은 송금인이 부담하게 됩니다.\n   송금인이 거짓이나 그 밖의 부정한 방법으로 반환지원을 신청한 경우, 송금인이 착오송금을 하지 않았다는 사실이 객관적인 자료로 명확하게 확인된 경우, 관련 소송이 진행 중이거나 완료된 경우 등\n 착오송금 반환에 소요되는 기간\n 예보가 착오송금인으로부터 반환지원 신청을 받아 관계기관으로 부터 수취인의 정보(주민등록번호, 연락처 등)를 확인한 후 자진반환 및 지급명령 절차를 진행하게 되므로, \n  통상 신청 접수일로부터 약 1∼2개월 이내 착오송금액 반환이 가능할 것으로 예상됩니다.\n  다만, 지급명령이 확정된 후에도 반환이 이루어지지 않아 강제집행 등 회수절차가 필요한 경우 등, 일부 신청건에 대해서는 2개월 이상이 소요될 수 있습니다.\n",
		"passage_Cnt": 736
	},
	"Annotation": {
		"summary1": "부정한 방법으로 지원 신청한 경우나 착오송금이 아닌 경우 등은 반환 신청 취소가 가능하다.",
		"summary2": null,
		"summary3": "신청인이 거짓이나 부정한 방법으로 지원 신청한 경우, 착오송금이 아님이 객관적인 자료로 확인되는 경우, 관련 소송이 진행 중이거나 완료된 경우 등에는 예보가 우편, 전화, 문자메시지 등으로 반환신청을 취소할 수 있습니다.",
		"summary_3_cnt": 123
	}
}