{
	"Meta(Acqusition)": {
		"doc_id": "REPORT-briefing-20774",
		"doc_category": "REPORT",
		"doc_type": "briefing",
		"doc_name": "(210701)보도자료_우리 국토의 뼈대 백두대간, 함께 보호하고 가꾼다!.hwp",
		"author": null,
		"publisher": null,
		"publisher_year": null,
		"doc_origin": "공공누리포털"
	},
	"Meta(Refine)": {
		"passage_id": "REPORT-briefing-20774-00001",
		"passage": " 산림청(청장 최병암)은 여름 휴가철의 시작인 7월을 맞아 우리나라 국토의 뼈대이자, 생물다양성의 보고인 백두대간의 가치와 중요성을 널리 알리기 위하여 지리산 백두대간 정령치에서 환경 관련 단체 및 대학생들과 백두대간 사랑운동 캠페인을 실시했다.\n 이번 백두대간 사랑운동 캠페인은 백두대간의 가치를 되새기고, 소중한 가치를 국민들에게 널리 알리기 위해 마련되었다.\n 이번 행사에는 (사)백두대간보전회, (사)백두대간진흥회, 백두대간숲연구소, (사)한국산림복원협회 등 환경 관련 단체와 강원대학교, 공주대학교, 전북대학교 등 대학생들이 참여했다.\n 정령치는 덕유산과 지리산을 연결하는 백두대간 마루금이었으나 1988년 지방도가 생기면서 마루금이 단절된 것을 2016년 산림청이 옛 모습에 가깝게 연결 복원한 곳이다.\n   산림청에서는 ’03년에 백두대간의 체계적 보전관리를 위하여 백두대간 보호에 관한 법률을 제정하고, ’05년에 6개도 32개 시군에 걸쳐 263천ha를 ‘백두대간보호지역’으로 지정했다.\n   그동안 사유림 매수, 타부처 협의를 통한 국유림 인수 추진을 통해 14천ha 추가 확대 지정하여 277천ha을 지정관리하고 있다.\n   또한, 도로로 끊어진 백두대간 10개소에 대해 생태축 산림복원사업을 완료했다.\n 특히, 이번 백두대간 사랑운동은 대학생들이 캠페인 활동을 누리소통망(SNS)에 올려 젊은 세대들에게 백두대간 보호의 필요성을 홍보하고 더불어 정령치 복원지의 사후관리를 통해 백두대간보호지역의 산림기능 증진도 함께 고려하여 실시했다.\n",
		"passage_Cnt": 760
	},
	"Annotation": {
		"summary1": "산림청은 환경 관련 단체 및 대학생들과 함께 백두대간의 가치와 중요성을 알리기 위하여 지리산 정령치에서 백두대간 사랑운동 캠페인을 실시하였다.",
		"summary2": null,
		"summary3": "산림청(청장 최병암)은 여름 휴가철의 시작인 7월을 맞아 우리나라 국토의 뼈대이자, 생물다양성의 보고인 백두대간의 가치와 중요성을 널리 알리기 위하여 지리산 백두대간 정령치에서 환경 관련 단체 및 대학생들과 백두대간 사랑운동 캠페인을 실시했다.",
		"summary_3_cnt": 136
	}
}