{
	"Meta(Acqusition)": {
		"doc_id": "REPORT-briefing-20325",
		"doc_category": "REPORT",
		"doc_type": "briefing",
		"doc_name": "(210407) 국민권익위 경찰옴부즈만, 사건관계인의 정보를 임의로 제3자에게 제공해서는 안 돼(최종).hwp",
		"author": null,
		"publisher": null,
		"publisher_year": null,
		"doc_origin": "공공누리포털"
	},
	"Meta(Refine)": {
		"passage_id": "REPORT-briefing-20325-00001",
		"passage": " 국민권익위원회 경찰옴부즈만은 경찰관이 직장에 전화해 경찰서에서 본인과 다툰 사실을 알린 것은 부당하다.라는 고충민원에 대해, 수사나 민원처리 과정에서 제3자에게 사건관계인의 정보를 제공하는 것은 부적절하다.라며 경찰관에 대해 교육 등 조치를 취할 것을 해당 경찰서장에게 권고했다.\n 국민권익위원회(위원장 전현희, 이하 국민권익위) 경찰옴부즈만은 비록 해당 경찰관이 사과와 합의를 하려는 취지였다고는 하나, 민원인이 동의하지 않은 상태에서 사건과 무관한 직장에 연락해 경찰서 방문사실 등을 알린 것은 적절치 않다고 판단했다.\n 국민권익위의 조사결과, ㄱ씨와 경찰관은 경찰서에서 말다툼 후 서로 옷자락을 잡는 등 실랑이를 벌였고, 며칠 뒤 경찰관은 사건에 대해 진술하기 위해 경찰서에 방문한 ㄱ씨에게 사과했으나 ㄱ씨는 이를 거절했다. 이후 경찰관은 전화를 걸어 사과를 하려 했지만 ㄱ씨가 받지 않자 결국 ㄱ씨의 직장에 전화를 걸어 직장상사에게 사과와 합의 의사를 전달했다.\n 범죄피해자 보호법,범죄수사규칙은 경찰관이 피해자의  사생활을 보호하고 수사과정에서 알게 된 비밀을 제3자에게 제공하거나 누설하지 않도록 규정하고 있다.\n  국민권익위는 이처럼 관계법령에서 사건관계인의 비밀엄수에 신중을 기하도록 규정하고 있음에도 불구하고 ▴사건과 무관한 사람의 정보를 조회하는 행위 ▴민원 제기 사실을 제3자에게 제공하는 행위 ▴고소인의 비공개 요청에도 참고인 조사 시 반복해서 고소인의 성명을 언급하는 행위 등 사건관계인의 정보를 소홀히 다룬 경찰관의 행태에 대해 그간 지속적으로 문제점을 지적하고, 해당 경찰서에 재발방지를 위한 조치를 권고해왔다.\n",
		"passage_Cnt": 807
	},
	"Annotation": {
		"summary1": "국민권익위원회 경찰 옴부즈만은 해당 경찰관이 민원인의 동의가 없는 상태에서 직장에 연락하여 경찰서 방문 사실을 알린 것은 적절치 않다고 판단했다. ",
		"summary2": null,
		"summary3": "국민권익위원회(위원장 전현희, 이하 국민권익위) 경찰옴부즈만은 비록 해당 경찰관이 사과와 합의를 하려는 취지였다고는 하나, 민원인이 동의하지 않은 상태에서 사건과 무관한 직장에 연락해 경찰서 방문사실 등을 알린 것은 적절치 않다고 판단했다.",
		"summary_3_cnt": 134
	}
}