{
	"Meta(Acqusition)": {
		"doc_id": "REPORT-briefing-20407",
		"doc_category": "REPORT",
		"doc_type": "briefing",
		"doc_name": "(210424)보도자료_평화산림이니셔티브 사업 본격 가동.hwp",
		"author": null,
		"publisher": null,
		"publisher_year": null,
		"doc_origin": "공공누리포털"
	},
	"Meta(Refine)": {
		"passage_id": "REPORT-briefing-20407-00002",
		"passage": "  (’21년 후보지) 캄보디아/베트남/라오스, 도미니카 공화국/아이티, 보스니아/헤르체고비나, 에티오피아/에리트리아 등 \n 이어, 올해는 유엔사막화방지협약 제10차 당사국총회(’11.10.10∼21)를 개최한 지 10년이 되는 해로, 총회 개최지였던 경남 창원에서 지자체 및 유엔사막화방지협약 사무국과 함께 지난 10년간의 창원이니셔티브 성과를 기념하는 행사를 개최할 것을 제안하였다\n  창원이니셔티브 출범 10주년 기념행사 : 경남 창원, ’21.10.11(잠정)\n 또한, 최 청장은 녹색성장과 글로벌 목표 2030을 위한 연대(P4G) 정상회의 및 세계산림총회(WFC) 등 올해 산림청과 유엔사막화방지협약 사무국 간 협업이 필요한 국제적인 행사를 소개하고, 사무국과 산림청 간 긴밀한 협력을 강조하였다.\n  녹색성장과 글로벌 목표 2030을 위한 연대 정상회의는 한국이 의장국으로써 5.30～31 서울에서 개최하는 최초의 환경부문 다자 정상회의이다. 동 회의 프로그램 중 일부로써 산림특별세션이 5.18 개최될 예정으로 평화산림이니셔티브 등을 국제사회에 소개할 계획이다.\n   녹색성장과 글로벌 목표 2030을 위한 연대(P4G : Summit : Partnering for Green Growth and the Global Goals 2030 \n  산림분야의 올림픽으로 불리는 세계산림총회(WFC; World Forestry Congress)는 산림 관련 모든 현안에 대해 논의하고 협력방안을 모색하는 자리로, 내년 5.2～5.6 서울 코엑스에서 개최될 예정이다.\n",
		"passage_Cnt": 768
	},
	"Annotation": {
		"summary1": "최 청장은 산림청과 유엔사막화방지협약 사무국 간 협업이 필요한 국제적인 행사를 소개하고 긴밀한 협력을 강조했다.",
		"summary2": null,
		"summary3": "또한, 최 청장은 녹색성장과 글로벌 목표 2030을 위한 연대(P4G) 정상회의 및 세계산림총회(WFC) 등 올해 산림청과 유엔사막화방지협약 사무국 간 협업이 필요한 국제적인 행사를 소개하고, 사무국과 산림청 간 긴밀한 협력을 강조하였다.",
		"summary_3_cnt": 133
	}
}