{
	"Meta(Acqusition)": {
		"doc_id": "REPORT-briefing-20422",
		"doc_category": "REPORT",
		"doc_type": "briefing",
		"doc_name": "(210428)보도자료_아시아산림협력기구(AFoCO), 만장일치로 공적개발원조(ODA) 적격기구 선정.hwp",
		"author": null,
		"publisher": null,
		"publisher_year": null,
		"doc_origin": "공공누리포털"
	},
	"Meta(Refine)": {
		"passage_id": "REPORT-briefing-20422-00001",
		"passage": " 우리정부 주도로 출범한 아시아산림협력기구(AFoCO)가 경제협력개발기구(OECD)의 개발원조위원회(DAC) 회원국 만장일치로 ‘공적개발원조(ODA) 적격기구’로 4월 27일 승인받았다.\n   아시아산림협력기구(AFoCO, Asian Forest Cooperation Organization) : 기후변화ㆍ산림 복원 등 국제적 산림현안에 대응하고 아시아 국가 간 산림분야 협력 강화를 위해 한아세안 특별정상회의(’09.6월)에서 제안하여 설립된 국제기구로 사무국은 서울 소재\n  경제협력개발기구 개발원조위원회(OECD DAC) : 경제협력개발기구(OECD) 3대 위원회 중 하나로 공적개발원조(ODA) 주요 공여국간의 협의체. 회원국 간 상호협력, 정보교환, 정책조정 등을 목적으로 운영하며 우리나라는 2009년에 24번째로 가입 (현재 개발원조위원회(DAC) 회원국 29개국+유럽연합(EU))\n 우리 정부는 지난해 6월부터 아시아산림협력기구 사무국과 협력하여 아시아산림협력기구의 공적개발원조 적격기구 등재를 위해 함께 노력해 왔다. \n   아시아산림협력기구가 공적개발원조 적격기구로 등재 시, 동 기구의 예산은 매년 지원국(기관)의 공적개발원조로 인정됨에 따라, 공여국 및 타 기구와의 협력 강화와 재원 확보 등이 보다 용이\n 현지에서 경제협력개발기구 개발원조위원회 회원국들을 대상으로 아시아산림협력기구의 공적개발원조 적격기구 등재를 위한 기구설명 등 경제협력개발기구 내 지지를 확보하기 위해 적극적인 교섭활동을 전개해 왔다. \n",
		"passage_Cnt": 745
	},
	"Annotation": {
		"summary1": "정부는 아시아산림협력기구의 공적개발원조 적격기구 등재를 위해 노력하고 경제협력개발기구 내 지지를 확보하기 위해 교섭활동을 전개해 왔다.",
		"summary2": null,
		"summary3": "우리 정부는 지난해 6월부터 아시아산림협력기구 사무국과 협력하여 아시아산림협력기구의 공적개발원조 적격기구 등재를 위해 함께 노력해 왔다. 현지에서 경제협력개발기구 개발원조위원회 회원국들을 대상으로 아시아산림협력기구의 공적개발원조 적격기구 등재를 위한 기구설명 등 경제협력개발기구 내 지지를 확보하기 위해 적극적인 교섭활동을 전개해 왔다.",
		"summary_3_cnt": 189
	}
}