{
	"Meta(Acqusition)": {
		"doc_id": "REPORT-briefing-20101",
		"doc_category": "REPORT",
		"doc_type": "briefing",
		"doc_name": "'20년 귀속 양도소득세 확정신고, 편리한 전자신고를 이용하세요!.hwp",
		"author": null,
		"publisher": null,
		"publisher_year": null,
		"doc_origin": "공공누리포털"
	},
	"Meta(Refine)": {
		"passage_id": "REPORT-briefing-20101-00011",
		"passage": "  부정한 방법으로 양도소득세 과세표준을 무(과소)신고한 경우 40%의 가산세 부과\n 납부지연 가산세: 납부기한의 다음날부터 자진납부일(또는 고지일)까지 1일 0.025%(연 9.125%)의 납부지연 가산세 부과\n 2020년 귀속분부터는 국내국외주식간 양도소득을 통산하여 신고할 수 있으며, \n 다만, 양도소득 기본공제(250만 원)는 국내국외주식에 대하여 통산하여 1회만 공제 가능합니다. \n  양도소득세 과세대상이 아닌 상장법인 소액주주의 국내주식등 양도차손은 과세대상인 국외주식 양도차익과 통산할 수 없음\n <참고>국내국외주식등 손익통산 개정내용\n홈택스의 경우 회원가입을 하지 않더라도 공동인증서, 간편인증(카카오,통신사PASS,삼성패스,페이코,KB모바일인증서) 등으로 비회원 로그인 할 수 있으며 양도소득세 전자신고와 증빙서류 제출이 가능합니다.\n 다만, 홈택스에서 납세자 신고편의를 위해 제공하고 있는 신고도움 서비스, 파생상품 모두채움 서비스 등을 이용하려면 반드시 공동인증서로 로그인(회원, 비회원)하여야 합니다.\n손택스의 경우 비회원 로그인이 가능하지 않으며, 양도소득세 신고를 위해서는 주민등록번호로 발급받은 공동인증서로 회원가입 및 로그인하여야 합니다.\n납세자들이 보다 쉽게 전자신고를 이용할 수 있도록 양도소득세 전자신고 및 증빙서류 제출 요령에 대한 동영상을 제작하여 게시하였으며,\n 전자신고 시 각 항목의 우측에 있는 버튼을 클릭하면 전자신고 도움말을 확인할 수 있습니다.\n",
		"passage_Cnt": 726
	},
	"Annotation": {
		"summary1": "홈택스는 회원가입을 하지 않더라도 공동인증서와 간편인증 등으로 비회원 로그인을 할 수 있고 양도소득세 전자 신고와 증빙서류 제출이 가능하나 신고도움 서비스 등은 로그인해야 한다.",
		"summary2": null,
		"summary3": "홈택스의 경우 회원가입을 하지 않더라도 공동인증서, 간편인증(카카오,통신사PASS,삼성패스,페이코,KB모바일인증서) 등으로 비회원 로그인 할 수 있으며 양도소득세 전자신고와 증빙서류 제출이 가능합니다. 다만, 홈택스에서 납세자 신고편의를 위해 제공하고 있는 신고도움 서비스, 파생상품 모두채움 서비스 등을 이용하려면 반드시 공동인증서로 로그인(회원, 비회원)하여야 합니다.",
		"summary_3_cnt": 209
	}
}