{
	"Meta(Acqusition)": {
		"doc_id": "REPORT-briefing-20507",
		"doc_category": "REPORT",
		"doc_type": "briefing",
		"doc_name": "(210517) [정부 출범 4년] “이해충돌방지법 내년 5월 시행” 2022년 세계 20위권 청렴국가로 도약(최종).hwp",
		"author": null,
		"publisher": null,
		"publisher_year": null,
		"doc_origin": "공공누리포털"
	},
	"Meta(Refine)": {
		"passage_id": "REPORT-briefing-20507-00001",
		"passage": " 국민권익위원회(위원장 전현희, 이하 국민권익위)는 문재인 정부 반부패 총괄기관으로 정부 출범 4년간 부패 없는 청렴하고 공정한 사회 구현을 위해 반부패공정 개혁을 지속적으로 추진해 왔다.\n  이러한 노력에 힘입어 지난 1월 국제투명성기구(TI, Transparency International)가 발표한 2020년도 국가청렴도(Corruption Perceptions Index, 이하 ‘CPI’)에서 우리나라는 100점 만점에 61점으로 역대 최고점수를 기록했고, 국가순위도 4년 연속 상승한 33위에 위치해 세계 20위권 청렴선진국 진입을 위한 동력을 확보했다.\n  아울러, 국민권익위가 매년 측정하는 공공기관 청렴도 측정 결과도 4년 연속 상승하는 등 국민들의 공직사회에 대한 인식이 긍정적으로 개선되는 추세이다.\n \n 또한공직자의 이해충돌방지법이 지난 4월 국회를 통과함으로써 LH 사태 등으로 실추된 정부 신뢰도를 제고하고, 국민 눈높이에 맞는 공직사회 행위기준을 한층 더 강화할 수 있는 계기가 마련됐다. \n  지난해 실시한 청탁금지법 대국민 인식조사 결과, 국민의 87.8%는 청탁금지법을 지지한다고 응답했고, 75.4%는 우리사회 부패문제 개선에 도움을 준다고 응답하는 등 국민들의 절대적 지지를 바탕으로 청탁금지법은 이제 대표적 반부패법으로 자리매김 하였다. \n  이외에 지난 2017년부터 매년 실시한 공공기관 채용비리 전수점검결과, 총 603건의 비리를 적발해 연루자는 엄중 제재하고 피해자 약 3,400명에게는 재 응시 기회를 부여하는 등 채용비리 근절과 공정한 채용문화 정착을 위해 최선의 노력을 기울였다.\n",
		"passage_Cnt": 802
	},
	"Annotation": {
		"summary1": "국민권익위원회는 문 정부 반부패 총괄기관으로 공공기관 청렴도 측정 결과도 4년 연속으로 상승하여 공직 사회에 대한 인식이 긍정적으로 개선되고 있다. ",
		"summary2": null,
		"summary3": "국민권익위원회(위원장 전현희, 이하 국민권익위)는 문재인 정부 반부패 총괄기관으로 정부 출범 4년간 부패 없는 청렴하고 공정한 사회 구현을 위해 반부패공정 개혁을 지속적으로 추진해 왔다. 아울러, 국민권익위가 매년 측정하는 공공기관 청렴도 측정 결과도 4년 연속 상승하는 등 국민들의 공직사회에 대한 인식이 긍정적으로 개선되는 추세이다.",
		"summary_3_cnt": 189
	}
}