{
	"Meta(Acqusition)": {
		"doc_id": "REPORT-briefing-20398",
		"doc_category": "REPORT",
		"doc_type": "briefing",
		"doc_name": "(210422) 콜롬비아, 국민권익위 ‘부패영향평가’ 도입된다 (수정).hwp",
		"author": null,
		"publisher": null,
		"publisher_year": null,
		"doc_origin": "공공누리포털"
	},
	"Meta(Refine)": {
		"passage_id": "REPORT-briefing-20398-00001",
		"passage": " 국민권익위원회(위원장 전현희, 이하 국민권익위)는 21일 유엔개발계획(UNDP)과 함께 공공부문의 부패를 사전적으로 예방하는 ‘부패영향평가’ 제도를 콜롬비아가 도입하는데 정보와 노하우를 공유하기 위하여 콜롬비아 공공행정처 공직자들을 대상으로 화상회의를 실시했다.\n  부패영향평가는 법령 등에 내재하는 부패유발요인을 찾아내고 이를 사전에 제거하거나 개선토록 해 부패발생을 예방하는 제도이다. 국민권익위는 법령 등 제개정안의 준수집행행정절차부패통제의 4가지 분야의 이해충돌가능성 등 총 11개 항목으로 평가하고 미흡한 분야에 대한 개선안을 제시한다.\n 이번 회의에는 콜롬비아 공공행정처(Administrative Department of the Public Service)에서 국민참여투명성 증진 업무를 총괄하는 아드리아나 바가스(Adriana Vargas) 국장을 비롯한 공직자 5명, UNDP 콜롬비아 사무소 부패영향평가 이행팀 6명, UNDP 서울정책센터와 권익위 실무자 등 총 21명이 참석해 우리나라의 부패영향평가 제도를 콜롬비아에 성공적으로 도입하기 위한 방안을 논의했다.\n  국민권익위는 이번 세미나를 시작으로 부패영향평가 제도 경험과 노하우를 공유하는 한편 콜롬비아 공무원들이 현지에 적합한 평가지표를 개발할 수 있도록 지원할 예정이다.\n 국민권익위는 2015년, UNDP와 업무협약을 체결해 우리나라의 반부패 정책을 개발도상국에 확산하기로 협의하고, 2016년과 2017년 베트남을 시작으로 매년 사업대상국을 선정해 부패방지시책평가 등 반부패 정책수단 전파를 위한 집중연수사업 등을 실시하고 있다.\n",
		"passage_Cnt": 791
	},
	"Annotation": {
		"summary1": "국민권익위원회는 콜롬비아가 공공부문의 부패를 사전에 제거 및 개선하여 부패발생을 예방하는 부패영향평가 제도를 도입하기 위한 정보 공유를 위해 화상회의를 했다.",
		"summary2": null,
		"summary3": "국민권익위원회(위원장 전현희, 이하 국민권익위)는 21일 유엔개발계획(UNDP)과 함께 공공부문의 부패를 사전적으로 예방하는 ‘부패영향평가’ 제도를 콜롬비아가 도입하는데 정보와 노하우를 공유하기 위하여 콜롬비아 공공행정처 공직자들을 대상으로 화상회의를 실시했다. 부패영향평가는 법령 등에 내재하는 부패유발요인을 찾아내고 이를 사전에 제거하거나 개선토록 해 부패발생을 예방하는 제도이다.",
		"summary_3_cnt": 216
	}
}