{
	"Meta(Acqusition)": {
		"doc_id": "REPORT-briefing-20161",
		"doc_category": "REPORT",
		"doc_type": "briefing",
		"doc_name": "(0721)(조간)_세계_최초_TBM_커터헤드_설계자동화_시스템_개발_성공(기술정책과).hwp",
		"author": null,
		"publisher": null,
		"publisher_year": null,
		"doc_origin": "공공누리포털"
	},
	"Meta(Refine)": {
		"passage_id": "REPORT-briefing-20161-00002",
		"passage": " 세계 최초로 개발된 TBM 커터헤드 설계자동화 시스템은 기존에 수작업으로 이뤄지던 커터헤드 설계를 3차원 프로그램을 통해 다양한 지반 조건을 입력하면 이에 적합한 커터헤드의 설계가 자동으로 이루어지게 하는 첨단 기술로, \n \n 현재, 평균 1개월 이상 소요되는 커터헤드 설계 소요기간을 설계 자동화 기술을 통하여 3일 이내 완료할 수 있는 획기적인 기술이다. \n 이와 함께 국내 기술로 개발에 성공한 TBM 장비 운전제어 시스템은 커터헤드 회전속도, 굴진방향 등을 자동 제어하고 운전하는 TBM 운용의 핵심 기술로서 일부 선진 국가에서만 보유한 기술이며,\n \n 이번에 확보한 TBM 장비 운전제어 시스템 원천기술을 통해 순수 국내 기술로 TBM 제작이 가능해 질 것으로 기대된다.\n 최근 전 세계적으로 터널굴착 공사 시 소음, 진동 피해를 최소화하고 안전한 작업환경 조성하기 위하여 화약을 사용하는 굴착방식보다는 TBM을 활용한 기계식 굴착방식이 증가하는 추세이다.\n 특히, 도시와 해저하저지역에 터널공사를 중심으로 TBM 공사가 일반화 되면서 TBM을 활용할 수 있는 세계 시장 규모는 매년 크게 성장할 전망으로 기술개발의 효용성이 클 것으로 예상된다.\n \n   세계 TBM이용 시장 : ’10년 약 11조원 → ’20년 약 55조원(한국지방세연구원, ’18.01) \n   세계 TBM제작 시장 : `19년 6조원 → `27년 8.4조원 전망(Research and Markets 2020)국내 TBM제작 시장 : `19년 1,781억원 → `27년 2,410억원 전망(날리지윅스 2015)\n",
		"passage_Cnt": 781
	},
	"Annotation": {
		"summary1": "도시와 해저하저지역에 터널공사를 중심으로 TBM 공사가 일반화 되면서 TBM을 활용할 수 있는 세계 시장 규모는 크게 성장할 전망이다.",
		"summary2": null,
		"summary3": "특히, 도시와 해저하저지역에 터널공사를 중심으로 TBM 공사가 일반화 되면서 TBM을 활용할 수 있는 세계 시장 규모는 매년 크게 성장할 전망으로 기술개발의 효용성이 클 것으로 예상된다.",
		"summary_3_cnt": 104
	}
}