{
	"Meta(Acqusition)": {
		"doc_id": "REPORT-briefing-20204",
		"doc_category": "REPORT",
		"doc_type": "briefing",
		"doc_name": "(200513)보도자료_나무를 심어 기후위기에 대응하고 산림생태계를 복원한다!.hwp",
		"author": null,
		"publisher": null,
		"publisher_year": null,
		"doc_origin": "공공누리포털"
	},
	"Meta(Refine)": {
		"passage_id": "REPORT-briefing-20204-00001",
		"passage": " 산림청(청장 최병암)은 탄소흡수원 확충을 위해 13일 백두대간 대관령에서 환경단체 및 산림생태복원단체와 함께하는 산림복원 나무 심기 행사를 개최했다.\n 이번 산림복원 나무 심기 행사는 산림생태복원과 신설(’21.3.30)을 기념하고, 탄소중립과 한반도 산림생태계 복원을 함께하자는 뜻에서 마련되었다.\n 산림청에서는 ’06년부터 기후변화 및 각종 개발로 인해 훼손된 산림을 지속해서 복원해 왔다.\n ’19년에 산림자원의 조성 및 관리에 관한 법률을 개정․시행하면서 산림복원을 법제화하고 사업 추진체계를 정비하는 등 사업을 확대해 왔다. 이를 계기로 ’21년 조직 개편을 통해 전담부서인 산림생태복원과를 신설하였다.\n 그동안 훼손된 산림 604ha(여의도 면적의 2배), 도로로 끊어진 백두대간생태축 10개소, 대규모산림경관훼손지 12개소 등에 대해 산림복원사업을 실행하였다.\n 행사에는 (사)녹색연합, (사)자연보호중앙연맹, (사)생명의 숲, (재)환경재단, 한국산지보전협회, (사)한국산림복원협회, (사)백두대간보전회, (사)백두대간진흥회 등 다양한 환경단체와 산림생태복원단체가 참여했다.\n 특히, 이번 산림복원 나무 심기는 백두대간보호지역의 연계성, 수자원 함양, 생물다양성증진 등 산림기능 복원을 고려하여 실시했다.\n  미세입지 특성을 고려하여 입지적응력을 높였으며, 주변 자생식물 위주로 수종을 선정하고 모아심기로 자연천이를 유도하였다.\n   들메나무․물푸레나무․산벚나무 등 여러 수종을 5본씩 모아심기, 전나무를 주 수종으로 하고 마가목과 주목을 한 줄씩 섞어심기 등 1,600㎡에 620본 식재\n",
		"passage_Cnt": 787
	},
	"Annotation": {
		"summary1": "산림청에서 개최한 산림복원 나무 심기 행사는 산림 생태복원과 신설을 기념하고 탄소중립과 한반도 산림생태계 복원을 함께하자는 뜻에서 마련되었다.",
		"summary2": null,
		"summary3": "산림청(청장 최병암)은 탄소흡수원 확충을 위해 13일 백두대간 대관령에서 환경단체 및 산림생태복원단체와 함께하는 산림복원 나무 심기 행사를 개최했다. 이번 산림복원 나무 심기 행사는 산림생태복원과 신설(’21.3.30)을 기념하고, 탄소중립과 한반도 산림생태계 복원을 함께하자는 뜻에서 마련되었다.",
		"summary_3_cnt": 167
	}
}