{
	"Meta(Acqusition)": {
		"doc_id": "REPORT-briefing-20567",
		"doc_category": "REPORT",
		"doc_type": "briefing",
		"doc_name": "(210527) 국민권익위, 중앙부처·금융 공공기관 대상 가상통화 관련 행동강령 운영실태 점검(최종).hwp",
		"author": null,
		"publisher": null,
		"publisher_year": null,
		"doc_origin": "공공누리포털"
	},
	"Meta(Refine)": {
		"passage_id": "REPORT-briefing-20567-00001",
		"passage": "               \n 국민권익위원회(위원장 전현희, 이하 국민권익위)가 중앙부처와 금융 관련 공공기관을 대상으로 가상통화 관련 행동강령 운영실태에 대한 특별점검을 실시한다. 이어 직무 정보를 이용한 가상통화 거래 등 공직자의 가상통화 관련 기관별 행동강령 정비에 나선다.\n   특정 금융거래정보의 보고 및 이용 등에 관한 법률 개정(’20. 3. 24)으로 제2조에 ‘가상자산’ 정의가 규정됨\n 최근 가상통화 거래가 증가하고 가격이 급등함에 따라 일부 공직자들이 직무와 관련된 내부정보를 활용해 가상통화 투기에 편승할 우려가 커지고 있다. 이에 국민권익위는 가상통화 관련 업무 담당자의 이해충돌 방지제도에 대한 운영실태 점검에 나섰다. \n  앞서 국민권익위는 2018년 2월에 중앙부처와 공공기관에 직무와 관련해 알게 된 정보를 활용한 가상통화 투자를 금지하고, 직무 관련성이 있는 부서와 직위의 공직자는 보유 현황을 신고하도록 가상통화 관련 내용을 반영해 기관 행동강령을 개정할 것을 통보했다. \n 공무원 행동강령제12조에 따르면, 공무원은 직무 수행 중 알게 된 정보를 이용해 유가증권, 부동산 등과 관련된 재산상 거래 또는 투자를 하거나 타인에게 정보를 제공해 재산상 거래 또는 투자를 돕는 행위를 금지하고 있다. \n  이번 점검은 가상통화 관련 업무 담당 기관 여부 및 기관별 행동강령 규정 반영 여부를 집중 점검한다. 관련 기관일 경우 가상통화 관련 부서 및 직위 지정 여부, 가상통화 관련 거래 제한 기준, 가상통화 보유 사실 신고 근거 마련, 직무 배제 등 기관장의 조치사항 등 공직자의 가상통화 관련 이해충돌 소지를 차단하는 데 초점을 맞춰 이번 달 27일부터 실시할 예정이다.\n",
		"passage_Cnt": 841
	},
	"Annotation": {
		"summary1": "국민권익위원회가 중앙부처와 금융 관련 공공기관을 대상으로 특별점검을 실시하여 가상통화 관련 기관별 공직자 행동강령 정비에 나선다. ",
		"summary2": null,
		"summary3": "국민권익위원회(위원장 전현희, 이하 국민권익위)가 중앙부처와 금융 관련 공공기관을 대상으로 가상통화 관련 행동강령 운영실태에 대한 특별점검을 실시한다. 이어 직무 정보를 이용한 가상통화 거래 등 공직자의 가상통화 관련 기관별 행동강령 정비에 나선다.",
		"summary_3_cnt": 140
	}
}