{
	"Meta(Acqusition)": {
		"doc_id": "REPORT-briefing-20467",
		"doc_category": "REPORT",
		"doc_type": "briefing",
		"doc_name": "(210507)보도자료_5월 푸른 숲으로, 일상을 벗어나 보세요.hwp",
		"author": null,
		"publisher": null,
		"publisher_year": null,
		"doc_origin": "공공누리포털"
	},
	"Meta(Refine)": {
		"passage_id": "REPORT-briefing-20467-00001",
		"passage": " 산림청(청장 최병암)은 특별 방역관리 주간(5.3.~5.16)을 맞이하여, 국민이 안심하고 숲에서 다양한 체험활동 등을 통해 마음껏 놀고 배우며, 치유할 수 있도록 부산 산림교육센터 등에 대하여 코로나19 방역지침 준수사항을 점검했다.\n 산림교육센터는 대상별 체계적인 숲교육 제공으로 국민의 창의성과 정서를 함양하고 산림에 대한 가치관 향상을 위해 강의실, 숲교육장, 도서실 등의 기본시설을 갖추고 전문 인력을 배치한 산림교육시설이다.\n  현재 전국 21개소의 산림교육센터가 운영 중이며, 유아‧청소년‧취약계층‧성인 등을 대상으로 숲과 자연물을 활용한 다양하고 차별화된 숲교육 프로그램을 진행하고 있다.\n   (프로그램) 숲해설‧숲공예‧숲명상‧숲치유형 프로그램 및 교원직무연수 등 \n 이번 방역점검은, 방역수칙 미준수로 감염확산이 계속 늘어나고 상황에서 사회적거리두기 단계별 방역실태를 집중적으로 점검하였다. \n  산림교육센터는 출입 관리, 마스크 착용, 입장인원 제한 등 기본 방역수칙을 잘 지키고 있을 뿐만 아니라, 감염병 예방을 위해 소규모 가족 단위 또는 모바일 동영상 프로그램이 진행되고 있어\n  가정의 달’인 5월을 맞아 숲에서의 휴식을 찾는 가족들과 비대면 숲체험을 원하는 분들에게 더 많은 인기를 얻을 것으로 기대된다. \n 체험을 원하는 국민은 각 센터에 프로그램 일정 등을 문의하면 되고, 산림교육센터 현황은 산림청 누리집에서 확인할 수 있다.\n  ＊ 산림청 누리집(www.forest.go.kr) → 휴양복지 → 산림교육 → 산림교육시설및단체 → 산림교육센터\n",
		"passage_Cnt": 772
	},
	"Annotation": {
		"summary1": "산림청은 특별 방역관리 주간을 맞이하여 부산 산림교육센터 등에 대해 사회적 거리 두기 단계별 방역실태를 집중적으로 점검했다.",
		"summary2": null,
		"summary3": "산림청(청장 최병암)은 특별 방역관리 주간(5.3.~5.16)을 맞이하여, 국민이 안심하고 숲에서 다양한 체험활동 등을 통해 마음껏 놀고 배우며, 치유할 수 있도록 부산 산림교육센터 등에 대하여 코로나19 방역지침 준수사항을 점검했다. 이번 방역점검은, 방역수칙 미준수로 감염확산이 계속 늘어나고 상황에서 사회적거리두기 단계별 방역실태를 집중적으로 점검하였다.",
		"summary_3_cnt": 202
	}
}