{
	"Meta(Acqusition)": {
		"doc_id": "REPORT-briefing-20638",
		"doc_category": "REPORT",
		"doc_type": "briefing",
		"doc_name": "(210607)보도자료_레드플러스(REDD+)의 이해 심화과정‘ 온라인 교육 참가자 모집.hwp",
		"author": null,
		"publisher": null,
		"publisher_year": null,
		"doc_origin": "공공누리포털"
	},
	"Meta(Refine)": {
		"passage_id": "REPORT-briefing-20638-00001",
		"passage": " 산림청(청장 최병암)은 산림분야 전공자, 민간기업 관계자 및 일반인을 대상으로 한 ‘레드플러스(REDD+) 심화 교육과정’ 참석자를 23일까지 모집한다.\n   레드플러스(REDD+) : 개도국의 산림전용과 황폐화 방지를 통해 온실가스 배출을 줄이는 활동(Reducing Emissions from Deforestation and Forest Degradation Plus)\n  산림청은 지난 2017년부터 산림교육원을 통해 일반인ㆍ대학생 등에게 산림분야 해외 온실가스 감축사업인 레드플러스(REDD+)에 대해 교육 과정을 제공해왔다.\n  일반인의 레드플러스(REDD+)에 대한 이해력을 높이고, 해외 산림 전문가를 양성하는 것을 목표로 한다.\n 이번 교육과정은 코로나19를 고려하여 ‘비대면 온라인 강의’로 실시되며, 상반기 기본과정(’21.3) 보다 더욱 심도 있는 교육내용을 제공한다.\n  첫째, 산림청의 레드플러스(REDD+) 시범사업 중 처음으로 온실가스 감축에 성공한 한캄보디아 사업과 관련하여 사업설계서ㆍ점검 보고서 개발 전문 자문 기관인 더블유더블유시(WWC, Wildlife Works Carbon)의 담당자가 직접 사업 전반에 관해 설명할 계획이다.\n  둘째, 국제기구 ‘녹색기후기금(GCF : Green Climate Fund)’에서는 개도국의 레드플러스(REDD+) 이행을 지원하기 위해 추진 중인 결과기반보상(Results Based Payment) 활동과 국제 동향에 대해 소개한다.\n",
		"passage_Cnt": 733
	},
	"Annotation": {
		"summary1": "산림청은 해외 산림전문가를 양성하는 것을 목표로 산림교육원을 통해 레드플러스에 대해 교육 과정을 제공해왔다.",
		"summary2": null,
		"summary3": "산림청은 지난 2017년부터 산림교육원을 통해 일반인ㆍ대학생 등에게 산림분야 해외 온실가스 감축사업인 레드플러스(REDD+)에 대해 교육 과정을 제공해왔다. 일반인의 레드플러스(REDD+)에 대한 이해력을 높이고, 해외 산림 전문가를 양성하는 것을 목표로 한다.",
		"summary_3_cnt": 147
	}
}