{
	"Meta(Acqusition)": {
		"doc_id": "REPORT-briefing-20954",
		"doc_category": "REPORT",
		"doc_type": "briefing",
		"doc_name": "(국립자연휴양림 보도자료) 집콕에서 벗어나 짜릿한 산림레포츠를 즐기다.hwp",
		"author": null,
		"publisher": null,
		"publisher_year": null,
		"doc_origin": "공공누리포털"
	},
	"Meta(Refine)": {
		"passage_id": "REPORT-briefing-20954-00001",
		"passage": " 산림청 국립자연휴양림관리소(소장 이영록)는 코로나19 장기화로 최근 집콕족이 늘고 있는 상황에서 위험도가 낮은 산림에서 도전정신과 짜릿함을 느낄 수 있는 산림레포츠 체험시설이 조성된 국립용화산자연휴양림이 큰 호응을 얻고 있다고 밝혔다. \n  국립용화산자연휴양림은 우리나라 100대 명산 중 하나인 용화산(강원도 춘천시)에 위치하였으며, 등산과 캠핑, 산림레포츠를 한 번에 즐길 수 있는 체험형 휴양림이다.\n 저렴한 가격에 7가지 실내외 산림레포츠를 즐길 수 있는 국내 유일의 국립자연휴양림으로서 숲속에서 즐기는 야외 익사이팅레포츠 체험(3종)과 산림복합체험센터에서 즐길 수 있는 실내 산림레포츠(4종)로 구성되어 있어 무기력한 일상 속에서 짜릿함을 즐기기 위해 방문객들이 끊이지 않고 있다.\n 숲속에서 즐기는 익사이팅레포츠 체험(3종)은 12M 인공암벽등반과 13M 높이에서 뛰어내리는 하늘날다람쥐(퀵점프), 90M 길이의 하늘날기(짚라인)로 구성되어 있으며, 숙박객 및 입장객 남녀노소 9,000원(1인/1회)에 체험할 수 있다.\n  익사이팅 산림레포츠(3종)는 기상여건 등에 따라 체험이 제한될 수 있으므로 휴양림 방문 전 관리사무소(☎ 0332439261)로 문의가 필요하다.\n 산림복합체험센터에서 즐기는 산림레포츠는 수직슬라이드, 로프어드벤쳐, 집재그, 디자인암벽으로 구성되어 있으며, 키 122cm ∼ 200cm, 체중 130kg 미만의 입장객 및 숙박객 등 휴양림 이용고객은 10,000원(1인/1시간)에 체험할 수 있다.\n",
		"passage_Cnt": 748
	},
	"Annotation": {
		"summary1": "산림청 국립자연휴양림관리소는 코로나19 장기화로 집콕족이 늘고 있는 상황에서 산림레포츠 체험시설이 조성된 국립용화산자연휴양림이 큰 호응을 얻고 있다고 했다.",
		"summary2": null,
		"summary3": "산림청 국립자연휴양림관리소(소장 이영록)는 코로나19 장기화로 최근 집콕족이 늘고 있는 상황에서 위험도가 낮은 산림에서 도전정신과 짜릿함을 느낄 수 있는 산림레포츠 체험시설이 조성된 국립용화산자연휴양림이 큰 호응을 얻고 있다고 밝혔다.",
		"summary_3_cnt": 131
	}
}