{
	"Meta(Acqusition)": {
		"doc_id": "REPORT-briefing-20458",
		"doc_category": "REPORT",
		"doc_type": "briefing",
		"doc_name": "(210506) 국민권익위 경찰옴부즈만, “성폭력, 아동학대 피해자 조사 시 외부노출 방지 등 적극 보호해야” (최종).hwp",
		"author": null,
		"publisher": null,
		"publisher_year": null,
		"doc_origin": "공공누리포털"
	},
	"Meta(Refine)": {
		"passage_id": "REPORT-briefing-20458-00001",
		"passage": " 국민권익위원회 경찰옴부즈만(위원장 전현희, 이하 국민권익위)은 성폭력범죄 피해자를 공개된 장소에서 조사한 것은 부당하다.라는 고충민원에 대해, 피해자 조사 시 유의사항을 지키지 않고 피해자의 입장도 배려하지 않은 것은 부당하다.라며 경찰관에게 적절한 조치를 하도록 해당 경찰서장에게 권고했다.\n  국민권익위 경찰옴부즈만은 성폭력범죄 피해자 조사 시 신분이 노출되지 않도록 유의해야 하는데, 진술녹화실 등 비공개 장소가 아닌 사무실에서 피해자를 조사하고 이에 대해 이의를 제기한 피해자에게 오히려 부적절한 언행을 한 것은 잘못됐다고 판단했다.\n 성폭력범죄의 수사 및 피해자 보호에 관한 규칙과 이와 관련된 행동요령에는 피해자 조사 시 평온하고 비공개된 장소에서 원하는 시간에 조사하는 등 피해자의 입장을 최대한 존중하도록 하고 있다.\n  한편, 그간 국민권익위는 ▴여성인 성폭력범죄 전담조사관이 아닌 남성 경찰관이 피해사실을 청취하고 사건을 상담한 행위 ▴아동학대 사건 수사 시 피해아동과 학대의심자를 분리하지 않고 조사한 행위 등 사회적 약자인 여성, 아동 피해자에 대한 보호조치를 소홀히 한 경찰관들의 행위에 대해 지속적으로 문제점을 지적하고, 재발방지를 위한 조치를 권고해왔다.\n 국민권익위의 조사 결과, ㄱ씨는 성폭력범죄 피해를 진술하기 위해 경찰서에 출석했으나 담당 경찰관은 진술녹화실이 사용 중이라는 이유로 남성 경찰관들이 근무하는 부서 사무실에서 조사를 시작했다.\n",
		"passage_Cnt": 715
	},
	"Annotation": {
		"summary1": "국민권익위원회는 성폭력범죄 피해자를 공개된 장소에서 조사하는것은 피해자의 입장을 배려하지 않은 것이라며 경찰관에게 적절한 조치를 하도록 경찰서장에게 권고했다.",
		"summary2": null,
		"summary3": "국민권익위원회 경찰옴부즈만(위원장 전현희, 이하 국민권익위)은 성폭력범죄 피해자를 공개된 장소에서 조사한 것은 부당하다. 라는 고충민원에 대해, 피해자 조사 시 유의사항을 지키지 않고 피해자의 입장도 배려하지 않은 것은 부당하다. 라며 경찰관에게 적절한 조치를 하도록 해당 경찰서장에게 권고했다.",
		"summary_3_cnt": 167
	}
}