{
	"Meta(Acqusition)": {
		"doc_id": "REPORT-briefing-20364",
		"doc_category": "REPORT",
		"doc_type": "briefing",
		"doc_name": "(210414) 국민권익위, “음주운전자 차량시동잠금장치 및 음주치료 의무화” 제도개선(최종).hwp",
		"author": null,
		"publisher": null,
		"publisher_year": null,
		"doc_origin": "공공누리포털"
	},
	"Meta(Refine)": {
		"passage_id": "REPORT-briefing-20364-00001",
		"passage": "               \n 음주운전 재범을 방지하고 음주운전에 대한 경각심을 높이는 사전 예방 방안이 도입될 전망이다.\n  국민권익위원회(위원장 전현희, 이하 국민권익위)는 음주운전 위반으로 운전면허 정지취소 처분을 받은 사람이 다시 운전하고자 할 경우 차량시동잠금장치를 설치하고 음주치료를 이수하도록 하는 방안을 마련하여 경찰청에 권고하였고 경찰청은 필요성을 수용해 관계기관 협의를 거쳐 추진해 나갈 예정이다.\n 현행 제도는 음주운전 위반자에 대해 운전면허 정지취소 처분으로 일정기간 운전을 금지하고 특별 교통안전의무교육을 이수하도록 하고 있다. 그럼에도 불구하고 2019년 기준 음주운전 재범률은 43.7%로 여전히 높고, 3회 이상 재범한 음주운전자도 19.7%에 달한다.\n  이에 국민권익위는 음주운전 재범 방지를 위해 음주운전으로 면허 정지취소처분을 받고 운전을 재개하고자 하는 사람의 경우 위반 정도에 따른 차별화된 기간 동안 차량시동잠금장치를 설치하도록 하고 장치의 불법 변경조작, 대리 측정, 정기 검사의무 해태 등 위반 사항에 대해서는 별도 제재를 통해 관리하도록 했다.\n   차량시동잠금장치: 차량에 설치한 호흡 측정기로 알코올이 감지될 시 자동차 시동이 걸리지 않거나 주행이 가능하지 않도록 하는 장치\n  \n  또한 음주운전자 중 알코올사용장애 질환자가 72.7%를 차지할 정도로 알코올사용장애 질환자의 음주운전 가능성은 높다. 즉 음주운전자가 스스로 재범하지 않고자 결심하는 경우에도 알코올사용장애 질환으로 인해 의지만으로 음주운전을 제어할 수 없는 경우가 많다.\n",
		"passage_Cnt": 778
	},
	"Annotation": {
		"summary1": "국민권익위는 음주운전 위반으로 운전면허 정지 취소를 받은 사람이 다시 운전하고자 할 경우 차량 시동잠금장치를 설치하고 음주 치료를 이수하도록 방안을 마련해 경찰청에 권고했다.",
		"summary2": null,
		"summary3": "국민권익위원회(위원장 전현희, 이하 국민권익위)는 음주운전 위반으로 운전면허 정지취소 처분을 받은 사람이 다시 운전하고자 할 경우 차량시동잠금장치를 설치하고 음주치료를 이수하도록 하는 방안을 마련하여 경찰청에 권고하였고 경찰청은 필요성을 수용해 관계기관 협의를 거쳐 추진해 나갈 예정이다.",
		"summary_3_cnt": 161
	}
}