{
	"Meta(Acqusition)": {
		"doc_id": "REPORT-briefing-20618",
		"doc_category": "REPORT",
		"doc_type": "briefing",
		"doc_name": "(210603) 국민권익위, 농업보조금 부정수급 등 부패·공익신고자 보상금 등 2억 1천여만 원 지급 (최종).hwp",
		"author": null,
		"publisher": null,
		"publisher_year": null,
		"doc_origin": "공공누리포털"
	},
	"Meta(Refine)": {
		"passage_id": "REPORT-briefing-20618-00001",
		"passage": " 국민권익위원회(위원장 전현희, 이하 국민권익위)는 지난달 24일 전원위원회를 열어 농업보조금 부정수급, 무등록 건설업 운영 등 을 신고한 부패‧공익신고자 10명에게 총 2억 1천 605만 원의 보상금 및 구조금을 지급했다. 이들의 신고로 공공기관이 회복한 수입금액은 10여억 원에 달한다.\n  부패방지 및 국민권익위원회의 설치와 운영에 관한 법률상 부패행위(법령에 위반하여 공공기관에 재산상 손해를 가하는 행위 등)를 국민권익위 등에 신고하는 것\n  공익신고자보호법상 공익신고 대상 법률(2021.6월 기준 471개)에 규정된 공익침해행위의 발생을 공익신고기관(국민권익위, 수사기관 등)에 신고하는 것\n 부패신고 보상금 주요 지급 사례로는 보조사업 지원 대상으로 속여 농업보조금 2억 7천여만 원을 부정수급한 영농조합법인을 신고한 신고자에게 보상금 6천 559만 원을 지급한 것이 있다.\n  또 실제 근무하지 않은 보조교사를 채용한 것처럼 속여 보육교사 인건비 등 5천 5백여만 원을 부정수급한 어린이집을 신고한 신고자에게 보상금 1천 671만 원을 지급했다. \n  이 밖에 간호 인력을 허위로 등록해 1천 5백여만 원을 부정수급한 의료재단을 신고한 신고자에게 보상금 450만 원을 지급했다.\n 공익신고 보상금 등 주요 지급 사례로는 근로자들이 휴업일에 근무했음에도 고용유지지원금 2억 3천여만 원을 부정수급한 업체를 신고한 신고자에게 보상금 772만 원(신고자가 타 기관에서 지급받은 포상금 2천 3백여만 원 공제)을 지급한 것이 있다.\n",
		"passage_Cnt": 751
	},
	"Annotation": {
		"summary1": "국민권익위원회는 전원위원회를 열어 무등록 건설업 운영 등 부패‧공익신고자 10명에게 2억 1천605만 원의 보상금을 지급했다.",
		"summary2": null,
		"summary3": "국민권익위원회(위원장 전현희, 이하 국민권익위)는 지난달 24일 전원위원회를 열어 농업보조금 부정수급, 무등록 건설업 운영 등 을 신고한 부패‧공익신고자 10명에게 총 2억 1천 605만 원의 보상금 및 구조금을 지급했다.",
		"summary_3_cnt": 124
	}
}