{
	"Meta(Acqusition)": {
		"doc_id": "REPORT-briefing-20108",
		"doc_category": "REPORT",
		"doc_type": "briefing",
		"doc_name": "(07.15) (석간) 울산_경남_지역인재 키우기 힘 모은다(혁신도시정책총괄과).hwp",
		"author": null,
		"publisher": null,
		"publisher_year": null,
		"doc_origin": "공공누리포털"
	},
	"Meta(Refine)": {
		"passage_id": "REPORT-briefing-20108-00003",
		"passage": "   울산 혁신도시(9개 기관) : 에너지기능(4개), 노동복지기능(4개), 기타(1개)공공기관 7개(지역인재 의무채용 대상기관) + 소속기관 2개(국가공무원법에 따라 채용)\n 이를 통해 유관 기업 등 78개(562명 고용) 기업도 혁신도시에 함께 자리를 잡았다.\n울산 혁신도시는 특화전략 산업인 친환경에너지 산업 발전에 주력하고 있으며, 공공기관 등을 활용한 인재 육성과 인근 지역 상생 사업도 함께 추진 중이다.\n (특화산업) 울산혁신도시는 공공기관 주도의 에너지산업 혁신생태계 조성을 추진하고 있으며, 이전공공기관과 지역의 혁신자원 역량을 결집하여 개방형 혁신플랫폼(오픈랩) 구축, 중장기 R&D 사업 등도 진행하고 있다.\n (인재양성) 이 뿐만 아니라 지역 산업에 최적화된 인재 양성을 위해 지자체, 이전공공기관뿐만 아니라 지역교육청 및 지역 대학까지 협력하여 현장 맞춤형 교육에 힘쓰고 있다.\n (상생발전) 울산 혁신도시는 혁신도시뿐만 아니라 그 인근 지역과의 동반 성장에도 힘쓰고 있다.\n (지역인재 채용) 울산혁신도시의 공공기관은 최종학력 울산 고교 졸업자이거나, 울산대 등 지역 소재 대학졸업자를 일정비율 이상 의무 채용하고 있으며, 이를 통해 ‘20년 기준 지역인재 채용률 29.2%(목표 24.0%)를 달성하였다.\n   (관련 근거) 혁신도시법 제29조의2(이전공공기관등의 지역인재 채용 등)\n  나아가 울산경남 채용 광역화를 통해 내년부터는 기존 울산지역 공공기관뿐만 아니라 경남지역에 있는 공공기관으로도 지역인재 채용기회가 확대된다.\n",
		"passage_Cnt": 759
	},
	"Annotation": {
		"summary1": "울산혁신도시는 개방형 혁신플랫폼 구축, 중장기 R&D 사업 등을 진행하고 있고 지역교육청 및 지역 대학까지 협력하여 현장 맞춤형 교육에 힘쓰고 있다.",
		"summary2": null,
		"summary3": "(특화산업) 울산혁신도시는 공공기관 주도의 에너지산업 혁신생태계 조성을 추진하고 있으며, 이전공공기관과 지역의 혁신자원 역량을 결집하여 개방형 혁신플랫폼(오픈랩) 구축, 중장기 R&D 사업 등도 진행하고 있다. (인재양성) 이 뿐만 아니라 지역 산업에 최적화된 인재 양성을 위해 지자체, 이전공공기관뿐만 아니라 지역교육청 및 지역 대학까지 협력하여 현장 맞춤형 교육에 힘쓰고 있다.",
		"summary_3_cnt": 214
	}
}