{
	"Meta(Acqusition)": {
		"doc_id": "REPORT-briefing-20157",
		"doc_category": "REPORT",
		"doc_type": "briefing",
		"doc_name": "(0721)(조간)_디지털_트윈_최신_기술_한자리에_스마트국토엑스포_개막(공간정보진흥과_등).hwp",
		"author": null,
		"publisher": null,
		"publisher_year": null,
		"doc_origin": "공공누리포털"
	},
	"Meta(Refine)": {
		"passage_id": "REPORT-briefing-20157-00003",
		"passage": "  블루마블(Blue Marble, 미국), 벡셀(Vexcel, 오스트리아), 아우스터(Ouster, 미국), 에스피에이치(SPH, 중국), 파로(Faro, 미국), 플래닛(Planet, 미국) 등\n (비즈니스) 온라인 컨퍼런스비즈니스 프로그램으로 소통교류\n 공간정보의 최신 기술동향과 정책방향 등을 조명하는 컨퍼런스에 공공기관(국토교통부국토지리정보원국토연구원 등)은 물론, 국내외 민간기업전문가 등이 참여하여 디지털 전환 시대의 핵심 기반 산업으로서 공간정보의 역할을 논의하고 발전방향을 모색한다. \n 한국토지주택공사와 한국국토정보공사의 공간정보 사업계획을 온라인으로 소개하여 민간의 사업 참여를 유도하는 한편, 해외기관의 사업동향 및 최신 트렌드를 공유하고 국내기업의 최신기술을 홍보하여 사업기회를 창출하는 글로벌 쇼케이스도 개최한다.\n 전시에 참가하는 국내외 기관은 온라인 회의 시스템(채팅동시통역 등 지원)을 통해 해외 바이어와 실시간 비즈니스 미팅의 기회를 가질 수 있으며, 행사 종료 후에도 온라인 비즈니스 미팅룸을 지속 운영하여 민간의 해외사업 수주를 지원할 계획이다.\n 국토교통부 남영우 국토정보정책관은 올해는 코로나19 상황에서도 안전하면서 접근성 높은 행사운영이 가능하도록 메타버스 기반의 온라인 전시 플랫폼을 선제적으로 도입하는 등 대비해왔다며,\n 이번 엑스포를 통해 디지털뉴딜 정책의 핵심인 공간정보 산업의 최신 트렌드와 기술을 한 자리에서 보고 체험할 수 있는 절호의 기회를 놓치지 마시길 바란다고 전했다. \n",
		"passage_Cnt": 746
	},
	"Annotation": {
		"summary1": "공간정보의 최신 기술동향과 정책방향 등을 조명하는 컨퍼런스에서 공공기관 등이 참여하여 공간정보의 역할을 논의하고 발전방향을 모색한다.",
		"summary2": null,
		"summary3": "공간정보의 최신 기술동향과 정책방향 등을 조명하는 컨퍼런스에 공공기관(국토교통부국토지리정보원국토연구원 등)은 물론, 국내외 민간기업전문가 등이 참여하여 디지털 전환 시대의 핵심 기반 산업으로서 공간정보의 역할을 논의하고 발전방향을 모색한다.",
		"summary_3_cnt": 134
	}
}