{
	"Meta(Acqusition)": {
		"doc_id": "REPORT-briefing-20313",
		"doc_category": "REPORT",
		"doc_type": "briefing",
		"doc_name": "(210402) 국민권익위, 윤리준법경영지침 마련해 한국토지주택공사(LH) 등 공기업에 우선 시행(최종).hwp",
		"author": null,
		"publisher": null,
		"publisher_year": null,
		"doc_origin": "공공누리포털"
	},
	"Meta(Refine)": {
		"passage_id": "REPORT-briefing-20313-00001",
		"passage": "               \n 최근 한국토지주택공사(LH) 사태를 계기로 국민권익위원회(이하 국민권익위, 위원장 전현희)가 공기업 등의 윤리경영 문화를 정착시키기 위해 윤리준법경영지침 등을 마련하고 한국토지주택공사(LH) 등에 우선 시행한다. \n  이를 위해 국민권익위는 윤리준법경영지침과 지표 개발, 행동규범(운영규정) 제정 등에 참여할 사회각계(학계직능시민사회경제) 분야 전문가 15명을 지난달 30일 위촉했다. \n< 위촉 위원 명단> \n  국민권익위는 2018년 3월 국가 청렴성 향상과 부패방지 정책에 대한 사회각계의 의견수렴 및 정책방향 제시를 위해 결성된 청렴사회민관협의회 참여기관의 추천을 받아 15명의 위원들을 선정위촉했다.\n 국민권익위는 지난 2009년부터 기업 임직원의 윤리경영에 대한 인식과 업무역량 강화를 위해 기업 윤리경영 교육과정을 운영해 왔다. \n  이와 함께 국제사회의 반부패윤리 라운드 강화 추세에 맞춰 경제단체 등 유관기관과 소통협력을 강화하는 등 기업에서 윤리준법경영 문화가 확산정착될 수 있도록 지원했다.\n 국민권익위 전현희 위원장은 세계화 시대에 부패가 미치는 영향력이 점차 확대되고 특히 이번 한국토지주택공사(LH) 사태를 계기로 공기업 등에 대한 반부패 윤리준법경영에 대한 중요성이 크게 부각되고 있다.라고 말했다. \n  이어 기업의 경쟁력 강화와 공정하고 투명한 윤리경영체제의 정착을 위해 윤리준법경영 준수프로그램 마련에 큰 힘이 되어 달라고 위원들에게 당부했다.\n",
		"passage_Cnt": 732
	},
	"Annotation": {
		"summary1": "국민권익위는 공기업 등의 윤리경영 문화를 정착시키기 위해 윤리준법경엉지침 등을 마련하고 지표 개발, 행동규범 제정 등에 참여할 사회각계 분야 전문가 15명을 위촉했다.",
		"summary2": null,
		"summary3": "최근 한국토지주택공사(LH) 사태를 계기로 국민권익위원회(이하 국민권익위, 위원장 전현희)가 공기업 등의 윤리경영 문화를 정착시키기 위해 윤리준법경영지침 등을 마련하고 한국토지주택공사(LH) 등에 우선 시행한다. 이를 위해 국민권익위는 윤리준법경영지침과 지표 개발, 행동규범(운영규정) 제정 등에 참여할 사회각계(학계직능시민사회경제) 분야 전문가 15명을 지난달 30일 위촉했다.",
		"summary_3_cnt": 213
	}
}