{
	"Meta(Acqusition)": {
		"doc_id": "REPORT-briefing-20700",
		"doc_category": "REPORT",
		"doc_type": "briefing",
		"doc_name": "(210617) 국민권익위, “파산기업 채권에 우선 징수권 없다면 국가채권이라도 압류해제 해야”(최종).hwp",
		"author": null,
		"publisher": null,
		"publisher_year": null,
		"doc_origin": "공공누리포털"
	},
	"Meta(Refine)": {
		"passage_id": "REPORT-briefing-20700-00001",
		"passage": "               \n 기업이 파산선고를 받은 경우 국가채권이라도 우선 징수권이 없다면 압류를 해제하고 일반 파산채권과 동일하게 파산절차에 따라야 한다는 행정심판 결정이 나왔다. \n  국민권익위원회(위원장 전현희) 소속 중앙행정심판위원회(이하 중앙행심위)는 직업훈련분담금(이하‘분담금’)을 미납해 고용노동청으로부터 부동산을 압류당한 기업이 파산했다면 일반 파산채권보다 우선한다는 규정이 없는 이상 압류를 해제해야 한다고 결정했다.\n 고용노동청은 건설회사(이하 사)가 분담금 약 1억 7천만 원(가산금 포함)을 미납하자 분담금 상당의 회사 소유 부동산을 압류했다. \n  이후 법원이 사의 파산을 선고하자 사는 현금 청산을 위해 고용노동청에 압류해제를 요청했다.\n  그러나 고용노동청은 국세징수법상 압류해제 요건인 ‘압류할 필요가 없게 된 경우’에 해당하지 않는다며 사의 압류해제 요청을 거부했다. \n  이에 사는 고용노동청의 처분이 위법하다며 중앙행심위에 행정심판을 청구했다.\n 중앙행심위는 분담금 미납을 이유로 고용노동청이 사가 소유한 부동산을 압류했으나, 사가 파산하면서 분담금 채권이 파산채권에 포함됐다고 설명했다. \n  이어 분담금 채권은 일반 파산채권보다 우선한다는 규정이 없는 이상 파산절차에 따라 변제를 받아야 하므로 국세징수법에 따른 체납처분은 불가하다고 판단했다.\n  이에 중앙행심위는 더 이상 압류를 지속할 필요성이 없어 사의 압류해제 신청을 받아들여야 한다고 결정했다.\n",
		"passage_Cnt": 725
	},
	"Annotation": {
		"summary1": "분담금을 미납해 고용노동청으로부터 부동산을 압류당한 기업이 파산했다면 일반 파산채권보다 우선한다는 규정이 없는 이상 압류를 해제해야 한다고 중앙행정심판위원회는 결정했다.",
		"summary2": null,
		"summary3": "국민권익위원회(위원장 전현희) 소속 중앙행정심판위원회(이하 중앙행심위)는 직업훈련분담금(이하‘분담금’)을 미납해 고용노동청으로부터 부동산을 압류당한 기업이 파산했다면 일반 파산채권보다 우선한다는 규정이 없는 이상 압류를 해제해야 한다고 결정했다.",
		"summary_3_cnt": 137
	}
}