{
	"Meta(Acqusition)": {
		"doc_id": "REPORT-briefing-20855",
		"doc_category": "REPORT",
		"doc_type": "briefing",
		"doc_name": "(210721)보도자료_도시 속 산소 생산 공장, 도시숲을 여러분이 설계해주세요.hwp",
		"author": null,
		"publisher": null,
		"publisher_year": null,
		"doc_origin": "공공누리포털"
	},
	"Meta(Refine)": {
		"passage_id": "REPORT-briefing-20855-00001",
		"passage": " 산림청(청장 최병암)은 한국조경신문과 함께 7월 22일 온라인 사전신청을 시작으로 ‘제13회 대한민국 도시숲 설계 공모대전’을 개최한다.\n 공모대전은 미세먼지 저감, 폭염 완화, 산림치유 등 도시숲의 기능이 최대한 발휘될 수 있는 참신한 생각을 발굴하여 도시숲에 대한 국민들의 관심을 유도하고 전국의 도시숲 조성사업 현장에 적용하기 위하여 매년 개최하고 있으며, 올해의 공모 주제는 ‘도시 속 산소 생산 공장, 도시숲’이다.\n 이번 공모 대상지는 인천 부평구, 충북 충주시, 충남 서산시, 전남 순천시, 경남 고성군으로 5개소이며, 참가자는 이 중 한 곳을 선택하여 응시하면 된다.\n 사전 접수 신청기간은 7월 22일부터 8월 13일까지이고, 도시숲 설계 공모대전 공식 누리집(www.dosisoop.com)에서 신청(온라인 접수만 가능)할 수 있다. \n 향후 추진 일정은 작품접수(8.16.∼9.3.), 1차 작품심사(9월), 2차 발표심사(10월)를 거쳐 총 8개의 작품(최우수 1, 우수 2, 장려 2, 입선 3)을 시상할 계획이며, 상금은 총 1,450만 원이다. 최종 심사 결과는 10월에 발표하고, 수상작은 해당 지역 도시숲 사업 대상지의 설계 자료로 활용할 계획이다. \n 산림청 김주열 도시숲경관과장은 생활 속 어디에서나 찾을 수 있고, 이용할 수 있는 우리의 도시숲을 되돌아보고, 국민의 관심을 높이고자 이번 공모대전을 개최하게 되었다라며, 이번 공모대전에 전국의 도시숲 관련 대학(원)생과 일반인들이 많이 참여하여 본인의 능력을 뽐내는 기회를 가짐과 동시에, 출품한 설계 작품이 실제 도시숲 사업 현장에서 현실화 되는 영광도 누리시길 바란다라고 말했다.\n",
		"passage_Cnt": 824
	},
	"Annotation": {
		"summary1": "산림청은 도시숲의 기능 발휘에 대한 생각을 발굴해 전국의 도시숲 조성 사업 현장에 적용하기 위한 제13회 대한민국 도시숲 설계 공모대전을 개최한다.",
		"summary2": null,
		"summary3": "산림청(청장 최병암)은 한국조경신문과 함께 7월 22일 온라인 사전신청을 시작으로 ‘제13회 대한민국 도시숲 설계 공모대전’을 개최한다. 공모대전은 미세먼지 저감, 폭염 완화, 산림치유 등 도시숲의 기능이 최대한 발휘될 수 있는 참신한 생각을 발굴하여 도시숲에 대한 국민들의 관심을 유도하고 전국의 도시숲 조성사업 현장에 적용하기 위하여 매년 개최하고 있으며, 올해의 공모 주제는 ‘도시 속 산소 생산 공장, 도시숲’이다.",
		"summary_3_cnt": 237
	}
}