{
	"Meta(Acqusition)": {
		"doc_id": "REPORT-briefing-20367",
		"doc_category": "REPORT",
		"doc_type": "briefing",
		"doc_name": "(210415) 국민권익위, 가사도 주민 뱃길 다시 끊어지지 않도록 제도개선 착수(최종).hwp",
		"author": null,
		"publisher": null,
		"publisher_year": null,
		"doc_origin": "공공누리포털"
	},
	"Meta(Refine)": {
		"passage_id": "REPORT-briefing-20367-00001",
		"passage": "               \n 국민권익위원회(위원장 전현희, 이하 국민권익위)가 도서(섬)지역 여건 변화에 신속히 대응할 수 있는 도서지원제도 개선을 위해 관련 부처와 협의해 제도개선을 추진한다.\n  이번 제도개선 착수는 앞서 전남 진도군 본도와 가사도를 운항하는 여객선 보조금 환수로 뱃길이 다시 끊어질 위기에 처한 주민들의 집단민원을 근원적으로 해결하기 위한 조치다. \n 국토교통부와 행정안전부는 도서지역 생활환경 개선을 위해 제4차 도서종합개발계획(2018년∼2027년)을 수립해 전국 371개 도서에 1,256건의 지원 사업을 추진하고 있다. \n  현행 도서종합개발계획 변경은 지원 사업 규모와 관계없이 심의 등 관련절차 이행에 최소 6개월이 소요되고 있어 가사도 집단민원 사례와 같이 갑작스런 운항 중단으로 긴급하게 여객선이 필요한 경우 신속한 대응이 어려운 상황이다.\n  이에 따라 국민권익위는 경미한 사업 변경은 관련 행정절차를 간소화해 지방자치단체가 우선적으로 필요한 사업을 신속하게 추진할 수 있도록 관련 부처와 협의해 나갈 계획이다. \n 가사도 주민들은 2015년 3월 여객선사 적자 등으로 여객선 운항이 중단돼 대파․톳 등을 소형선박으로 출하하다가 좌초되기도 했고, 생필품 구입과 응급환자 이송에 많은 어려움을 겪어왔다.\n  이에 진도군은 도서종합개발계획 변경 신청이 승인되지 않자 가사도 주민들의 생계 곤란을 해소하기 위해 우선 급수선 예산으로 여객선을 건조해 2018년 12월부터 운항을 재개했다.\n",
		"passage_Cnt": 740
	},
	"Annotation": {
		"summary1": "국민권익위원회는 뱃길이 다시 끊어질 위기에 처한 전남 주민들의 집단민원을 근원적으로 해결하기 위해 도서 지원 제도 개선을 추진한다. ",
		"summary2": null,
		"summary3": "국민권익위원회(위원장 전현희, 이하 국민권익위)가 도서(섬)지역 여건 변화에 신속히 대응할 수 있는 도서지원제도 개선을 위해 관련 부처와 협의해 제도개선을 추진한다. 이번 제도개선 착수는 앞서 전남 진도군 본도와 가사도를 운항하는 여객선 보조금 환수로 뱃길이 다시 끊어질 위기에 처한 주민들의 집단민원을 근원적으로 해결하기 위한 조치다.",
		"summary_3_cnt": 189
	}
}