{
	"Meta(Acqusition)": {
		"doc_id": "REPORT-briefing-20547",
		"doc_category": "REPORT",
		"doc_type": "briefing",
		"doc_name": "(210525) 권익위-대전시, 대전시의회 업무협약 체결.hwp",
		"author": null,
		"publisher": null,
		"publisher_year": null,
		"doc_origin": "공공누리포털"
	},
	"Meta(Refine)": {
		"passage_id": "REPORT-briefing-20547-00001",
		"passage": " 국민권익위원회(위원장 전현희, 이하 국민권익위)는 25일 대전광역시(시장 허태정, 이하 대전시), 대전광역시의회(의장 권중순, 이하 대전시의회)와 각각 업무협약을 체결하고 반부패청렴 실천 등을 위한 정책 추진에 적극 협력하기로 했다.\n 먼저 국민권익위와 대전시는 ▴반부패청렴 정책의 공유 및 컨설팅 등 협력체계 강화 ▴이해충돌 취약분야 관리 강화 및 공직자 행동강령 준수 ▴소속 공직자에 대한 청렴교육 강화 ▴신고자 보호 및 부패공익신고 활성화를 위한 제도 확립 등 반부패청렴정책 추진을 위해 상호 협력할 계획이다. \n  이와 함께 ▴고충민원 조정‧해결, 지방 옴부즈만 운영 활성화를 위한 상호협력 ▴행정심판 제도발전을 위한 중앙대전 행정심판위원회간 협력 등 국민권익 보호를 위한 지원과 협력도 강화하기로 했다.\n 또한, 국민권익위와 대전시의회는 ▴공정하고 투명한 업무 수행 및 청렴문화 정착을 위한 지원협력 ▴이해충돌 취약분야 관리 강화 및 지방의회 의원 행동강령 준수 ▴반부패청렴 정책 시행을 위한 협력 등 반부패청렴 문화 확산을 위해 상호 협력할 예정이다.\n 아울러, 이날 대전시와의 업무협약 체결에 따른 협력의 첫걸음으로 국민권익위 양종삼 권익개선정책국장은 대전시 관계자들과 만나 제도개선 권고 과제 이행실태를 확인‧점검하고, 타 기관 법령‧제도 개선사항을 공유하는 등 제도개선 권고 과제 이행 방안을 논의한다.\n ‘국민권익위지방자치단체 간 반부패 협력 강화’는 국민권익위가 한국토지주택공사(LH) 사태와 같은 공공기관의 도덕적 해이 등을 예방하기 위해 추진하고 있는 [반부패청렴 혁신 10대 과제] 중 하나다. \n",
		"passage_Cnt": 797
	},
	"Annotation": {
		"summary1": "국민권익위원회는 대전광역시와 대전광역시의회와 각각 업무협약을 체결하고 반부패청렴 실천 등을 위해 적극적으로 협력하여 정책을 추진하기로 했다. ",
		"summary2": null,
		"summary3": "국민권익위원회(위원장 전현희, 이하 국민권익위)는 25일 대전광역시(시장 허태정, 이하 대전시), 대전광역시의회(의장 권중순, 이하 대전시의회)와 각각 업무협약을 체결하고 반부패청렴 실천 등을 위한 정책 추진에 적극 협력하기로 했다.",
		"summary_3_cnt": 130
	}
}