{
	"Meta(Acqusition)": {
		"doc_id": "REPORT-briefing-20406",
		"doc_category": "REPORT",
		"doc_type": "briefing",
		"doc_name": "(210424)보도자료_평화산림이니셔티브 사업 본격 가동.hwp",
		"author": null,
		"publisher": null,
		"publisher_year": null,
		"doc_origin": "공공누리포털"
	},
	"Meta(Refine)": {
		"passage_id": "REPORT-briefing-20406-00001",
		"passage": " 최병암 산림청장은 23일, 유엔사막화방지협약(UNCCD) 이브라임 띠아우(Ibrahim Thiaw) 사무총장과 평화산림이니셔티브 사업 승인을 위한 이사회를 화상으로 개최하였다.\n 평화산림이니셔티브는 국경을 맞대고 있는 이웃국가들 간 황폐해진 산림의 복원 등 공동협력사업 지원을 통해 국제적 생태계복원 목표달성에 기여하고, 궁극적으로 신뢰와 평화를 증진하는 프로그램이다.\n 평화산림이니셔티브는 한국이 ’19년 9월 인도에서 개최된 유엔사막화방지협약 제14차 당사국총회에서 출범시킨 이니셔티브로, 이사회는 ’20.1월 유엔사막화방지협약 사무국과 한국 산림청 간 체결한 양해각서를 기반으로 연 2회 개최된다.\n 이번 이사회에서는 평화산림이니셔티브 5개년(’21～’25) 및 ’21년 활동계획을 승인하고, 창원이니셔티브 출범 10주년 기념행사 제안과 함께 올해 국제행사 계기 산림청과 사무국 간 협력방안에 대해 논의하였다.\n 유엔사막화방지협약 사무국은 향후 5년간 5백만 불 규모의 평화산림이니셔티브 사업계획과 올해 활동계획(1백만 불)을 발표하고, 사업 설계와 개발 시 유엔환경계획(UNEP), 유엔사막화방지협약, 국제연합 식량농업기구(FAO) 등 국제기구와의 동반 관계 구축방안 등을 설명하였다.\n 최 청장은 평화산림이니셔티브의 성공적인 사업추진을 위해서는 참여국들의 의지와 협력이 무엇보다 중요하다고 강조하고, 평화산림이니셔티브가 유엔의 생태계복원 10개년 계획(UN Decade on Ecosystem Restoration)을 뒷받침하는 대표적인 정책사례가 되길 바란다면서 유엔사막화방지협약 사무국의 적극적인 리더십을 당부하였다. \n",
		"passage_Cnt": 803
	},
	"Annotation": {
		"summary1": "산림청장은 국경을 맞댄 이웃 국가들 간 공동협력사업 지원을 통해 국제적 생태계 복원을 목표로 하는 평화산림이니셔티브 사업을 승인하기 위해 이사회를 개최했다.",
		"summary2": null,
		"summary3": "최병암 산림청장은 23일, 유엔사막화방지협약(UNCCD) 이브라임 띠아우(Ibrahim Thiaw) 사무총장과 평화산림이니셔티브 사업 승인을 위한 이사회를 화상으로 개최하였다. 평화산림이니셔티브는 국경을 맞대고 있는 이웃국가들 간 황폐해진 산림의 복원 등 공동협력사업 지원을 통해 국제적 생태계복원 목표달성에 기여하고, 궁극적으로 신뢰와 평화를 증진하는 프로그램이다.",
		"summary_3_cnt": 206
	}
}