{
	"Meta(Acqusition)": {
		"doc_id": "REPORT-news_r-00205",
		"doc_category": "REPORT",
		"doc_type": "news_r",
		"doc_name": "[이코노미스트] 성장률 2%대 VS 1%대 기로에 서다",
		"author": "채호연",
		"publisher": "중앙일보",
		"publisher_year": "2020",
		"doc_origin": "중앙일보"
	},
	"Meta(Refine)": {
		"passage_id": "REPORT-news_r-00205-00005",
		"passage": "6% 증가한 62억 달러를 기록했다.\n  바이오헬스 분야는 중국·아세안 시장에서 신약 출시가 이어지고 한류·K뷰티의 영향으로 치과용 임플란트 등 의료기기 수출이 같은 기간 8.\n 5% 증가했다.\n  차세대 성장동력 품목은 2020년에도 다소간의 성장이 예상되지만 전체 수출금액에서 차지하는 비중이 아직 미미해 큰 역할을 하기는 어렵다.\n   여전히 중요한 대중 수출2020년에도 다수의 대외 하방위험이 상존하고 있다.\n  미중 무역분쟁은 언제든 다시 불거질 수 있는 상황인 데다, 미국의 자동차 고율 관세 부과 가능성, 선진국 통화긴축에 따른 영향 등이 수출 회복을 제한할 가능성이 크다.\n  특히 우리나라 수출의 27%를 차지하는 중국에 대한 수출 회복은 2020년 한국 수출 성과를 좌우할 중요한 요인이다.\n  한국무역협회의 분석에 따르면 2019년 1~10월 중 대중국 수출 감소폭은 2018년 같은 기간 대비 18.\n 0%에 달하는 것으로 나타났다.\n  대홍콩 수출을 제외하고는 가장 큰 낙폭이다.\n  같은 기간 전체 수출 감소율(-10.\n 4%)에서 대중 수출 감소가 미친 기여도는 절반가량인 -46.\n 9%에 달하는 것으로 나타났다.\n  장기적으로 대중국 수출의 비중을 낮춰가야 하지만 현재로선 대중 수출의 급감은 한국 경제에 미치는 영향이 과도하다.\n  이런 관점에서 최근 중국에 대한 수출 감소율이 낮아지고 있는 것은 긍정적이다.\n  산업부에 따르면 2019년 11월 전년 대비 중국 수출 감소율은 2019년 4월(-4.\n 6%) 이후 가장 낮은 -12.\n 2% 수준으로 개선됐다.\n  하지만 미중 무역갈등이 다시 심화될 경우 대중 수출에 다시 빨간불이 켜질 가능성은 열려있다.\n  중국 경제 성장이 더뎌지고 있으며 내수 시장 부진이 이어지고 있다는 것도 대중수출 확대를 기대하기 어렵게 만든다.\n  중국의 경제성장률은 2018년 1분기 6.\n 5%에서 2019년 3분기 6.\n 0%로 지속 감소하고 있다.\n   변화하는 무역환경 리스크 대응 중요성 커져수출 회복에 나서는 한국의 2020년은 글로벌 통상질서의 위기를 극복해야 하는 시기이기도 해서 더 엄중하게 다가온다.\n  25년간 세계 무역질서로 자리매김한 세계무역기구(WTO) 다자무역체제에 대한 위기론이 커지고 있기 때문이다.\n  각국의 보호무역 조치는 더욱 강화될 것으로 보인다.\n  특히 미국·인도·중국 등 우리 주요 수출시장의 보호무역조치는 수위와 강도가 확대·강화될 전망이다.\n ",
		"passage_Cnt": 1208
	},
	"Annotation": {
		"summary1": "중국 경제 성장의 침체와 미중 무역분쟁이 불거질 수 있는 상황 때문에 대중 수출 확대가 제한될 수 있으며 한국은 글로벌 통상질서 위기를 극복해야 하기 때문에 문제가 엄중하다.",
		"summary2": null,
		"summary3": "미중 무역분쟁은 언제든 다시 불거질 수 있는 상황인 데다, 미국의 자동차 고율 관세 부과 가능성, 선진국 통화긴축에 따른 영향 등이 수출 회복을 제한할 가능성이 크다. 중국 경제 성장이 더뎌지고 있으며 내수 시장 부진이 이어지고 있다는 것도 대중수출 확대를 기대하기 어렵게 만든다. 변화하는 무역환경 리스크 대응 중요성 커져수출 회복에 나서는 한국의 2020년은 글로벌 통상질서의 위기를 극복해야 하는 시기이기도 해서 더 엄중하게 다가온다.",
		"summary_3_cnt": 248
	}
}