{
	"Meta(Acqusition)": {
		"doc_id": "REPORT-news_r-00047",
		"doc_category": "REPORT",
		"doc_type": "news_r",
		"doc_name": "김정은 입 거칠어졌지만 트럼프 욕 안해···한미 \"최악은 피했다\"",
		"author": "이유정",
		"publisher": "중앙일보",
		"publisher_year": "2020",
		"doc_origin": "중앙일보"
	},
	"Meta(Refine)": {
		"passage_id": "REPORT-news_r-00047-00001",
		"passage": " 새해 첫날 북한이 내놓은 대외 메시지에 김정은 북한 국무위원장이 예고했던 ‘새로운 길’은 없었다.\n  결론적으로 “최악은 피했다”는 것이 한·미 간 평가라는 후문이다.\n  이날 이도훈 외교부 한반도평화교섭본부장은 스티븐 비건 미 국무부 부장관 겸 대북특별대표와 전화 통화를 갖고 이 같은 의견을 공유했다.\n  북·미 협상에 정통한 소식통은 “전반적으로 우려했던 수준보다는 완화된 톤”이라며 “전략무기를 거론해 미국을 압박하는 동시에, 대미 협상 여지를 남기면서 공을 미국으로 넘긴 것으로 본다”고 설명했다.\n    ①미국으로 공 넘기며 진지전 돌입하는 북한 조중통은 북·미 대화와 관련, 김 위원장은 “미국의 본심은 대화와 협상의 간판을 걸어놓고 흡진갑진(시간을 끌며 흥정하는 모양)하며 저들의 정치ㆍ외교적 잇속을 차리는 동시에, 제재를 계속 유지해 우리 힘을 소모ㆍ약화 시키자는 것으로 낙인(결론)했다\"고 밝혔다.\n  북한의 상황 평가다.\n  그러면서 “미국이 (이같은) 강도적인 태도를 취하고 있어 조미(북미) 간 교착 상태는 불가피하게 장기성을 띠게 됐다”고 평가했다.\n   앞서 미국은 지난달 11일 유엔 안전보장이사회(안보리) 북한 비확산 토의를 소집해 공개적으로 북한에 대화 메시지를 냈다.\n  뒤이어 방한한 비건 대표는 “당신들은 어떻게 연락할지 알고 있을 것”이라며 공개적으로 만남을 제안했다.\n  비건 대표는 방한에 앞서 판문점에서 북측과 접촉하고 싶다는 의사를 전달했지만, 북측은 응답하지 않았다.\n  김 위원장의 발언은 거부 의사를 재확인했다고 볼 수 있다.\n  조중통에 따르면 김 위원장은 “미국이 대화 재개 문제를 여기저기 들고 다니며 횡설수설하는데, 이는 애당초 우리가 정한 연말 시한부를 무난히 넘겨 시간벌이를 해보자는 것뿐”이라고 평가절하했다.\n  다만, 김 위원장은 “우리 억제력 강화의 폭과 심도는 미국의 대조선 입장에 따라 상향 조정될 것”이라고 강조했다.\n  공을 또다시 미국 쪽으로 넘기며 협상 장기화에 대비한 진지전 돌입을 예고했다.\n   ②거칠어 진 입, 여지는 남겼다 김 위원장의 1일 메시지는 ‘미국이 태도를 바꾸지 않으면 도발 수위를 계속 높여가겠다’는 것이었다.\n  조중통에 따르면 김 위원장은 “우리가 신뢰 구축을 위해 핵시험ㆍ대륙간탄도로케트 시험발사 중지, 핵시험장을 폐기하는 선제조치를 한 2년 동안 미국은 우리를 압살하려했다”며 “우리가 (이에) 더이상 일방적으로 매여있을 근거가 없어졌다”라고도 했다.\n ",
		"passage_Cnt": 1211
	},
	"Annotation": {
		"summary1": "북한이 내놓은 대외 메세지에 새로운 길은 없었고 이 외교부 본부장은 미 국무부 부자완과 전화 통화를 갖고 결론적으로 최악은 피했다는 의견을 공유했다. ",
		"summary2": null,
		"summary3": "새해 첫날 북한이 내놓은 대외 메시지에 김정은 북한 국무위원장이 예고했던 ‘새로운 길’은 없었다. 이날 이도훈 외교부 한반도평화교섭본부장은 스티븐 비건 미 국무부 부장관 겸 대북특별대표와 전화 통화를 갖고 이 같은 의견을 공유했다. 결론적으로 “최악은 피했다”는 것이 한·미 간 평가라는 후문이다.",
		"summary_3_cnt": 168
	}
}