{
	"Meta(Acqusition)": {
		"doc_id": "REPORT-news_r-00093",
		"doc_category": "REPORT",
		"doc_type": "news_r",
		"doc_name": "증거는 위성사진 한컷뿐···미·중 항모 남중국해 대치 진실게임",
		"author": "유상철",
		"publisher": "중앙일보",
		"publisher_year": "2020",
		"doc_origin": "중앙일보"
	},
	"Meta(Refine)": {
		"passage_id": "REPORT-news_r-00093-00001",
		"passage": "중국의 첫 국산 항공모함 산둥함(山東艦)과 미 항모 에이브러햄 링컨함이 성탄절인 지난달 25일 남중국해에서 처음으로 ‘대치’하는 상황이 벌어졌다는 소식이 인터넷 공간에서 빠르게 퍼지고 있다.\n  미·중 양국 정부가 모두 침묵으로 일관하고 있어 진위 논쟁도 뜨겁다.\n   중화권 인터넷 매체인 둬웨이(多維)와 중국 환구시보(環球時報) 등에 따르면 현재 트위터 등 소셜네트워크서비스(SNS)에는 위성사진 한 컷에 잡힌 산둥함과 링컨함의 모습이 첫 ‘대치’ 상황으로 해석되며 돌고 있는 중이다.\n  대만의 자유시보(自由時報)는 이 위성사진이 중국의 고해상도 관측 위성인 ‘가오펀(高分)-3호’가 촬영한 것으로 보인다는 분석까지 내놓았다.\n  사진을 보면 왼쪽 상단에 산둥함이 세 척의 군함 호위를 받으며 삼각형 대형을 이루고 있다.\n  오른쪽 중간 부분은 링컨함으로 챈슬러즈빌 미사일 순양함과 리처드-버드 탄약 보급함 등의 지원을 받고 있다.\n  지난달 17일 취역한 산둥함의 주요 작전 범위는 남중국해인데 당시 대만해협으로 향하고 있던 상황으로 알려졌다.\n   실제 산둥함은 지난달 26일 여러 함정의 호위 하에 대만해협을 통과했다.\n  또 링컨함은 당시 인도양에서의 임무를 마치고 일본에 있는 사세보(佐世保) 해군기지로 돌아가고 있던 상황으로 전해졌다.\n   환구시보는 미 해군학회(USNI) 홈페이지를 검색한 결과 링컨함이 지난달 23일 말라카 해협을 통과해 남중국해에 진입했으며 30일에는 이미 필리핀 동쪽 해역을 항해하고 있었다고 보도했다.\n 이런 정황 때문에 미·중 항모가 근접 거리에서 조우하는 상황이 벌어졌다는 소식은 설득력을 얻고 있다.\n   그렇다면 두 항모가 맞붙으면 어떤 결과가 발생할까.\n  자연스레 들게 되는 이 같은 궁금증을 풀기라도 하려는 듯 둬웨이는 두 항모를 간략하게 비교했다.\n  물론 중국이 열세다.\n  링컨함은 배수량이 10만t을 넘는데 산둥함은 7만t에 미치지 못한다.\n  일단 덩치에서 밀린다.\n  또 링컨함에 탑재하는 함재기가 90여 대에 이르는 데 산둥함은 36대다.\n    전투기 이륙 방식도 링컨함은 사출기 방식으로 빠르게 출격할 수 있으나 산둥함은 앞부분이 들려 있는 스키점프식 활주로를 사용해 뒤떨어진다.\n  또 산둥함이 재래식 디젤엔진인데 반해 링컨함은 원자력 추진 항모로 작전 거리에서 앞선다.\n  여러모로 산둥함이 부족한 게 많지만, 중국에선 그래도 미 항모와 맞설 수 있는 항공모함을 중국이 독자적으로 개발해 보유하고 있다는 사실 자체가 위안이 되는 모양새다.\n ",
		"passage_Cnt": 1241
	},
	"Annotation": {
		"summary1": "위성사진 한 컷에 잡힌 중국 산둥함과 미국 링컨함의 모습이 대치 상황으로 해석되고 있는 와중에 미·중 양국 정부가 모두 침묵하고 있어 진위 논쟁이 뜨겁게 일고 있다.",
		"summary2": null,
		"summary3": "중국의 첫 국산 항공모함 산둥함(山東艦)과 미 항모 에이브러햄 링컨함이 성탄절인 지난달 25일 남중국해에서 처음으로 ‘대치’하는 상황이 벌어졌다는 소식이 인터넷 공간에서 빠르게 퍼지고 있다. 미·중 양국 정부가 모두 침묵으로 일관하고 있어 진위 논쟁도 뜨겁다. 중화권 인터넷 매체인 둬웨이(多維)와 중국 환구시보(環球時報) 등에 따르면 현재 트위터 등 소셜네트워크서비스(SNS)에는 위성사진 한 컷에 잡힌 산둥함과 링컨함의 모습이 첫 ‘대치’ 상황으로 해석되며 돌고 있는 중이다.",
		"summary_3_cnt": 270
	}
}