{
	"Meta(Acqusition)": {
		"doc_id": "REPORT-news_r-00072",
		"doc_category": "REPORT",
		"doc_type": "news_r",
		"doc_name": "진중권, 유시민 맹공 \"알릴레오 안 본다, 판타지 싫어해서\"",
		"author": "박해리",
		"publisher": "중앙일보",
		"publisher_year": "2020",
		"doc_origin": "중앙일보"
	},
	"Meta(Refine)": {
		"passage_id": "REPORT-news_r-00072-00001",
		"passage": " 최근 ‘조국 사태’ 등을 두고 온라인 설전을 벌여온 진중권 전 동양대 교수와 유시민 노무현재단 이사장이 1일 방송 토론에서 맞붙었다.\n  둘은 이날 ‘JTBC 신년특집 토론회’에서 언론 개혁을 주제로 토론을 펼쳤다.\n  손석희 앵커가 진행했고, 이창현 국민대 교수와 정준희 한양대 겸임교수도 토론자로 참여했다.\n    손 앵커는 “출연자 4분이 전부 진보인사”라고 했지만 진 전 교수와 유 이사장은 시작부터 격돌했다.\n  손 앵커가 “‘기레기’라는 단어가 정당한가”라며 최근의 언론 보도 행태를 화두로 꺼내자 유 이사장은 “보도의 품질이 너무 낮아서 그렇다.\n  독자들이 미디어가 일방적으로 자기들이 말하고 싶은 걸 쏟아 낸다고 생각해 적개심을 느끼는 것이다”라고 설명했다.\n   이에 진 전 교수는 유튜브 방송 ‘유시민의 알릴레오’를 타깃 삼으며 정면으로 반박했다.\n  그는 “알릴레오 시청자는 기자들 리스트를 만든다.\n  제대로 일하는 기자들을 리스트 (만들어) 좌표를 찍고 공격을 한다”며 “(기자의) 가족의 신상 파서 기레기라고 비난한다.\n  (그런 신상털기가) 집단화 조직화 일상화 되고 있다”고 했다.\n     이어 “(알릴레오방송 중에) 김경록씨가 내가 생각해도 증거 인멸이 맞는다고 발언한 부분이 있다.\n  그걸 실제 방송에선 뺏다”며 “증거 인멸이 아니라 증거 보전이라고 했다.\n  농담인 줄 알았다.\n  이런 아재 개그 하지 마라”고도 했다.\n     앞서 유 이사장이 9월 24일 ‘알릴레오’에서 정경심 동양대 교수가 하드디스크를 빼돌린 것을 두고 “증거인멸이 아니라 증거보전”이라고 말한 것을 반박한 것이다.\n     진 전 교수는 스탈린과 히틀러를 예로 들면서 ‘알릴레오’가 전체주의를 부추기고 있다고 직격탄을 날렸다.\n  그는 “일종의 피해망상인데 검찰이 압수수색을 해서 증거를 왜곡할 수 있다는 이런 말도 안 되는 것을 대중에게 믿게 한다”며 “제가 경고하는데 유 이사장님의 망상을 대중들은 현실로 믿고 있다.\n  구사하는 언어가 선동의 언어”라고 했다.\n  또 “나는 알릴레오를 보지 않는다.\n  판타지물을 싫어해서…”라고도 했다.\n  유 이사장은 “이런 것에 바로 답하면 토론이 엉망 된다”며 “기술의 발달로 한국 언론이 적응의 위기에 봉착해 있는 것이다”며 슬쩍 비껴갔다.\n     하지만 진 전 교수는 공격을 이어갔다.\n  조 교수 아들의 대리시험 의혹을 고리로 했다.\n  이와 관련 유 이사장은 최근 ‘알릴레오’에서 “대리시험이 아니라 오픈북 시험”이라며 “검찰 기소가 깜찍하다”고 했다.\n ",
		"passage_Cnt": 1248
	},
	"Annotation": {
		"summary1": "손석희 앵커가 진행하는 JTBC 신년특집 토론회에서 오 이사장과 진 전 교수가 맞붙었다.",
		"summary2": null,
		"summary3": "최근 ‘조국 사태’ 등을 두고 온라인 설전을 벌여온 진중권 전 동양대 교수와 유시민 노무현재단 이사장이 1일 방송 토론에서 맞붙었다. 손석희 앵커가 진행했고, 이창현 국민대 교수와 정준희 한양대 겸임교수도 토론자로 참여했다. 둘은 이날 ‘JTBC 신년특집 토론회’에서 언론 개혁을 주제로 토론을 펼쳤다.",
		"summary_3_cnt": 171
	}
}