{
	"Meta(Acqusition)": {
		"doc_id": "REPORT-news_r-00140",
		"doc_category": "REPORT",
		"doc_type": "news_r",
		"doc_name": "\"곤, 프랑스여권 2권 갖고 있었다\"…레바논 대통령 '보호' 약속",
		"author": "김상진",
		"publisher": "중앙일보",
		"publisher_year": "2020",
		"doc_origin": "중앙일보"
	},
	"Meta(Refine)": {
		"passage_id": "REPORT-news_r-00140-00001",
		"passage": " 카를로스 곤(65) 전 닛산자동차 회장의 레바논 도주를 둘러싼 미스터리가 꼬리를 물고 있다.\n  곤 전 회장이 출국하기 전 프랑스 여권을 2권 보유하고 있었다는 증언이 나왔다.\n  2일 NHK는 곤 전 회장 측 관계자를 인용해 \"곤 피고가 프랑스로부터 2권의 여권을 발급받았다\"며 \"법원의 허가를 얻어 이중 1권을 자물쇠가 달린 케이스에 넣은 상태로 휴대하고 다녔다\"고 전했다.\n   그간엔 다중국적자인 곤이 자신의 레바논, 브라질, 프랑스 여권을 일본인 변호사에게 전부 맡긴 것으로 알려졌지만 이외에 또 다른 여권이 있었다는 것이다.\n  곤이 이 여권을 이용해 레바논에 입국했을 가능성도 높다.\n  레바논 치안 당국자는 NHK에 \"곤으로 보이는 남성이 레바논에 입국할 때 그의 서명이 있는 프랑스 여권을 제시했다\"고 밝혔다.\n   곤은 일본에선 법망을 피해 무단 출국하면서도 레바논에는 적법한 절차로 입국한 셈이다.\n  이 때문에 도주를 준비하는 과정에서 레바논 당국과 사전에 논의했을 가능성이 거론된다.\n  곤의 송환 문제를 놓고 일본과 레바논 간 외교 공방이 일어날 것에 대비한 조치라는 것이다.\n  일본은 레바논과 범죄인 인도협정을 맺고 있지 않아 레바논 정부가 적극 협조하지 않는 한 송환은 불가능하기 때문이다.\n   실제 레바논 정부가 곤의 도주에 관여했다는 보도도 잇따르고 있다.\n  파이낸셜타임스(FT)는 “지난달 20일 레바논 정부가 곤의 송환을 일본 정부에 요청했다”며 “레바논 정부가 도주에 관여했을 가능성이 커지고 있다”고 1일 전했다.\n    FT는 곤의 도주 계획을 상세하게 알고 있는 복수의 인물을 인용해 “지난해 10월부터 곤은 도주 준비를 시작했고, 레바논 정부의 송환 움직임도 강해졌다”며 “미셸 아운 레바논 대통령이 지난달 20일 레바논을 찾은 스즈키 게이스케(鈴木馨祐) 외무성 부대신에게 송환을 직접 요청했다”고 전했다.\n   일본 정부 내에선 도주 직전 이런 요청이 들어온 것을 우연으로 보기 힘들다는 지적이 나온다.\n  곤이 레바논 입국 직후 아운 대통령을 면담했으며 현지 보도까지 나오면서 이런 우려는 점점 커지는 상황이다.\n  아운 대통령이 곤에게 \"레바논 시민으로서 보호하겠다\"는 약속까지 한 것으로 전해진다.\n      아운 대통령과 곤이 기독교계 마론파 신자라는 공통점도 의혹 대상이다.\n  지지통신은 \"종파 대립의 역사를 가진 레바논에서 두 사람은 동포\"라면서 \"레바논 정부 인사 중 가장 곤에게 가까운 사람이 대통령\"이라고 짚었다.\n ",
		"passage_Cnt": 1225
	},
	"Annotation": {
		"summary1": "레바논 당국자가 곤으로 보이는 남성이 프랑스 여권으로 입국했다고 밝힘에 따라 일본을 무단 출국한 곤이 레바논 당국과 사전에 논의했을 가능성이 거론된다.",
		"summary2": null,
		"summary3": "이 때문에 도주를 준비하는 과정에서 레바논 당국과 사전에 논의했을 가능성이 거론된다. 레바논 치안 당국자는 NHK에 \"곤으로 보이는 남성이 레바논에 입국할 때 그의 서명이 있는 프랑스 여권을 제시했다\"고 밝혔다. 곤은 일본에선 법망을 피해 무단 출국하면서도 레바논에는 적법한 절차로 입국한 셈이다.",
		"summary_3_cnt": 168
	}
}