{
	"Meta(Acqusition)": {
		"doc_id": "REPORT-news_r-00073",
		"doc_category": "REPORT",
		"doc_type": "news_r",
		"doc_name": "최장집 \"文정부 적폐청산은 큰 방향착오···극한대립 불렀다\"",
		"author": "김선영",
		"publisher": "중앙일보",
		"publisher_year": "2020",
		"doc_origin": "중앙일보"
	},
	"Meta(Refine)": {
		"passage_id": "REPORT-news_r-00073-00001",
		"passage": "대한민국 정치가 위기다.\n  의회정치는 사라지고 광장정치만 요란하다.\n  극단의 목소리를 아우르는 중간지대도 없고, 그걸 키우려는 세력도 없다.\n  “오늘의 정치 현실을 위기라고 규정한다면 그건 극복돼야 하거나 크게 개선돼야 할 상황을 맞고 있다는 것”이라는 최장집 고려대 명예교수를 만난 건 2020 한국 정치의 돌파구에 대한 갈증 때문이었다.\n  인터뷰는 최 교수의 서울 광화문 개인연구실에서 이뤄졌다.\n  증오와 배타가 지배하는 한국 정치에 다시 희망의 싹을 틔우기 위해 해야 할 일로 최 교수는 “정돈된 공론의 장”과 “협치의 부활”을 꼽았다.\n  촛불시위 이후 2017년 책 『양손잡이 민주주의』를 낼 때만 해도 “처음으로 자유로운 정치 공간이 열릴 수 있을 것”이라고 예견했다.\n  하지만 2년 만에 민주주의의 위기를 얘기하고 있다.\n  왜 이렇게 역설적인 상황이 되었나.\n “문재인 정부가 한국 정치에서 굉장히 중요한 전환점이란 걸 깊이있게 이해하고 정치를 바꿀 수 있는 하나의 계기로 만들었으면 대전환의 전기가 될 수도 있었겠다.\n  한데 그러지 못하고 오히려 반대되는 결과를 만들어 내면서 이것이 위기로 표현되는 게 아닌가 생각한다.\n ” 최 교수는 지난달 9일 김대중도서관에서 ‘한국 민주주의의 공고화, 위기, 그리고 새 정치 질서를 위한 대안’이란 주제로 기조강연을 했다.\n  당시 그는 “프랑코 독재 치하에서 가장 심한 박해를 당했고, 수십 년을 망명 속에서 투쟁을 지휘한 공산당 당수 산티아고 카리요가 기억에 남을 말을 했는데, 민주화에 참여하는 모든 정치행위자들이 ‘과거를 파헤치지 않을 것’을 호소했다”고 강조했다.\n  과거를 파헤치는 건 과거의 갈등을 되풀이하는 것 말고 얻을 게 아무것도 없다면서다.\n  적폐 청산이 문제였나.\n “촛불시위 이후의 정치에 대응하는 방식에서 가장 큰 ‘방향 착오’가 적폐청산이라고 생각한다.\n  당시 나 자신도 촛불시위와 박근혜 정부 탄핵은 피할 수 없는 것이고, 긍정적일 수 있는 전기라고 생각했다.\n  그러나 결과는 정당정치가 작동할 수 없을 정도로 양극화가 극대화되고 있다.\n  탄핵 이후 상황을 다루는 과정에서 정당들이 서로 수용할 수 있는, 탄핵 이후 체제를 위한 합의를 이끌어내는 공동의 노력을 진지하게 기울였어야 했던 것이 아닌가 하고 되돌아보게 된다.\n  앞으로 극한적인 정치세력 간 대립이 한국 민주주의를 위기에 빠트리지 않을까 지극히 우려스럽다.\n ” 문 대통령의 취임사는 통합에 비중을 뒀었다.\n ",
		"passage_Cnt": 1219
	},
	"Annotation": {
		"summary1": "극단의 목소리를 아우르는 중간지대가 없어진 대한민국 정치는 광장 정치만 요란하며 최 교수는 정치 현실을 크게 개선돼야 할 상황이라고 말했다.",
		"summary2": null,
		"summary3": "대한민국 정치가 위기다. 의회정치는 사라지고 광장정치만 요란하다. 극단의 목소리를 아우르는 중간지대도 없고, 그걸 키우려는 세력도 없다. “오늘의 정치 현실을 위기라고 규정한다면 그건 극복돼야 하거나 크게 개선돼야 할 상황을 맞고 있다는 것”이라는 최장집 고려대 명예교수를 만난 건 2020 한국 정치의 돌파구에 대한 갈증 때문이었다.",
		"summary_3_cnt": 190
	}
}