{
	"Meta(Acqusition)": {
		"doc_id": "REPORT-news_r-00032",
		"doc_category": "REPORT",
		"doc_type": "news_r",
		"doc_name": "“경선 밀리신거냐” 그 말에···예비후보 벌써 등록한 현역 8명",
		"author": "김효성",
		"publisher": "중앙일보",
		"publisher_year": "2020",
		"doc_origin": "중앙일보"
	},
	"Meta(Refine)": {
		"passage_id": "REPORT-news_r-00032-00001",
		"passage": "올해 4월 치러지는 총선 예비후보로 지난 12월 말 기준 여야 현역 의원 8명이 등록을 마친 것으로 나타났다.\n  통상 정치 신인이 지역구에 얼굴을 일찍 알리는 이점을 활용하기 위해 조기에 예비후보로 등록하지만 굳이 서두를 필요가 없는 현역 의원은 늦추는 게 관례다.\n  하지만 이들 현역 8명은 일찌감치 예비후보 명단에 이름을 올려놓고 본격적인 선거운동에 돌입했다.\n  1일 중앙선거관리위원회에 따르면, 지난해 12월 31일 기준 예비후보 명부에 등록된 현역 의원은 민주당 심재권·신창현·박경미·전재수·박재호·최인호 의원, 자유한국당 윤종필 의원, 대안신당 천정배 의원 등 총 8명이다.\n  이들은 새로 연 선거사무소 앞에 '기호 ◇번 예비후보 OOO'라고 적힌 대형 현수막을 내걸기도 하고 연말연시 유동인구가 많은 곳에서 유권자들에게 명함을 돌리며 눈도장을 찍고 있다.\n  예비후보로 등록하면 ▶선거사무소 설치 ▶선거운동용 명함 배부 ▶어깨띠·표지물 착용 ▶전화 지지 호소 ▶예비후보자 홍보물 발송 등의 선거운동을 할 수 있다.\n  이때문에 유권자 접촉이 급한 정치 신인들은 예비후보 등록을 서두르는 경우가 많다.\n  하지만 현역 의원이 예비후보에 조기 등록하는 건 드문 일이다.\n  민주당 한 의원은 \"연말연시 행사에 가면 축사에서 '예산 따왔다'고 홍보할 수 있지만 예비후보 등록 후에는 행사 취지에 맞는 말만 해야 해 불리할 수 있다\"고 했다.\n  이에 따라 상당수 현역 의원들은 이달 15일까지가 기한인 의정보고를 마치면 16일부터 예비후보 등록을 한다는 계획이다.\n  8명이 '현역 프리미엄'을 내려놓고 서둘러 예비후보 등록에 나선 이유는 뭘까.\n  '경쟁자 등판에 조기 총선모드'  서울 강동을이 지역구인 심재권 민주당 의원은 예비후보 등록 개시 이틀째인 지난달 18일 예비후보에 등록했다.\n  16대·19대·20대 총선 때 줄곧 이 지역에서 당선된 심 의원은 이번 예비후보 등록을 통해 21대 총선 출마 의지를 분명히 했다.\n  이해식 민주당 대변인도 같은 날 이 지역구에 예비후보 등록을 마쳤다.\n  당내에서는 강동구청장 출신 이 대변인과 심 의원의 대결이 치열한 승부가 될 거란 전망이 많다.\n  민주당 관계자는 \"심 의원이 예비후보에 등록했다는 것은 당내 경선에서부터 지역구를 반드시 사수하겠다는 뜻 아니겠느냐\"고 풀이했다.\n  신창현 민주당 의원은 지난달 17일 예비후보 등록을 마쳤다.\n  신 의원 지역구인 경기 의왕-과천에는 신 의원을 포함해  민주당 예비후보 4명이 등록했다.\n ",
		"passage_Cnt": 1236
	},
	"Annotation": {
		"summary1": "여야 의원 8명이 일찍부터 총선 예비후보로 등록하여 본격적인 선거운동에 돌입했다.",
		"summary2": null,
		"summary3": "올해 4월 치러지는 총선 예비후보로 지난 12월 말 기준 여야 현역 의원 8명이 등록을 마친 것으로 나타났다. 통상 정치 신인이 지역구에 얼굴을 일찍 알리는 이점을 활용하기 위해 조기에 예비후보로 등록하지만 굳이 서두를 필요가 없는 현역 의원은 늦추는 게 관례다. 하지만 이들 현역 8명은 일찌감치 예비후보 명단에 이름을 올려놓고 본격적인 선거운동에 돌입했다.",
		"summary_3_cnt": 203
	}
}