{
	"Meta(Acqusition)": {
		"doc_id": "REPORT-news_r-00110",
		"doc_category": "REPORT",
		"doc_type": "news_r",
		"doc_name": "11월 온라인쇼핑 거래액 사상 최대치 조기 경신…월 12조원↑",
		"author": "허정원",
		"publisher": "중앙일보",
		"publisher_year": "2020",
		"doc_origin": "중앙일보"
	},
	"Meta(Refine)": {
		"passage_id": "REPORT-news_r-00110-00001",
		"passage": "지난해 11월 온라인 쇼핑 거래액이 처음으로 월 12조원을 넘어섰다.\n  1인 가구 증가 등으로 음식 서비스 시장이 가파르게 상승하고 있는 데다 11월 코리안세일페스타 등 대규모 할인행사가 겹친 영향이다.\n  이에 따라 지난해 11월까지 누적 거래액만 종전 연간 최대치를 넘어서는 등 온라인 시장 규모가 가파르게 커지고 있다.\n  크리스마스 등 연말 소비 성수기를 고려하면 지난해 온라인 쇼핑 거래액은 처음으로 130조원을 돌파할 전망이다.\n 음식 서비스 거래액 2배 늘어…월 1조원 돌파2일 기획재정부가 발표한 '11월 온라인쇼핑 동향'에 따르면 지난해 11월 온라인쇼핑 거래액은 총 12조7576억원으로 전년 동월보다 20.\n 2% 증가했다.\n  한 달에 온라인쇼핑 거래액이 12조원을 넘은 것은 이번이 처음이다.\n   1인 가구가 늘면서 배달 앱 등 지난해 11월 음식 서비스 거래액이 1년 전보다 100.\n 3% 증가한 1조242억원을 기록했다.\n  월 온라인 음식 서비스 거래액이 1조원을 넘은 것도 처음이다.\n  또 지난해 11월 1~22일 코리안세일페스타에다 블랙프라이데이·사이버먼데이 등 국내외 대규모 할인 행사로 해외 직구도 늘어났다.\n  중국 등 외국인 관광객 증가로 온라인 면세점 거래가 늘어나면서 화장품 거래액도 32% 늘었다.\n  이에 따라 지난해 1~11월 온라인 쇼핑 거래액은 총 121조9810억원을 기록해 기존 최대치인 지난해 113조 7297억원을 조기에 넘어섰다.\n  크리스마스 등으로 쇼핑 성수기인 12월을 고려하면 지난해 연간 온라인 쇼핑 거래액은 130조원을 가뿐히 넘어설 것으로 관측된다.\n  100만원 중 30만원 온라인 소비백화점·면세점 등 오프라인 쇼핑 거래액은 상대적으로 부진한 영향으로, 11월 전체 소매판매액에서 온라인쇼핑 거래액이 차지하는 비중(30.\n 4%)은 처음으로 30%를 넘어섰다.\n  전년 동월(26%)보다 4%포인트 이상 늘었다.\n  소비자 1명이 월 100만원을 소비한다고 했을 때 30만원 이상은 온라인으로 쓴다는 얘기다.\n  e 쿠폰 서비스, 음식 서비스 등을 제외한 '온라인 상품 거래액'만 따져도 23.\n 1%로 역시 동월 최대치를 기록했다.\n  이에 따라 내년에도 온라인 쇼핑 사이트들은 다양한 쇼핑 편의를 제공할 예정이다.\n  신세계그룹의 온라인플랫폼인 SSG닷컴은 내년 새벽 배송을 늘릴 계획이다.\n  최근 경기도 김포에 세 번째 온라인 자동물류센터 가동을 통해 현재 5000건인 새벽 배송 물량을 내년 초 1만건까지 늘린다는 계획이다.\n ",
		"passage_Cnt": 1243
	},
	"Annotation": {
		"summary1": "1인 가구 증가 등으로 음식 서비스 시장이 가파르게 상승하고 있고 외국인 관광객 증가로 면세점 거래가 늘어나면서 온라인 쇼핑 거래액은 기존 최대치를 조기에 넘어섰다.",
		"summary2": null,
		"summary3": "중국 등 외국인 관광객 증가로 온라인 면세점 거래가 늘어나면서 화장품 거래액도 32% 늘었다. 이에 따라 지난해 1~11월 온라인 쇼핑 거래액은 총 121조9810억원을 기록해 기존 최대치인 지난해 113조 7297억원을 조기에 넘어섰다. 1인 가구 증가 등으로 음식 서비스 시장이 가파르게 상승하고 있는 데다 11월 코리안세일페스타 등 대규모 할인행사가 겹친 영향이다.",
		"summary_3_cnt": 209
	}
}