{
	"Meta(Acqusition)": {
		"doc_id": "REPORT-news_r-00217",
		"doc_category": "REPORT",
		"doc_type": "news_r",
		"doc_name": "지난 여름 사상 최악 온난화 경험한 영국…'수소'에서 대안 찾나",
		"author": "권유진",
		"publisher": "중앙일보",
		"publisher_year": "2020",
		"doc_origin": "중앙일보"
	},
	"Meta(Refine)": {
		"passage_id": "REPORT-news_r-00217-00001",
		"passage": " 지구가 점점 뜨거워지고 있다.\n  세계기상기구(WMO)는 1880년 관측을 시작한 이래, 지난 2019년이 세 손가락 안에 꼽힐 만큼 더운 해였을 것이라는 예상을 내놨다.\n  실제 이상 기온의 징후는 최근 더 도드라지고 있다.\n  영화 ‘겨울왕국’의 배경으로 알려진 노르웨이에서는 한겨울이어야 할 1월, 영상의 따뜻한 날씨가 이어지고 있다.\n  일부 지역은 예년 1월 평균보다 25℃나 높은 기온이 이어지고 있다고 한다.\n    지난해 여름에는 세계 곳곳에서 유례없는 폭염이 이어졌다.\n  특히 유럽 지역에서 기록적인 폭염이 이어졌고, 영국도 최고기온 신기록(38.\n 7도)을 세웠다.\n  안토니우 구테흐스 유엔 사무총장은 지난해 12월 제25차 유엔기후변화협약 당사국총회(COP25)를 앞두고 이젠 기후 위기가 돌이킬 수 없는 지점에 이르렀다고 경고하기도 했다.\n  구테흐스 총장은 “수십년동안 인류는 이 행성(지구)과 전쟁을 해왔고, 이제 이 행성이 반격하고 있다”며 탄소배출 억제를 위한 주요 경제국들의 노력이 완전히 불충분했음을 비난했다.\n    이 가운데 영국은 해법 모색의 일환으로 2050년까지 탄소의 순배출량을 ‘제로’(0)로 줄이겠다고 ‘탄소 중립’을 공식 선언했다.\n  구체적인 내용은 2035년까지 신차를 모두 전기차로 대체하고 저탄소 발전 비중을 4배로 확대하는 방안 등이다.\n  탄소 중립은 지구온난화를 일으키는 탄소의 배출량만큼 신재생 에너지 발전 등을 통해 이를 상쇄해 실질적인 탄소 배출량을 ‘0’으로 만드는 것을 뜻한다.\n  '제로 탄소' 꿈에 한발 다가설까 영국이 탄소 배출량을 줄이는 대안 중 하나로 택한 게 바로 ‘수소’다.\n  BBC는 현재 쓰이고 있는 천연가스에 최대 20%의 수소를 혼합해 사용하는 실험이 최근 영국의 킬 대학에서 이뤄졌다고 2일(현지시각) 보도했다.\n  재생에너지를 사용하는 친환경 수소의 경우 이산화탄소 발생을 ‘0’으로 만들 수 있어 미래의 대체에너지로 주목받고 있다.\n   실험팀은 천연가스 파이프에 수소를 20%까지 넣어 대학 내 시설에 공급하는 데 성공했다고 한다.\n  20%인 이유는 금속을 깨뜨릴 수 있는 수소의 성질상, 파이프가 손상되지 않는 정도를 지켜야 하기 때문이다.\n  BBC에 따르면, 대학 내 식당의 직원들은 20%의 수소를 넣은 가스를 사용해 요리하는 데 아무런 지장이 없었다고 말했다.\n    이는 난방에도 적용된다.\n  일부 업체들은 이미 100% 수소를 사용하는 시제품(prototype) 보일러를 선보였다고 BBC는 전했다.\n ",
		"passage_Cnt": 1244
	},
	"Annotation": {
		"summary1": "지구가 점점 뜨거워지며 세계에서 폭염이 이어졌고 실제 이상 기온의 징후는 더 도드라지고 있으며 유엔 사무총장은 기후 위기가 돌이킬 수 없는 지점에 이르렀다고 경고하기도 했다.",
		"summary2": null,
		"summary3": "지구가 점점 뜨거워지고 있다. 실제 이상 기온의 징후는 최근 더 도드라지고 있다. 지난해 여름에는 세계 곳곳에서 유례없는 폭염이 이어졌다. 안토니우 구테흐스 유엔 사무총장은 지난해 12월 제25차 유엔기후변화협약 당사국총회(COP25)를 앞두고 이젠 기후 위기가 돌이킬 수 없는 지점에 이르렀다고 경고하기도 했다.",
		"summary_3_cnt": 178
	}
}