{
	"Meta(Acqusition)": {
		"doc_id": "REPORT-news_r-00118",
		"doc_category": "REPORT",
		"doc_type": "news_r",
		"doc_name": "은퇴해도 경조사비 그대로인 55년생…\"월 50만원 큰 부담\"",
		"author": "윤상언",
		"publisher": "중앙일보",
		"publisher_year": "2020",
		"doc_origin": "중앙일보"
	},
	"Meta(Refine)": {
		"passage_id": "REPORT-news_r-00118-00001",
		"passage": "베이비부머(1955~63년.\n  지난해 말 약 724만 명)의 맏형 격인 55년생이 올해 만 65세, 법정 노인이 된다.\n  71만 명이다.\n  그 전에는 40만~50만 명이었다.\n  이제 차원이 다른 고령화가 시작됐다.\n  무방비로 65세가 된 이전 세대와 분명 다르지만 준비 부족은 여전하다.\n  55년생을 해부해 '폭풍 고령화'의 실상과 과제를 점검한다.\n 신년기획-55년생 어쩌다 할배②55년생이 가장 부담스러워 하는 지출 항목은 뭘까.\n  경조사비였다.\n  주요 일터에서 물러나긴 했지만 주변을 챙기지 않을 수 없다.\n  챙길 대상을 줄이거나 금액을 낮추기 쉽지 않다.\n 중앙일보 인터뷰에 응한 55년생 31명 중 16명이 경조사비를 '가장 부담스러운 지출'로 꼽았다.\n  다음 항목까지 포함하면 거의 모든 응답자가 경조사비에 부담을 크게 느끼고 있다.\n  수입이나 자산 규모와 관계없이 같은 대답을 했다.\n  이들은 한 달에 적게는 10만원, 많게는 100만원의 경조사비를 지출한다.\n  베이비부머 압박하는 지출 '경조사비'충북 청주시 55년생 이종석 씨는 5년 전 공직생활에 마침표를 찍었다.\n  일은 하지 않지만 여전히 하루가 분주하다.\n  사람 만나기를 좋아해 각종 모임에 얼굴도장을 찍곤 한다.\n  일주일에 이틀 새벽같이 산악회 모임에 나가 저녁까지 함께한다.\n  다른 날에도 여러 종류의 모임 지인과 식사 약속이 이어진다.\n   주변에 사람이 넘쳐 지루할 틈이 없어 좋지만, 고민이 생겼다.\n  경조사비다.\n  각종 모임 회비와 경조사를 챙기면 살림이 빠듯하다.\n  이 씨는 “직장에서 함께 근무한 사람이 많아 각종 경조사가 많은 편이다.\n  한 달 평균 경조사비로 40만~50만원 나간다”며 “친인척까지 챙기는 달에는 더 많이 나간다”고 말했다.\n  하루는 은퇴하고 수입은 줄지 않았는데, 지출은 만만찮다고 하소연을 하니 아이들이 \"이해를 못 하겠다\"고 했다.\n  \"연금을 타는데 왜 돈이 모자라냐\"는 것이었다.\n  그래서 하는 수 없이 한 달 지출을 노트에 적어 자식들에게 보여주기도 했다.\n  그는 \"내역을 본 자식들이 그제야 이해가 간다고 하더라\"고 말했다.\n   은퇴해도 지켜야 할 '관계'…경조사비는 필수 비용강원도 춘천에서 사는 박 모씨도 경조사비를 가장 부담스러운 지출이라고 했다.\n  공무원 연금을 100여만 원 받고 일터에서 월 170만원을 받아 형편이 좋은 편인데도 그렇다.\n  부모님 용돈 10만원에 자녀 용돈 50만원을 주고, 보험료와 차 유지비에 35만원을 쓴다.\n ",
		"passage_Cnt": 1238
	},
	"Annotation": {
		"summary1": "한 달 평균 40만~50만원 나가는 만만찮은 각종 경조사비로 나가는 지출에 자식들이 왜 돈이 모자라냐는 말에 노트를 적어 이해를 시켰다. ",
		"summary2": null,
		"summary3": "하루는 은퇴하고 수입은 줄지 않았는데, 지출은 만만찮다고 하소연을 하니 아이들이 \"이해를 못 하겠다\"고 했다. \"연금을 타는데 왜 돈이 모자라냐\"는 것이었다. 그래서 하는 수 없이 한 달 지출을 노트에 적어 자식들에게 보여주기도 했다. 그는 \"내역을 본 자식들이 그제야 이해가 간다고 하더라\"고 말했다. 이 씨는 “직장에서 함께 근무한 사람이 많아 각종 경조사가 많은 편이다. 한 달 평균 경조사비로 40만~50만원 나간다”며 “친인척까지 챙기는 달에는 더 많이 나간다”고 말했다.",
		"summary_3_cnt": 273
	}
}