{
	"Meta(Acqusition)": {
		"doc_id": "REPORT-news_r-00266",
		"doc_category": "REPORT",
		"doc_type": "news_r",
		"doc_name": "[건강한 가족] 3D프린터로 더 정교해진 인공관절 내 무릎에 꼭 맞네",
		"author": "이하나",
		"publisher": "중앙일보",
		"publisher_year": "2020",
		"doc_origin": "중앙일보"
	},
	"Meta(Refine)": {
		"passage_id": "REPORT-news_r-00266-00002",
		"passage": " 기계를 정비할 때 부품 크기에 맞는 공구를 사용해야 완벽하게 수리할 수 있듯이 맞춤형 수술 도구로 인공관절 수술 성공률을 끌어올린다.\n   수술 시간 단축, 합병증 위험 감소 3D프린터 맞춤형 인공관절 수술의 장점은 세 가지다.\n  첫째, 개인 맞춤 치료가 가능하다.\n  무릎관절은 일정한 비율로 닳거나 손상되지 않는다.\n  예컨대 양반다리나 쪼그려 앉기 같은 좌식 생활에 익숙한 한국인은 관절 중심이 빨리 닳는다.\n  생활습관에 따라 많이 쓴 부위는 더 닳아 표면이 울퉁불퉁하다.\n  사람마다 무릎관절 상태가 제각각인 이유다.\n  기존엔 미리 제작된 인공관절 중에서 무릎 상태에 맞는 것을 골라야 했다.\n  그러다 보니 개인의 무릎 모양이나 구조·손상 정도를 완벽하게 고려하기 힘들다.\n  3D프린터로 출력·제작한 맞춤형 수술 도구는 이 같은 한계를 보완해 준다.\n   둘째, 인공관절 수술 정확도가 높다.\n  3D프린터 기술을 활용해 잘라낼 손상 조직과 자르는 각도의 오차를 줄이는 식이다.\n  기존 인공관절 수술 방식으로는 수술 정확도가 90%라면 3D프린터 맞춤형 인공관절 수술은 98%다.\n  이는 무릎을 굽혔다 펴는 데 중요한 역할을 하는 인공관절의 수명을 늘려준다.\n  만일 인공관절의 각도가 틀어지면 무릎 인공관절의 한쪽 부분이 중점적으로 마모돼 재수술을 받아야 하는 상황이 발생할 수 있다.\n  고 병원장은 “3D프린터 맞춤형 인공관절 수술은 인공관절의 내구성을 높이면서 수술 후 무릎 안정성·가동성을 크게 개선해 치료 만족도를 높인다”고 말했다.\n   셋째, 수술 안전성이 우수하다.\n  정확한 수술이 가능해지면서 인공관절 이식에 드는 수술 시간을 단축한다.\n  그만큼 출혈·감염 등으로 색전증·혈전증 같은 수술 후 합병증이 발생할 위험을 줄여준다.\n  따라서 고령자도 안전하게 인공관절 수술이 가능해졌다.\n  이를 확인한 연구도 있다.\n  연세사랑병원 연구팀이 퇴행성 관절염 말기 환자 170명을 대상으로 무릎 인공관절의 수술 방식에 따라 수술 시간, 출혈량 등 수술 효율성을 분석했다.\n  그 결과 3D프린터 맞춤형 인공관절 방식으로 수술한 그룹의 평균 수술 시간은 62.\n 1분으로 기존 수술 방식(80.\n 6분)보다 18.\n 5분 짧았다.\n  수술 중 출혈도 3D프린터 맞춤형 인공관절 방식은 107.\n 9ml, 기존 수술법은 126.\n 4ml로 적었다.\n  권선미 기자 kwon.\n sunmi@joongang.\n co.\n ",
		"passage_Cnt": 1204
	},
	"Annotation": {
		"summary1": "맞춤형 인공관절 수술은 기존 인공관절 수술 방식과 대비해 높은 수술 정확도, 짧은 수술 시간, 적은 출혈, 우수한 수술 안전성이 장점이다. ",
		"summary2": null,
		"summary3": "맞춤형 인공관절 수술의 장점은 세 가지다. 둘째, 인공관절 수술 정확도가 높다. 셋째, 수술 안전성이 우수하다. 기존 인공관절 수술 방식으로는 수술 정확도가 90%라면 3D프린터 맞춤형 인공관절 수술은 98%다. 그 결과 3D프린터 맞춤형 인공관절 방식으로 수술한 그룹의 평균 수술 시간은 62. 1분으로 기존 수술 방식(80. 6분)보다 18. 5분 짧았다. 수술 중 출혈도 3D프린터 맞춤형 인공관절 방식은 107. 9ml, 기존 수술법은 126. 4ml로 적었다.",
		"summary_3_cnt": 267
	}
}