{
	"Meta(Acqusition)": {
		"doc_id": "REPORT-news_r-00026",
		"doc_category": "REPORT",
		"doc_type": "news_r",
		"doc_name": "'시진핑 우주몽' 꺼림칙한 美, 日에 \"유인 달탐사하자\" 제안",
		"author": "김상진",
		"publisher": "중앙일보",
		"publisher_year": "2020",
		"doc_origin": "중앙일보"
	},
	"Meta(Refine)": {
		"passage_id": "REPORT-news_r-00026-00001",
		"passage": "미국이 일본에 ‘유인 달 탐사 프로젝트를 함께 하자’고 정식 제안했다.\n  지난해 9월 일본을 방문한 짐 브라이든스틴 미 항공우주국(NASA) 국장이 일본 정부에 이런 제안을 했다고 마이니치신문이 복수의 관계자를 인용해 1일 보도했다.\n  '우주 굴기(崛起)'를 내세우며 세계 최초로 달의 뒷면에 탐사선을 보내는 등 빠른 속도로 우주개발을 확대하고 있는 중국을 견제하기 위해서다.\n  일본 우주비행사가 달에 발을 내딛는 것은 2025년 이후가 될 전망이다.\n  계획이 성사되면 일본은 미국에 이어 두 번째로 달에 인간을 보낸 국가가 된다.\n    미국은 ‘아폴로 계획’(1961~72년)에 따라 12명의 우주비행사를 달에 보냈다.\n  이후 어떤 국가도 유인 달 탐사에 나서지 못했다.\n  ‘우주 패권’을 주창하는 도널드 트럼프 행정부는 지난 5월 ‘다시 유인 달 탐사를 시작하겠다’고 발표했다.\n  이른바 '아르테미스 계획'이다.\n   일본도 적극적이다.\n  마이니치에 따르면 지난해 5월 아베 신조(安倍晋三) 총리가 일본을 국빈 방문한 트럼프 대통령에게 아르테미스 계획 동참을 검토하겠다고 먼저 제안했다는 것이다.\n  이후 9월 24일 방일한 브라이든스틴 NASA 국장이 일본 정부의 우주정책위원장인 가사이 요시유키(葛西敬之) JR도카이 명예회장 등을 비공식 면담하는 자리에서 “미·일 양국의 우주비행사가 월면(月面)에 함께 서는 것을 염두에 두고 (일측이) 전향적인 검토를 했으면 좋겠다”고 말한 것으로 전해진다.\n  계획에 따르면 미국은 2024년 남·녀 우주비행사 2명을 시작으로 매년 유인 탐사를 전개할 예정이다.\n  아르테미스 계획에는 유인 달착륙 외에도 달기지 건설과 '게이트웨이(Gateway)'로 불리는 달궤도 우주정거장 건설까지 포함돼 있다.\n  게이트웨이는 이름 그대로 화성 탐사 등 더 깊은 우주로 떠나는 중간기지 역할도 하게된다.\n  결국 천문학적인 비용이 들 수밖에 없다.\n  이는 과거 미국이 달 탐사와 우주비행선 프로젝트를 접은 결정적인 이유다.\n  일본에 러브콜을 보내는 중요한 배경으로도 지목된다.\n  일본 정부는 지난해 10월 결정한 게이트웨이 기술·기기 제공에 대한 예산만 2024년까지 2130억 엔(약 2조2680억원)이 필요할 것으로 추산하고 있다.\n  이는 현재 일본의 국제우주탐사 관련 예산(연간 350억~400억엔)의 5배가 넘는다.\n  우주비행사를 달에 보내는 비용을 고려하면 예산은 눈덩이처럼 불어날 수 있다.\n ",
		"passage_Cnt": 1211
	},
	"Annotation": {
		"summary1": "미국은 우주 개발을 빠르게 확대하고 있는 중국을 견제하기 위해 아르테미스 계획의 참여를 일본에 제안했다.",
		"summary2": null,
		"summary3": "미국이 일본에 ‘유인 달 탐사 프로젝트를 함께 하자’고 정식 제안했다. '우주 굴기(崛起)'를 내세우며 세계 최초로 달의 뒷면에 탐사선을 보내는 등 빠른 속도로 우주개발을 확대하고 있는 중국을 견제하기 위해서다. 이른바 '아르테미스 계획'이다. 이후 9월 24일 방일한 브라이든스틴 NASA 국장이 일본 정부의 우주정책위원장인 가사이 요시유키(葛西敬之) JR도카이 명예회장 등을 비공식 면담하는 자리에서 “미·일 양국의 우주비행사가 월면(月面)에 함께 서는 것을 염두에 두고 (일측이) 전향적인 검토를 했으면 좋겠다”고 말한 것으로 전해진다.",
		"summary_3_cnt": 306
	}
}