{
	"Meta(Acqusition)": {
		"doc_id": "REPORT-news_r-00168",
		"doc_category": "REPORT",
		"doc_type": "news_r",
		"doc_name": "택시 사납금 해방절? 기사는 시큰둥",
		"author": "김선영",
		"publisher": "중앙일보",
		"publisher_year": "2020",
		"doc_origin": "중앙일보"
	},
	"Meta(Refine)": {
		"passage_id": "REPORT-news_r-00168-00001",
		"passage": "지난 1일 법인택시의 사납금 제도가 법적으로 폐지됐다.\n  지난해 8월 국회를 통과한 여객자동차운수사업법 개정안이 이날부터 시행되기 때문이다.\n  사납금이 사라진 만큼 법인택시 기사의 ‘해방절’이란 말도 나온다.\n  대신 법인택시의 전액관리제를 의무화했다.\n  하지만 사납급 폐지 첫날부터 현장은 우왕좌왕했다.\n  사납금은 법인택시 기사가 하루 운행당 회사에 내야 하는 고정액이다.\n  사납금을 채운 뒤 추가로 받는 돈은 기사의 수입이지만 사납금을 못 채우면 급여가 삭감된다.\n  전액관리제는 택시기사가 승객에게 받은 돈 전액을 회사에 내고, 회사는 기사에게 급여를 지급하는 방식이다.\n  지난 1일 서울 지역 택시회사들에 이번 달 급여 체계를 어떻게 할 것인지 묻자 상당수가 “노사 협의 중”이라고 답했다.\n  택시기사들에게 취재한 결과 일부 법인택시는 기사들에게 “급여 체계가 미정이니 일단 매출 전액을 입금하라”고 통보했다.\n  일부 택시회사는 별도의 근로계약서를 쓰고 ‘유사 사납금제’를 운영하고 있었다.\n  기존의 사납금을 기준 수입금으로 이름만 바꿔 하루 2만~5만원씩 올리는 식이다.\n  대신 택시기사의 기본급을 40만~50만원 인상했다.\n  월급 인상액보다 기준금 인상액이 25만~30만원 더 많다.\n  이에 대해 노동조합이 반발하자 지난달 국토교통부는 “변형된 사납금제는 안 된다”는 공문을 각 택시회사에 보내기도 했다.\n  그동안 타다나 우버 같은 승차공유 서비스를 둘러싼 쟁점은 ‘소비자 편익’과 ‘택시업계·기사의 권익’이었다.\n  타다 등 신규 사업자들은 기존 택시가 소비자를 만족시키지 못하기 때문에 새로운 서비스가 필요하다고 주장했다.\n  반면 택시업계는 타다 등이 혁신이란 이름으로 전통 산업과 일자리의 기반을 허무는 것이라고 맞섰다.\n  결국 정부와 정치권은 “택시기사의 생존권이 더 중요하다”며 택시업계의 손을 들어줬다.\n  택시기사들의 표를 의식해 혁신과 소비자 편익을 가로막는다는 비판도 나왔다.\n  이 과정에서 탄생한 게 ‘타다 금지법’과 전액관리제 도입이다.\n  타다는 현행법 테두리에서 ‘틈새’를 찾아 영업 중이다.\n  이런 타다의 영업을 금지하는 법률 개정안은 국회 법제사법위원회에 계류 중이다.\n  정작 택시기사 중엔 전액관리제보다 사납금제를 선호하는 의견이 적지 않다.\n  지난달 전국택시산업노조 부산본부의 설문조사에선 응답자의 89%가 사납금 유지를 원했다.\n  반면 전액관리제 찬성 의견은 11%에 그쳤다.\n ",
		"passage_Cnt": 1208
	},
	"Annotation": {
		"summary1": "여객 자동차 운수사업 법 개정안이 시행되면서 사납금 제도가 폐지되고 법인택시의 전액관리제를 의무화해 기사의 해방절이라는 말이 나왔지만 폐지 첫날부터 현장은 우왕좌왕했다.",
		"summary2": null,
		"summary3": "지난 1일 법인택시의 사납금 제도가 법적으로 폐지됐다. 지난해 8월 국회를 통과한 여객자동차운수사업법 개정안이 이날부터 시행되기 때문이다. 사납금이 사라진 만큼 법인택시 기사의 ‘해방절’이란 말도 나온다. 대신 법인택시의 전액관리제를 의무화했다. 하지만 사납급 폐지 첫날부터 현장은 우왕좌왕했다.",
		"summary_3_cnt": 169
	}
}