{
	"Meta(Acqusition)": {
		"doc_id": "REPORT-news_r-00036",
		"doc_category": "REPORT",
		"doc_type": "news_r",
		"doc_name": "황교안 이어 유승민 \"숫자가 힘\"···새해 첫날 보수통합 외쳤다",
		"author": "손국희",
		"publisher": "중앙일보",
		"publisher_year": "2020",
		"doc_origin": "중앙일보"
	},
	"Meta(Refine)": {
		"passage_id": "REPORT-news_r-00036-00001",
		"passage": "“통합은 정의(正義)이고 분열은 불의(不義)다” 황교안 자유한국당 대표는 새해 첫 일성으로 보수 통합에 대한 강한 의지를 드러냈다.\n  황 대표는 1일 서울 여의도에서 가진 기자간담회에서 “하나 된 힘으로 저들(정부·여당)의 음모를 분쇄해야 한다”며 “통합의 문을 열고 통합의 열차를 출발시키도록 하겠다.\n  자유민주세력이 ‘통합추진위원회’라는 통합 열차에 승차해달라”고 말했다.\n  그는 “과감하고 신속하게 통합을 진행하고자 한다.\n  불신과 의심을 버리고 모두 참여할 수 있도록 저는 어떤 기득권도 주장하지 않겠다”라고도 했다.\n   당내에선 “황 대표가 어느 때보다도 통합에 대한 절실함을 내비친 것 같다”(한국당 재선 의원)는 반응이 나왔다.\n  황 대표가 통합을 언급한 건 이번이 처음은 아니다.\n  그는 지난 11월 6일 “자유민주주의와 시장경제의 헌법 가치를 받드는 모든 분과의 정치적 통합을 추진하겠다”고 했고, 지난달 26일에도 병상 메시지를 통해 “흩어지고 분열해서는 저들을 막을 수 없다”고 했다.\n   하지만 적극적인 제스쳐라기보다 원론적인 수준에서만 통합을 거론한다는 비판이 당 안팎에서 나왔다.\n  한 한국당 의원은 “황 대표의 과거 발언은 한국당에 ‘넘어오라’는 고압적 뉘앙스가 있었다”고 했다.\n  황 대표의 표현대로 보수 진영에서 ‘불신과 의심’이 팽배했다는 것이다.\n  하지만 이날 황 대표 스스로 “기득권을 내려놓겠다”고 자세를 낮춤으로써 보수 통합의 의지를 드러낸 것으로 보인다.\n  달라진 황 대표의 뒤편엔 ‘총선 배수진’을 친 한국당이 있다.\n  실제 패스트트랙(신속처리안건) 정국 이후 한국당에는 “남은 건 총선뿐이다”는 위기감이 흐르고 있다.\n  당 관계자는 “의석에서 밀려 선거법도, 공수처법도 속수무책으로 내줬다.\n  숫자 싸움에서 이기려면 무조건 통합을 해야 한다는 공감대가 있다”고 분위기를 전했다.\n   유승민 새로운보수당 인재영입위원장도 이날 ‘숫자의 힘’을 얘기했다.\n  그는 국회 의원회관에 열린 신년하례회에서 “국회 안에서는 숫자의 힘이 작용하기 때문에 어떻게든 중도보수 세력이 국회 과반을 차지하는 게 중요하다”며 “아무리 늦어도 2월 초까지는 통합이든 연대든 총선에서 이길 전략을 수립해야 한다”고 했다.\n  “머릿수로 밀어붙이는 수적 열세를 극복하지 못했다”는 전날 심재철 한국당 원내대표의 발언과 일맥상통한다.\n  유 위원장은 한국당과의 통합에 대해선 “조심스럽지만 새로운보수당이 지지를 얻는다면 저희와 통합 또는 연대를 할 수밖에 없을 것”이라고 했다.\n ",
		"passage_Cnt": 1245
	},
	"Annotation": {
		"summary1": "황 대표가 정치적 통합을 추진하겠다고 밝혔지만 당 안팎에서는 원론적인 수준에서만 통합을 거론한다는 비판이 나왔다. ",
		"summary2": null,
		"summary3": "황 대표가 통합을 언급한 건 이번이 처음은 아니다. 그는 지난 11월 6일 “자유민주주의와 시장경제의 헌법 가치를 받드는 모든 분과의 정치적 통합을 추진하겠다”고 했고, 지난달 26일에도 병상 메시지를 통해 “흩어지고 분열해서는 저들을 막을 수 없다”고 했다. 하지만 적극적인 제스쳐라기보다 원론적인 수준에서만 통합을 거론한다는 비판이 당 안팎에서 나왔다.",
		"summary_3_cnt": 201
	}
}