{
	"Meta(Acqusition)": {
		"doc_id": "REPORT-news_r-00034",
		"doc_category": "REPORT",
		"doc_type": "news_r",
		"doc_name": "쪼그라든 수출에 기댈 언덕은 반도체 뿐…\"정부, 삼성ㆍ하이닉스만 쳐다봐\"",
		"author": "하남현",
		"publisher": "중앙일보",
		"publisher_year": "2020",
		"doc_origin": "중앙일보"
	},
	"Meta(Refine)": {
		"passage_id": "REPORT-news_r-00034-00001",
		"passage": "“반도체 가격이 상승 전환될 것이라고 보는 게 글로벌 전망 기관의 지배적 견해다.\n ”(홍남기 부총리 겸 기획재정부 장관.\n  지난해 12월 30일 기자 간담회)“2020년 반도체 시황은 제한적인 공급 증가와 수요 개선에 따라 2019년보다 좋을 것”(산업통상자원부 1월 1일.\n  ‘수출입 동향’보도자료) 정부의 믿는 구석은 결국 반도체뿐이다.\n  올해 수출을 비롯한 경기가 지난해보다 나아질 거라는 정부의 전망은 반도체 업황 회복 가능성에 크게 기대고 있다.\n  여러 전문가와 기관도 반도체 업황 회복에 따라 올해 수출이 증가세로 돌아설 거라고 내다본다.\n  그런 만큼 한국 경제의 ‘반도체 쏠림’현상은 심화할 것으로 보인다.\n    1일 산업통상자원부에 따르면 지난해 반도체 수출은 전년 대비 25.\n 9% 줄었다.\n  20대 주요 수풀 품목 중 가장 높은 감소율이다.\n  한국 경제의 대표 주자인 반도체 수출이 확 꺾이자 전체 수출도 크게 줄었다.\n  지난해 수출액은 전년 대비 10.\n 3% 감소했다.\n  글로벌 금융위기 여파가 있던 2009년 이후 첫 두 자릿수(-13.\n 9%) 감소율이다.\n  지난해 수출 감소의 주범인 반도체가 올해는 다시 수출 호전의 주역이 될 거라고 정부는 기대하고 있다.\n  징후는 보인다.\n  물량 기준으로 보면 반도체 수출은 지난해 7월부터 12월까지 6개월째 늘고 있다.\n  문제는 수출 단가인데, 요즘 추세를 보면 긍정적이다.\n  시장조사기관인 D램익스체인지에 따르면 PC용 DDR4 8기가비트(Gb) D램의 지난해 12월 고정거래가격은 2.\n 81달러다.\n  전달과 같은 수준을 기록하며 하락세가 멈춰섰다.\n  낸드플래시는 이미 오름세다.\n  128Gb MLC 낸드플래시 가격은 12월 4.\n 42달러로 한 달 전보다 2.\n 55% 상승했다.\n  시장 반도체 가격은 수출 단가와 직결된다.\n   다른 경제 지표에선 이미 반도체 업황 회복에 따른 반등이 나타났다.\n  지난해 11월 전(全) 산업생산은 한 달 전보다 0.\n 4% 늘어나며 오름세로 돌아섰다.\n  반도체 생산이 전월 대비 9.\n 3% 늘어난 덕을 봤다.\n  기업 심리도 반도체 업황 개선 기대에 다소 나아졌다.\n  지난해 12월 전 산업의 업황 BSI(기업경기실사지수)는 전월보다 2포인트 상승한 76으로 집계됐다.\n   수출에도 곧 반도체 회복이 반영될 거라는 게 정부의 기대 섞인 전망이다.\n  성윤모 산업부 장관은 “올해 1분기에 수출 조기 플러스 전환을 목표로 총력 대응 체계를 가동할 것”이라고 말했다.\n ",
		"passage_Cnt": 1245
	},
	"Annotation": {
		"summary1": "정부는 반도체 업황 회복 가능성에 크게 기대하고 있으며 여러 전문가과 기관도 반도체 업황 회복에 따라 수출이 증가세로 돌아설 것이라고 예상한다.",
		"summary2": null,
		"summary3": "올해 수출을 비롯한 경기가 지난해보다 나아질 거라는 정부의 전망은 반도체 업황 회복 가능성에 크게 기대고 있다. 여러 전문가와 기관도 반도체 업황 회복에 따라 올해 수출이 증가세로 돌아설 거라고 내다본다. 그런 만큼 한국 경제의 ‘반도체 쏠림’현상은 심화할 것으로 보인다. 1일 산업통상자원부에 따르면 지난해 반도체 수출은 전년 대비 25. 9% 줄었다. 20대 주요 수풀 품목 중 가장 높은 감소율이다.",
		"summary_3_cnt": 230
	}
}