{
	"Meta(Acqusition)": {
		"doc_id": "REPORT-news_r-00132",
		"doc_category": "REPORT",
		"doc_type": "news_r",
		"doc_name": "천만영화 못지않은 눈·귀호강…파바로티·고흐 영화로 만난다 ",
		"author": "나원정",
		"publisher": "중앙일보",
		"publisher_year": "2020",
		"doc_origin": "중앙일보"
	},
	"Meta(Refine)": {
		"passage_id": "REPORT-news_r-00132-00001",
		"passage": "노래하는 ‘겨울왕국’ 공주들과 ‘백두산’ 화산 폭발만이 볼거리는 아니다.\n  이번 연말연시 극장가는 유명 공연장‧미술관 부럽지 않다.\n  새해맞이 영감을 북돋워 줄 예술가들의 귀호강‧눈호강 아트버스터 신작 4편을 소개한다.\n   * 감독 | 출연 | 장르 | 등급 | 개봉일 천상 꿀보컬의 귀환 ‘파바로티’론 하워드 | 루치아노 파바로티 | 다큐멘터리 | 12세 | 1월 1일어떤 이야기: 사상 최초, 클래식으로 음악차트를 ‘올킬’한 오페라계 록스타 루치아노 파바로티의 다큐다.\n  이탈리아 작은 마을의 20대 초등학교 교사가 세계적 테너로 급부상해 2007년 72세에 세상을 떠나기까지 과정이 한 편의 오페라 같다.\n  수정처럼 맑고, 꿀처럼 달콤했던 천상의 목소리에 파바로티의 타고난 낙천성, 사람들을 웃게 했던 아이 같은 명랑함이 온화한 햇살처럼 뒤따른다.\n  ‘네순 도르마’ ‘오 솔레 미오’ 등 22곡의 대표곡에 힐링하고 그 밝은 에너지에 두 번 힘을 얻는다.\n  그가 자신을 잊지 않은 이들에게 천상에서 선사한 완벽한 앵콜공연같다(파바로티는 역대 최다 앵콜 기록 보유자이기도 하다.\n  1시간 7분간 무려 165번의 커튼콜을 했다).\n  영화 ‘아폴로 13’ ‘뷰티풀 마인드’를 만든 론 하워드 감독이 연출했다.\n   이런 분께 추천: 생전 사랑받은 공연 실황만큼 미공개 영상에 담긴 파바로티의 숨은 모습이 궁금한 분.\n  이번 다큐에서 가장 놀라운 건 파바로티가 1995년 아마존 정글 투어 중 발견한 유서 깊은 오페라 하우스 ‘아마조나스 극장’에서 ‘귀여운 입술’을 부르는 장면.\n  존경하는 테너 엔리코 카루소가 100년 전 올랐던 그 무대에서 트레이닝복 바지 차림으로 온전히 음악 그 자체에 심취한 그 모습의 울림이 크다.\n  당시 동행했던 플루트 연주자 안드레아 그리미넬리가 촬영한 이 영상이 대중에 공개된 건 이번이 처음이다.\n   이건 아쉬워요: 파바로티의 밝은 면에 집중하고, 슬럼프, 불륜 스캔들 등 어두운 사건들은 온정적인 관점에서 짧게만 비췄다.\n  삶을 균형 있게 담았다기보단 파바로티 팬을 위한 추모용 다큐로 느껴진다.\n 알고 보면 이득: 돌비 애트모스 입체음향 기술과, 스튜디오에 마이크 12개를 빙 둘러 세워놓고 파바로티의 보컬 트랙과 오케스트라 트랙을 재녹음한 ‘오케스트라 리앰핑’ 기술로 음질을 최대한 끌어올렸다.\n  메가박스 MX관, 롯데시네마 수퍼플렉스G관, 명필름아트센터 등 돌비 애트모스 전용관을 찾으면 파바로티의 명품 사운드를 제대로 즐길 수 있다.\n ",
		"passage_Cnt": 1233
	},
	"Annotation": {
		"summary1": "이탈리아 작은 마을의 교사였던 파바로티가 세계적 테너로 급부상해 세상을 떠나기까지 과정이 한 편의 오페라 같고 그의 낙천성이 뒤따르며 그의 밝은 에너지에 힘을 얻는다.",
		"summary2": null,
		"summary3": "이탈리아 작은 마을의 20대 초등학교 교사가 세계적 테너로 급부상해 2007년 72세에 세상을 떠나기까지 과정이 한 편의 오페라 같다. 수정처럼 맑고, 꿀처럼 달콤했던 천상의 목소리에 파바로티의 타고난 낙천성, 사람들을 웃게 했던 아이 같은 명랑함이 온화한 햇살처럼 뒤따른다. ‘네순 도르마’ ‘오 솔레 미오’ 등 22곡의 대표곡에 힐링하고 그 밝은 에너지에 두 번 힘을 얻는다.",
		"summary_3_cnt": 214
	}
}