{
	"Meta(Acqusition)": {
		"doc_id": "REPORT-news_r-00232",
		"doc_category": "REPORT",
		"doc_type": "news_r",
		"doc_name": "베토벤 250주년을 제대로 즐기는 키워드 넷",
		"author": "이은주",
		"publisher": "중앙일보",
		"publisher_year": "2020",
		"doc_origin": "중앙일보"
	},
	"Meta(Refine)": {
		"passage_id": "REPORT-news_r-00232-00003",
		"passage": "  3.\n  베토벤의 현대적 의미를 듣기 베토벤은 후대의 음악에 어떤 영향을 미쳤는가.\n  또 그 영향은 현대 청중에게 어떤 의미가 있는가.\n  올 한해 연주자들은 이 주제를 파고들 예정이다.\n  베토벤의 음악과 정신을 현대적으로 풀이하는 재해석 공연도 이어진다.\n   10월 31일 예술의전당에선 시마노프스키 4중주단이 ‘베토벤과 후계자들’이라는 제목으로 공연을 연다.\n  베토벤의 현악 4중주와 폴란드 현대 작곡가 시마노프스키의 현악 4중주 2번, 한국 작곡가 이복남의 작품, 브람스 클라리넷 5중주를 함께 배치했다.\n     피아니스트 부흐빈더는 9월 내한해 베토벤 ‘디아벨리’ 변주곡을 독특한 방식으로 연주한다.\n  이 변주곡은 본래 빈의 출판업자 안톤 디아벨리가 작곡한 단순한 주제를 베토벤을 비롯한 작곡가 50여명에게 변주하도록 요청한 것이었다.\n  베토벤은 한 개의 변주를 작곡하는 대신 33개의 한시간짜리 대곡을 만들어냈다.\n  부흐빈더는 이 아이디어를 다시 가져와 디아벨리 주제를 현존하는 작곡가 11명이 변주하도록 의뢰했다.\n  이번에 이 새로운 ‘디아벨리’ 변주곡을 들을 수 있다.\n   첼리스트 양성원은 ‘베토벤이 살아있을 때의 생일 축하파티는 어땠을까’라는 상상으로 공연을 준비하고 있다.\n  베토벤이 특별히 존경했던 헨델, 베토벤을 존경했던 멘델스존과 슈만의 음악을 한 자리에 모은 ‘상상의 기념파티’다.\n  첼로ㆍ바이올린ㆍ피아노ㆍ클라리넷ㆍ호른ㆍ바순 등이 등장한다.\n  10월 13~15일 금호아트홀 연세.\n  1월 30일 같은 공연장에서 ‘앙상블 블랭크’는 20세기 이후 현대음악에 베토벤이 미친 영향을 살펴본다.\n  제네바 국제 콩쿠르에서 우승한 작곡가 최재혁이 이끄는 현대음악 단체다.\n   4.\n  온 힘을 기울인 작품 듣기 ‘장엄 미사’는 4년이 걸린 곡이다.\n  베토벤은 후원자이자 친구인 루돌프 대공을 위해 1819년 쓰기 시작한 이 곡을 23년에야 완성했다.\n  네 명의 독창자, 합창단, 오케스트라의 장대한 작품이다.\n  하지만 듣는 사람의 감각을 자극하는 높은 음역대, 감정적인 진행 등에서 베토벤의 새로운 시대 지향을 드러낸다.\n   많은 연주자들이 ‘인생 작품’으로 꼽지만 잘 연주되지 않았던 ‘장엄 미사’를 올해는 국내 무대에서도 들을 수 있다.\n  서울국제음악제는 10월 30일 롯데콘서트홀에서 소프라노 이명주, 베이스 사무엘 윤, SIMF 오케스트라, 지휘자 오코 카무 등과 함께 이 곡을 연주한다.\n ",
		"passage_Cnt": 1206
	},
	"Annotation": {
		"summary1": "베토벤이 현대 청중에게 어떤 의미가 있는지, 후대의 음악에 어떤 영향을 미쳤는가를 주제로 예술의 전당에서 베토벤과 후계자들 이라는 공연을 여는데 첼리스트 양 씨도 참여한다. ",
		"summary2": null,
		"summary3": "10월 31일 예술의전당에선 시마노프스키 4중주단이 ‘베토벤과 후계자들’이라는 제목으로 공연을 연다. 올 한해 연주자들은 이 주제를 파고들 예정이다. 베토벤의 현대적 의미를 듣기 베토벤은 후대의 음악에 어떤 영향을 미쳤는가. 또 그 영향은 현대 청중에게 어떤 의미가 있는가. 첼리스트 양성원은 ‘베토벤이 살아있을 때의 생일 축하파티는 어땠을까’라는 상상으로 공연을 준비하고 있다.",
		"summary_3_cnt": 216
	}
}