{
	"Meta(Acqusition)": {
		"doc_id": "REPORT-news_r-00025",
		"doc_category": "REPORT",
		"doc_type": "news_r",
		"doc_name": "많아서 좋을 거 없습니다…새해맞이 '카드 다이어트'",
		"author": "장원석",
		"publisher": "중앙일보",
		"publisher_year": "2020",
		"doc_origin": "중앙일보"
	},
	"Meta(Refine)": {
		"passage_id": "REPORT-news_r-00025-00001",
		"passage": "매일 커피전문점을 찾는 이지은(32) 씨는 결제할 때마다 5초쯤 멈춘다.\n  카드를 고르기 위해서다.\n  스마트폰 간편결제를 할 때도 화면을 넘기며 오늘의 카드를 고르는 건 마찬가지다.\n  직장 생활을 시작하면서 하나둘씩 만들었는데 지갑 속에 꽂힌 것만 9장.\n  이 씨는 “발급할 땐 분명 이유가 있었을 텐데 이젠 기억이 안 난다”며 “쓰지도 못할 카드를 뭐하러 이렇게 만들었는지 나조차 의아하다”고 말했다.\n  한국은행에 따르면 국내 신용카드 발급량은 2008년 금융위기 이후 2014년까지 꾸준히 줄었다.\n  하지만 2015년부터 늘어 지난해 다시 1억장을 돌파했다.\n  체크카드(1억3000만장)까지 합하면 대략 2억4000만장.\n  성인 인구로 단순 계산해도 1인당 5~6장의 카드를 쓴다는 얘기다.\n  개수만 는 게 아니다.\n  현금을 덜 쓰고, 카드를 더 쓰는 추세는 뚜렷하다.\n  카드 같은 현금 이외의 수단으로 결제한 돈이 지난해 처음으로 하루 80조원을 넘어섰다.\n  쓰는 돈은 많아졌는데 혜택이나 부가서비스에 만족하는 사람은 많지 않다.\n  이 씨처럼 만들 땐 다 이유가 있다.\n  쇼핑몰 할인율이 높아서, 포인트를 많이 쌓아줘서, 연회비가 없어서.\n  그럼 만든 목적대로 써야 하는데 생각 같지 않다.\n  뭐든 숫자가 늘면 관리가 힘든 법이다.\n  특히 쓰지도 않으면서 연회비만 내는 상황에 이르렀다면 새해맞이 카드 다이어트가 필요하다.\n  고민할 것 없이 딱 한 장으로 줄이면 간편하다.\n  다만 지출이 많은 직장인은 체크카드 1개, 신용카드 1개로 나눠 쓰는 게 효율적이다.\n  각각의 장점이 있어서다.\n  일단 연말정산에 도움이 된다.\n  카드 사용액은 연말정산 때 소득공제 혜택이 있다.\n  공제율은 신용카드가 15%, 체크카드가 30%다.\n  공제율 자체는 체크카드가 좋지만, 지출이 총급여의 25%를 넘어야 공제를 받을 수 있다.\n  혜택이 좋은 신용카드로 일정액을 쓰고, 지출이 25%를 확실히 넘긴다고 판단될 때 체크카드 사용을 늘리는 게 합리적이다.\n  이렇게 한 장씩만 남기면 생활 패턴에 맞춰 쓰기도 좋다.\n  편의점이나 커피전문점에서는 체크카드를, 고정 지출이나 큰돈 쓸 일 생겼을 땐 신용카드를 사용하는 식이다.\n  보통 체크카드는 특정 쇼핑몰이나 커피전문점에 할인 혜택을 몰아준다.\n  발급할 때부터 본인이 자주 방문하는 곳과 주거래은행에 맞추는 게 좋다.\n  전월 사용금액 기준이 까다로운 신용카드는 매월 자동결제나 할부, 택시비 등을 활용해 별다른 계산 없이도 실적을 채울 수 있도록 준비해야 한다.\n ",
		"passage_Cnt": 1261
	},
	"Annotation": {
		"summary1": "현금 이외의 수단으로 결제한 돈이 많이 늘어났지만 혜택이나 부가 서비스에 만족하는 사람은 적은데 연회비만 내는 상황이면 카드 다이어트가 필요하다. ",
		"summary2": null,
		"summary3": "카드 같은 현금 이외의 수단으로 결제한 돈이 지난해 처음으로 하루 80조원을 넘어섰다. 쓰는 돈은 많아졌는데 혜택이나 부가서비스에 만족하는 사람은 많지 않다. 특히 쓰지도 않으면서 연회비만 내는 상황에 이르렀다면 새해맞이 카드 다이어트가 필요하다. 다만 지출이 많은 직장인은 체크카드 1개, 신용카드 1개로 나눠 쓰는 게 효율적이다.",
		"summary_3_cnt": 189
	}
}