{
	"Meta(Acqusition)": {
		"doc_id": "REPORT-news_r-00017",
		"doc_category": "REPORT",
		"doc_type": "news_r",
		"doc_name": "11월 트럼프에 맞설자? 그 바이든 아닌 '젋은 바이든' 뜬다",
		"author": "박현영",
		"publisher": "중앙일보",
		"publisher_year": "2020",
		"doc_origin": "중앙일보"
	},
	"Meta(Refine)": {
		"passage_id": "REPORT-news_r-00017-00003",
		"passage": " 본선에서 트럼프에 패할 수 있다는 우려 때문이다.\n  지지율 3위: 엘리자베스 워런 ◈강점◈ 워런은 지난해 하반기 최고 관심 후보였다.\n  지난해 10월 아이오와주와 뉴햄프셔주에서 여론조사 선두를 달렸다.\n  몇몇 전국 단위 여론조사에서는 바이든을 누르고 1위에 오르기도 했다.\n  같은 진보 노선을 걷는 샌더스가 심근경색으로 쓰러져 치료를 받은 영향이 컸다.\n   지난해 돌풍의 요인은 트럼프의 대척점에 선 정치적 입장과 정치인으로서 신선한 이미지였다.\n  트럼프식 정치에 지친 유권자들은 워런이 새로운 대안이 될 수 있을지 관심을 갖기 시작했다.\n  특히 고학력 백인의 지지가 컸다.\n   아이오와주에서 지지층이 두껍고 지지율도 높다.\n  여세를 몰아 뉴햄프셔주에서 좋은 성적을 거둔 뒤 '슈퍼 화요일' 경선 주이자 고향인 매사추세츠주에도 깃발을 꽂으면 대선을 향한 길이 활짝 열릴 수 있다.\n  화제성에서 2위를 달리고 있다.\n  ◈약점◈ 일련의 정책 공약을 발표하면서 지나치게 왼쪽으로 치우쳤다는 평가를 받는다.\n  전 국민 의료보험 공약은 재원 마련 방법에 대한 비판이 쏟아지자 대통령 임기 3년 차 이전에는 추진하지 않겠다고 한발 물러서야 했다.\n   이 과정에서 일부 지지층이 부티지지 쪽으로 옮겨갔다는 분석이 있다.\n  부티지지와 고학력 백인 유권자를 놓고 경쟁하는 구도다.\n  샌더스와는 급진 좌파 성향 유권자를 놓고 다투고 있다.\n  지난해 7월 RCP 조사 1위에서 올해 3위로 내려앉았다.\n  두각을 나타내자 그에 대한 검증이 본격화했기 때문이다.\n  경쟁자의 공격도 거세졌다.\n  지지율 4위: 피트 부티지지  ◈강점◈좀처럼 흥행이 안 되는 이번 대선에서 '신선함'을 담당한 후보다.\n  올해 38세로 혁신적 이미지 구축에 성공했다.\n  미 중서부 인디애나주의 작은 도시인 사우스밴드 시장에서 일약 민주당 후보 빅4로 발돋움했다.\n  떠오르는 혜성이다.\n  언론을 통해 다방면의 깊은 조예와 풍부한 학식을 보여주며 고학력 백인 유권자의 지지를 확보했다.\n  하버드대와 옥스퍼드대를 졸업한 뒤 맥킨지에서 경영 컨설턴트로 일했다.\n   정치적 입장과 성향은 중도를 지향한다.\n  한마디로 '젊고 에너지 넘치는 바이든'이다.\n  29세에 사우스밴드 시장에 당선돼 33세에 재선됐다.\n  바이든의 약점인 '고령'은 극복했지만, 강점인 '경험'은 부족한 것으로 평가받는다.\n   미국 주요 정당 대선 후보 가운데 처음으로 커밍아웃한 후보다.\n ",
		"passage_Cnt": 1209
	},
	"Annotation": {
		"summary1": "워런은 샌더스가 심근경색으로 쓰러진 영향과 트럼프의 대척점에 선 신선한 이미지의 정치인으로 아이오와주 등에서의 여론조사에서 바이든을 누르기도 한 하반기 최고 관심 후보였다.",
		"summary2": null,
		"summary3": "워런은 지난해 하반기 최고 관심 후보였다. 지난해 10월 아이오와주와 뉴햄프셔주에서 여론조사 선두를 달렸다. 몇몇 전국 단위 여론조사에서는 바이든을 누르고 1위에 오르기도 했다. 같은 진보 노선을 걷는 샌더스가 심근경색으로 쓰러져 치료를 받은 영향이 컸다. 지난해 돌풍의 요인은 트럼프의 대척점에 선 정치적 입장과 정치인으로서 신선한 이미지였다.",
		"summary_3_cnt": 197
	}
}