{
	"Meta(Acqusition)": {
		"doc_id": "REPORT-news_r-00054",
		"doc_category": "REPORT",
		"doc_type": "news_r",
		"doc_name": "박지원 \"황교안, 불출마 생각한다면 본인 입으로 선언해야\"",
		"author": "홍주희",
		"publisher": "중앙일보",
		"publisher_year": "2020",
		"doc_origin": "중앙일보"
	},
	"Meta(Refine)": {
		"passage_id": "REPORT-news_r-00054-00001",
		"passage": "박지원 대안신당(가칭) 의원은 1일 황교안 자유한국당 대표의 4월 총선 불출마설과 관련해 “단순하게 띄워보는 것은 진정성이 없다”며 “공개적으로 본인이 총선 불출마를 선언해야 한다”고 말했다.\n  황 대표의 서울 종로 출마설에는 “이낙연 국무총리가 종로에 출마한다면 황 대표는 오지 못할 것”이라고 내다봤다.\n  박 의원은 이날 MBC 라디오 ‘김종배의 시선집중’에 출연해 황 대표의 총선 불출마가 핵심 관계자로부터 전해진 데 대해 “그러한 것을 명확하게 해야 한국당에서 당 대표로서 리더십이 바로 설 것”이라고 했다.\n  그러면서 “자기가 국회의원도 하고 당 대표도 하고 대통령 후보도 하겠다고 하면서 보수 대통합을 부르짖는다면 누구도 따르지 않는다”고 덧붙였다.\n  \"황교안, 큰일 하려면 자기희생 해야\"박 의원은 “당대표 지위를 확보하기 위해서 계속 강공을 하고 있는데 대개 투쟁할 때 강공을 하면 멈춰주는 게 당연하다”면서도 “그렇지만 그 방법이 틀렸기 때문에 지금 한국당 내부에서도 볼멘소리가 나오는 것 아니냐”고 되물었다.\n  그는 “황 대표가 무엇인가를 진짜 큰일을 하기 위해서는 자기희생이 따라야 한다.\n  그것은 비례대표도, 지역구도 출마하지 않고 오직 대통합과 나의 기득권을 내려놓고 나의 대표직도 내려놓고 다 통합하자, 이러한 희생을 보일 때 가능성이 있다”고 조언했다.\n  이어 “만약 비례나 지역구에 출마하지 않겠다는 결정을 했다고 하면 그것도 본인 입으로 (말)해야 한다.\n  그걸 했다고 하면 그건 잘한 일이라고 본다”고 말했다.\n  박 의원은 황 대표 불출마설이 당 관계자가 전하는 식으로 언론에 보도된 데 대해선 “한 번 띄워보기야 했을 것”이라며 “그러한 (띄워보기식) 방법은 이미 오랫동안 우리 정치권에서 사용해온 것이다.\n  그러니까 진정성을 인정받지 못하는 것”이라고 했다.\n  그러면서 “본인이 똑바로 제대로 얘기를 할 때 효과가 있을 것”이라고 강조했다.\n  \"황교안-이낙연 종로 대결 가능성 낮아\"박 의원은 또 이낙연 총리와 황 대표의 총선 대결 가능성은 낮다고 전망했다.\n  \"이 총리가 종로 출마를 선언하면 황 대표는 (종로에) 오지 못할 것\"이라면서다.\n  박 의원은 자유한국당이 정세균 총리 후보자의 인준을 지연시켜 이 총리의 종로 출마 무산을 시도할 수도 있다고도 예상했다.\n  공무원 등 입후보 제한직에 있는 사람이 예비후보자로 등록하려면 공직선거법에 따라 선거일 90일 전인 이달 16일까지 사퇴해야 한다.\n ",
		"passage_Cnt": 1212
	},
	"Annotation": {
		"summary1": "박 대안신당 의원이 자유한국당 황 대표의 총선 불출마설에 대해 본인이 공개적으로 선언해야 한다고 했으며 서울 종로 출마설에는 이 국무총리가 출마하면 못 올 것이라고 전망했다.",
		"summary2": null,
		"summary3": "박지원 대안신당(가칭) 의원은 1일 황교안 자유한국당 대표의 4월 총선 불출마설과 관련해 “단순하게 띄워보는 것은 진정성이 없다”며 “공개적으로 본인이 총선 불출마를 선언해야 한다”고 말했다. 황 대표의 서울 종로 출마설에는 “이낙연 국무총리가 종로에 출마한다면 황 대표는 오지 못할 것”이라고 내다봤다.",
		"summary_3_cnt": 171
	}
}