{
	"Meta(Acqusition)": {
		"doc_id": "REPORT-news_r-00096",
		"doc_category": "REPORT",
		"doc_type": "news_r",
		"doc_name": "'보수파 대장'아베는 왜 비둘기파 이 사람을 후계자로 찍었나",
		"author": "서승욱",
		"publisher": "중앙일보",
		"publisher_year": "2020",
		"doc_origin": "중앙일보"
	},
	"Meta(Refine)": {
		"passage_id": "REPORT-news_r-00096-00001",
		"passage": "^기자=\"아베 총리 마음속의 사람은 기시다 정조회장이 맞나.\n \" ^아베 총리=\"아직 내 임기가 1년 9개월 남아있으니…그 사이에 사람들의 시선이 모아지면서 (후임자가)누군가로 정해지긴 하겠지만… 기시다 회장도 리더십을 발휘해왔고, 지금부터 더욱 명확한 발언을 해나갈 것으로 기대한다.\n \" 1일 방송된 TV아사히의 아베 신조(安倍晋三·65)총리 신년 인터뷰에서 이런 대화가 오갔다.\n  아베 총리는 2012년 12월 재집권 이후에만 만 7년, 1차 내각(2006년 9월~2007년 9월)1년을 합치면 일본 헌정사상 최장 기간을 집권했다.\n  임기가 2021년 9월까지인 아베 총리의 후임이 누구냐는 초미의 관심사다.\n   그런데 최근 ‘아베 총리의 마음이 기시다 후미오(岸田文雄·62)자민당 정조회장으로 기울었다'는 얘기가 급속도로 돌고 있다.\n  아베 총리는 TV아사히 인터뷰에서도 \"외상으로서 (집단적 자위권 행사 등)평화안전법제 성립에도 큰 역할을 했다\",\"오바마 대통령의 히로시마 방문에도 역할이 컸다\",\"이번 추경예산 처리때도 리더십을 발휘했다\"고 기시다를 치켜세웠다.\n  아베 총리는 자민당내 최대 파벌인 호소다파(의원 97명)출신이다.\n   총리 신분이기 때문에 소속 파벌을 떠나 있지만 그는 당내 최대 파벌의 실질적인 오너다.\n   당내 2위 파벌인 아소파, 4위 니카이파와의 지원까지 받고 있는 아베는 ‘국회의원+지역표’로 선출하는 자민당 차기 총재 결정에 절대적인 영향력이 있다.\n  기시다는 아베 내각에서 무려 4년7개월 동안 외상을 지냈다.\n  전통의 명문파벌이자 당내 리버럴세력의 상징인 고치카이(宏池會· 현 기시다파·당내 공동 4위 파벌)의 수장이다.\n    게다가 기시다의 지역구는 원폭 피해를 입은 히로시마로, 울트라 보수 색채인 아베 총리나 호소다파와는 생각이 다를수 밖에 없다.\n   그럼에도 불구하고 아베 총리는 왜 라이벌 파벌의 총수이자 각종 여론조사에서 4~5위권에 머물고 있는 기시다에게 마음을 줄까.\n      먼저 \"자민당내에서 유일하게 '반(反) 아베'의 기치를 들고 있는 이시바 시게루(石破茂)전 간사장의 집권은 어떻게든 피하고 싶어서 일 것\"이라는 관측이 있다.\n  2012년, 2018년 아베와 이시바는 두 차례나 총재선거에서 맞붙었다.\n   파벌 의원들의 수는 채 20명이 안되지만 지역에서 인기가 높은 이시바는 ‘아베 1강’으로 불리는 자민당내 역학구도속에서 유일하게 아베와 정면 대결해온 인물이다.\n ",
		"passage_Cnt": 1208
	},
	"Annotation": {
		"summary1": "아베 총리의 후임자가 누가 될지 관심이 쏠리고 있는 가운데 신년 인터뷰에서 아베 총리가 기시다 자민당 정조회장을 치켜세우는 발언을 하여 화제가 되고 있다.",
		"summary2": null,
		"summary3": "1일 방송된 TV아사히의 아베 신조(安倍晋三·65)총리 신년 인터뷰에서 이런 대화가 오갔다. 임기가 2021년 9월까지인 아베 총리의 후임이 누구냐는 초미의 관심사다. 그런데 최근 ‘아베 총리의 마음이 기시다 후미오(岸田文雄·62)자민당 정조회장으로 기울었다'는 얘기가 급속도로 돌고 있다. 아베 총리는 TV아사히 인터뷰에서도 \"외상으로서 (집단적 자위권 행사 등)평화안전법제 성립에도 큰 역할을 했다\",\"오바마 대통령의 히로시마 방문에도 역할이 컸다\",\"이번 추경예산 처리때도 리더십을 발휘했다\"고 기시다를 치켜세웠다.",
		"summary_3_cnt": 294
	}
}