{
	"Meta(Acqusition)": {
		"doc_id": "REPORT-news_r-00062",
		"doc_category": "REPORT",
		"doc_type": "news_r",
		"doc_name": "IT주·리츠·ELS·달러·금 노려라",
		"author": "김선영",
		"publisher": "중앙일보",
		"publisher_year": "2020",
		"doc_origin": "중앙일보"
	},
	"Meta(Refine)": {
		"passage_id": "REPORT-news_r-00062-00001",
		"passage": "새해 재테크 전망은 그리 밝지만은 않다.\n  미국과 중국의 무역분쟁과 미국 대선, 홍콩 시위 사태, 북핵 문제 등 대외 불확실성이 여전해서다.\n  어떤 재테크 전략을 세워야 연말에 지갑이 두둑해질까.\n  은행·증권사의 베테랑 프라이빗 뱅커(PB) 다섯 명에게 물어봤다.\n  이들은 올해 국내 증시가 상반기엔 높고 하반기엔 낮은 흐름(상고하저)이 예상되는 만큼 연초엔 위험자산, 하반기엔 안전자산을 담는 투자 전략을 제시했다.\n  ①정보기술(IT) 주식=주력 산업인 반도체 업황이 바닥을 쳤다는 기대감이 커지고 있다.\n  증권가와 IT 업계에선 5세대(5G) 이동통신의 보급이 본격화하면서 D램 가격이 오를 수 있다는 전망이 나온다.\n  반도체 시장조사업체인 D램익스체인지에 따르면 D램 현물 가격은 최근 한 달 새 10% 이상 올랐다.\n  서재연 미래에셋대우 갤러리아WM 상무는 “새해 증시는 국내 IT주에서 투자 기회를 찾을 만하다”고 말했다.\n  김현섭 국민은행 도곡스타PB센터 팀장은 “외국인이 많이 사는 삼성전자나 SK하이닉스 주가는 좀 더 올라갈 여지가 있다”고 설명했다.\n  ②리츠(REITs)=자금을 모아 부동산에 투자하고 여기서 나오는 임대 수익 등을 투자자들에게 나눠주는 상품이다.\n  투자자들은 3개월에서 1년 단위로 배당금을 받는다.\n  배당 수익률은 상품에 따라 다르지만 대체로 연 5% 안팎이다.\n  만일 투자한 부동산에 문제가 생기면 수익률이 예상보다 낮아지거나 원금 손실이 생길 수도 있다.\n  김진여 NH투자증권 프리미어블루 강남센터장은 “저금리 상황에서 리츠는 배당 매력이 있는 상품이라 수요가 많을 것”이라고 말했다.\n  미국 등 해외 리츠도 관심을 가질 만하다고 PB들은 평가한다.\n  ③주가연계증권(ELS)=중위험·중수익 상품이다.\n  주가지수나 개별 종목 같은 ‘기초자산’ 가격이 미리 정한 범위를 유지하면 연 5% 안팎의 수익을 낼 수 있다.\n  그 범위를 이탈하면 손실이 난다.\n  PB들은 개별 종목보다는 코스피나 미국 S&P 500지수를 기초자산으로 한 상품을 추천했다.\n  유성옥 신한은행 신한PWM서초센터 팀장은 “S&P 500지수 등이 가입 시점보다 40~50% 떨어지지 않으면 수익을 보는 구조”라고 말했다.\n  오는 11월 미국 대선 등으로 증시의 변동성이 커지더라도 주가가 급락할 가능성은 크지 않다는 판단이다.\n  ④달러=달러는 안전자산의 대표 격이다.\n  무역갈등이 세계 경제를 짓누르면 달러 가치는 올라간다.\n ",
		"passage_Cnt": 1216
	},
	"Annotation": {
		"summary1": "반도체 업황에 기대감이 커지며 증권가와 IT 업계에선 D램 가격이 오를 수 있다는 전망이 나오는 가운데 김 팀장은 삼성전자나 SK하이닉스 주가는 올라갈 여지가 있다고 설명했다.",
		"summary2": null,
		"summary3": "증권가와 IT 업계에선 5세대(5G) 이동통신의 보급이 본격화하면서 D램 가격이 오를 수 있다는 전망이 나온다. 김현섭 국민은행 도곡스타PB센터 팀장은 “외국인이 많이 사는 삼성전자나 SK하이닉스 주가는 좀 더 올라갈 여지가 있다”고 설명했다. ①정보기술(IT) 주식=주력 산업인 반도체 업황이 바닥을 쳤다는 기대감이 커지고 있다.",
		"summary_3_cnt": 187
	}
}