{
	"Meta(Acqusition)": {
		"doc_id": "REPORT-news_r-00247",
		"doc_category": "REPORT",
		"doc_type": "news_r",
		"doc_name": "이승엽과 박용택 사이...한화의 '김태균 딜레마'",
		"author": "김식",
		"publisher": "중앙일보",
		"publisher_year": "2020",
		"doc_origin": "중앙일보"
	},
	"Meta(Refine)": {
		"passage_id": "REPORT-news_r-00247-00001",
		"passage": "김태균(38)의 가치는 얼마일까.\n  이 화두를 놓고 한화 이글스가 깊은 고민을 하고 있다.\n  김태균은 자유계약선수(FA) 자격을 얻었지만 고향 팀 한화와 계약하는 건 기정사실이다.\n  한화 구단도 프랜차이즈 스타인 김태균을 충분히 예우하겠다는 방침이다.\n  결말은 정해져 있지만 과정이 순조롭지만은 않다.\n  올 겨울 FA 시장이 얼어붙긴 했지만 김태균 계약은 해를 넘겼다.\n  무엇보다 김태균이 아직도 구단으로부터 계약 제안을 받지 않은 것으로 알려져 놀라는 이들이 많다.\n  따라서 이성열(36)과 윤규진(36)의 계약도 미뤄지고 있다.\n  지난달 정민철 한화 단장은 지난달 김태균에게 아우트라인을 제시한 것으로 알려졌다.\n  이승엽(44·전 삼성)과 박용택(41·LG)의 마지막 계약 사이에서 계약하자는 언질이었다.\n  이승엽은 일본에서 활약한 7년을 빼고도 삼성에서만 KBO리그 최다인 467홈런을 때렸다.\n  삼성은 2016년 이승엽과 2년 총액 36억원에 마지막 계약을 했다.\n  KBO리그 사상 최다 안타(2439개) 기록자인 박용택은 지난해 LG와 2년 총액 25억원에 계약했다.\n  한화의 판단대로 김태균의 커리어는 두 선수의 중간 지점이다.\n  김태균은 일본에서 뛴 2년을 빼고 17시즌을 한화에서 보냈다.\n  김태균의 통산 홈런은 역대 11위(309개)이고, 5000타석 이상 타자들 가운데 통산 타율 1위(0.\n 323)다.\n  통산 안타 4위(2161개), 통산 볼넷 2위(1111개)다.\n  선수의 종합능력을 측정하는 WAR(대체선수대비 승리기여도·스탯티즈 기준)로는 양준혁(87.\n 22), 이승엽(72.\n 08)에 이어 김태균(69.\n 63)이 역대 3위다.\n  이런 이유로 한화는 김태균에게 ‘이승엽과 박용택 사이’라는 가이드 라인을 제시한 것으로 보인다.\n  문제는 프랜차이즈 스타의 마지막 계약에는 여러 변수가 작용한다는 점이다.\n  김태균이 두 선배보다 불리한 점은 FA 시장 상황이다.\n  최근 1~2년 동안 시장이 꽁꽁 얼어붙은 건 부정할 수 없는 사실이다.\n  최근에는 돈을 많이 쓰면 일부 팬들이 구단을 탓하는 분위기까지 형성되고 있다.\n  또한 김태균의 장타력 감소도 마이너스 요인이다.\n  2003년 이후 매년 두 자릿수 홈런을 때렸던 그가 지난해 홈런 6개에 그쳤다.\n  타격폼 변화에 성공하지 못한 이유였다.\n  공인구 반발력이 낮아진 요인도 무시할 수 없었다.\n  이승엽과 박용택의 마지막 계약 나이는 40세였다.\n ",
		"passage_Cnt": 1216
	},
	"Annotation": {
		"summary1": "한화는 김 씨에게 이 씨와 박 씨 사이라는 가이드 라인을 제시했지만 FA 시장이 꽁꽁 얼어붙은 것과 장타력, 공인구 반발력의 감소는 부정할 수 없는 사실이다.",
		"summary2": null,
		"summary3": "김태균이 두 선배보다 불리한 점은 FA 시장 상황이다. 최근 1~2년 동안 시장이 꽁꽁 얼어붙은 건 부정할 수 없는 사실이다. 또한 김태균의 장타력 감소도 마이너스 요인이다. 이런 이유로 한화는 김태균에게 ‘이승엽과 박용택 사이’라는 가이드 라인을 제시한 것으로 보인다. 공인구 반발력이 낮아진 요인도 무시할 수 없었다.",
		"summary_3_cnt": 183
	}
}