{
	"Meta(Acqusition)": {
		"doc_id": "REPORT-news_r-00193",
		"doc_category": "REPORT",
		"doc_type": "news_r",
		"doc_name": "줄서는 운동화 대신 무한 부활 운동화 어때요…착한 스니커즈의 반란",
		"author": "유지연",
		"publisher": "중앙일보",
		"publisher_year": "2020",
		"doc_origin": "중앙일보"
	},
	"Meta(Refine)": {
		"passage_id": "REPORT-news_r-00193-00001",
		"passage": "  삼성패션연구소에서 발표한 2020년 패션 시장 전망에 따르면 올해 소비 시장에서 가장 중요한 것은 ‘명분’이다.\n  단순히 수요와 공급이 아닌, 신념에 의한 소비 트렌드가 뿌리내리기 시작한다는 의미다.\n    유엔 기후변화협약에 따르면 패션 산업이 유발하는 온실가스의 양은 전 세계의 해상 운송 및 항공 운송 부문의 배출량을 압도한다.\n  빠르게 생산하고 빠르게 소비하는 ‘패스트 패션(fast fashion)’의 등장으로 사람들의 옷 교체 주기도 점점 빨라지고 있다.\n  미국 앨런 맥아더재단의 보고서에 따르면 지난 15년간 소비자들이 옷을 보유하는 기간은 절반으로 떨어졌다.\n  미국에서 버려지는 옷의 85%는 쓰레기 매립지로 향한다.\n    지금 패션 업계는 그 어느 때보다도 진지하게 ‘지속 가능성(sustainable)’에 몰두하고 있다.\n  최근 속속 출시되는 지속 가능한 스니커즈가 대표적이다.\n  버려진 플라스틱병으로 운동화를 만들고, 해조류나 콩 등 친환경 식물 재료를 활용한다.\n  생태 운동화, 식물성 운동화라는 표현도 나올 정도다.\n  요즘 흔한 한정판 운동화, 줄 서는 운동화가 아닌 지속 가능한 운동화라니.\n  생소한 수식어지만 들여다보면 지금 시대의 명분을 가장 잘 담았다는 면에서 주목할 만하다.\n     최근 세계적으로 가장 주목받는 지속 가능한 스니커즈는 프랑스 브랜드 베자(veja)다.\n  2004년 설립된 운동화 제조업체 베자는 아마존의 고무나무에서 채취한 고무, 유기농 목화와 코코넛 섬유 등 천연 재료로 만든 가죽과 안감을 사용해 운동화를 만든다.\n  운동화에 사용되는 유기농 면화는 농약이나 제초제 없이 재배된다.\n  버려진 플라스틱병을 재활용한 소재나 물고기 가죽 등 친환경 소재를 사용하기도 한다.\n  모두 공정 무역으로 수급한 재료들로 다른 브랜드의 스니커즈들에 비해 5~7배 더 비용을 들여 운동화를 만든다.\n  생산 원가가 늘어난 대신 광고비를 줄인다.\n  클래식하고 단순한 디자인이면서도 환경을 생각하고 기업 윤리를 챙기는 브랜드에 소비자들도 호감을 느낀다.\n  현재 전 세계 45개국에 1800여개의 매장을 운영하고 있으며 2017년에만 55만 켤레의 운동화를 팔아 2200만 달러(약 256억원)의 매출을 올렸다.\n     주로 버려진 플라스틱을 재활용한 재료나 친환경 재료를 활용해 운동화를 만드는 경우가 많지만 드물게는 판매 방식이나 버리는 방식에 변화를 줘 지속 가능성을 실천하는 사례도 있다.\n ",
		"passage_Cnt": 1211
	},
	"Annotation": {
		"summary1": "패스트 패션의 등장으로 패션 업계는 지속 가능성에 주목하고 있는데, 그 방법으로 생태 운동화라고도 부르는 스니커즈를 들 수 있으며 버려진 쓰레기나 친환경 식물 등으로 만든다.",
		"summary2": null,
		"summary3": "빠르게 생산하고 빠르게 소비하는 ‘패스트 패션(fast fashion)’의 등장으로 사람들의 옷 교체 주기도 점점 빨라지고 있다. 지금 패션 업계는 그 어느 때보다도 진지하게 ‘지속 가능성(sustainable)’에 몰두하고 있다. 최근 속속 출시되는 지속 가능한 스니커즈가 대표적이다. 버려진 플라스틱병으로 운동화를 만들고, 해조류나 콩 등 친환경 식물 재료를 활용한다. 생태 운동화, 식물성 운동화라는 표현도 나올 정도다.",
		"summary_3_cnt": 242
	}
}