{
	"Meta(Acqusition)": {
		"doc_id": "REPORT-news_r-00237",
		"doc_category": "REPORT",
		"doc_type": "news_r",
		"doc_name": "보육사 한 명이 영아 4.2명 돌봐..아동, 공격성·심리 불안 커",
		"author": "황수연",
		"publisher": "중앙일보",
		"publisher_year": "2020",
		"doc_origin": "중앙일보"
	},
	"Meta(Refine)": {
		"passage_id": "REPORT-news_r-00237-00001",
		"passage": "학대·유기·이혼·빈곤 등의 이유로 아동보호시설에 보내진 영·유아가 열악한 환경에서 양육되고 있다는 지적이 나왔다.\n  보육사 한 명이 돌보는 0~2세 영아는 법적 기준의 두 배인 평균 4명을 웃돌았다.\n   이정림 육아정책연구소 연구위원은 4일 이 같은 내용을 담은 ‘아동보호시설 영·유아 양육실태 및 지원방안’ 보고서를 발표했다.\n   아동보호시설은 보호가 필요한 아동이 원가정으로 복귀하기 전이나 자립하기 전까지 일시적으로 이들을 보호·양육하는 시설이다.\n  일시보호시설과 위탁가정, 공동생활가정(그룹홈) 등이다.\n  연구진은 영·유아 담당 보육사 263명을 대상으로 시설의 양육·종사자 현황 등을 조사했다.\n  또 관련 종사자나 기관장 등 41명을 심층면담했다.\n   조사 결과 돌봄 환경은 열악했다.\n  종사자 한 명이 0~2세 영아를 평균 4.\n 2명씩 돌봤다.\n  보고서는 “아동복지법 시행령에서 제시하고 있는 0~2세 보육사 배치기준인 아동 2명당 1명을 현저히 초과하는 숫자”라고 지적했다.\n  1~2명을 돌보고 있는 경우는 28.\n 9%에 불과했고, 3~5명이라고 응답한 이가 44.\n 4%로 가장 많았다.\n  6명 이상을 돌보고 있는 경우도 26.\n 7%나 됐다.\n    보고서는 “베이비박스를 통해 시설에 들어오는 영아가 다른 연령보다 많기 때문으로 추정된다”며 “영아기는 다른 시기보다 돌봄을 가장 많이 필요한 시기인 만큼 보육사의 부족으로 돌봄을 제대로 받지 못하는 상황에 대한 사회적·국가적 관심이 필요하다”고 지적했다.\n  보고서에 따르면 시설로 보내지는 영아 10명 중 8명(82.\n 1%)은 베이비박스를 통해서 온다.\n   유아만 돌보는 경우 보육사 한 명이 평균 4.\n 8명을 담당했다.\n  10명 중 7명(71.\n 3%)은 5명 이하를 돌봤지만, 6명 이상을 담당하는 보육사도 28.\n 7%나 됐다.\n  영·유아를 함께 보는 경우에는 보육사 1인당 돌보는 아동이 평균 8.\n 0명으로 나타났다.\n   이들의 원가정과의 교류는 사실상 끊겨 있었다.\n  교류하고 있지 않는 영아가 대다수(89.\n 5%)였다.\n  유아의 경우에도 그 비중은 87.\n 3%였다.\n  대부분 베이비박스로 유기돼 부모를 알 수 없는 경우가 많기 때문이라고 보고서는 밝혔다.\n    제대로 돌봄을 받지 못하는 탓에 불안감이나 회피·위축, 조절되지 않는 공격성 등에서 높은 반응을 보이는 것으로 나타났다.\n  연구진이 아동양육시설이나 공동생활가정, 위탁가정에서 자라는 3~7세 유아 총 15명을 대상으로 심리검사의 일종인 애착표상(MSSB) 검사를 조사한 결과다.\n ",
		"passage_Cnt": 1271
	},
	"Annotation": {
		"summary1": "육아정책연구소 이 연구위원은 아동보호시설에 대한 보고서에서 영유아가 열악한 환경에서 양육되고 있고 국가적인 관심이 필요하다고 지적했다.",
		"summary2": null,
		"summary3": "학대·유기·이혼·빈곤 등의 이유로 아동보호시설에 보내진 영·유아가 열악한 환경에서 양육되고 있다는 지적이 나왔다. 보고서는 “베이비박스를 통해 시설에 들어오는 영아가 다른 연령보다 많기 때문으로 추정된다”며 “영아기는 다른 시기보다 돌봄을 가장 많이 필요한 시기인 만큼 보육사의 부족으로 돌봄을 제대로 받지 못하는 상황에 대한 사회적·국가적 관심이 필요하다”고 지적했다. 이정림 육아정책연구소 연구위원은 4일 이 같은 내용을 담은 ‘아동보호시설 영·유아 양육실태 및 지원방안’ 보고서를 발표했다.",
		"summary_3_cnt": 279
	}
}