{
	"Meta(Acqusition)": {
		"doc_id": "REPORT-news_r-00248",
		"doc_category": "REPORT",
		"doc_type": "news_r",
		"doc_name": "中 의문의 폐렴 공포 확산···정부 \"24시간 비상 대응체계 가동\"",
		"author": "황수연",
		"publisher": "중앙일보",
		"publisher_year": "2020",
		"doc_origin": "중앙일보"
	},
	"Meta(Refine)": {
		"passage_id": "REPORT-news_r-00248-00001",
		"passage": "최근 중국에서 원인 불명의 폐렴 환자가 속출한 것과 관련 보건당국이 24시간 대응체계를 가동한다고 3일 밝혔다.\n  2003년 중국에 창궐했던 중증급성호흡기증후군(SARSㆍ사스)처럼 될까 '제2의 사스' 공포가 확산하고 있지만 당국과 전문가들은 그럴 가능성이 작고 현재로선 추가 확산 우려도 크지 않은 상황이라고 판단했다.\n    이날 오후 질병관리본부(이하 질본)는 관련 자료를 내 “중국 후베이(湖北)성의 우한(武漢)시에서 폐렴 집단 발생이 보고됐다”며 “‘우한시 원인불명 폐렴 대책반’을 가동하고 우한시 입국자에 대한 검역을 강화한다”고 밝혔다.\n  지난달 31일 중국 후베이성 우한시 위생건강위원회는 우한시에서 폐렴 환자가 27명 발생해 환자들은 격리 치료 중이며 밀접접촉자는 모니터링 중이라고 발표했다.\n   중국 당국에 따르면 27명 중 7명은 중태고 2명은 병세가 호전돼 퇴원할 예정이다.\n  기타 감염자의 증상은 통제 가능한 수준이라고 한다.\n  중국 보건당국은 생가금류와 야생동물을 파는 것으로 알려진 화난 해산물시장(华南海鲜城)에서 환자가 다수 보고됨에 따라 해당 시장에 대한 위생학적 조치를 했고 전문가를 파견해 조사 중이다.\n  페이지 스나이더 중국 주재 세계보건기구(WHO) 선임고문은 “중국 당국과 접촉해 어떤 원인으로 폐렴이 발생했는지 조사 중”이라며 “당국은 어떤 병원체가 병을 일으켰는지 아직 확인하지 못했다.\n  WHO는 사태의 추이를 면밀하게 주시하고 있고 추가 사실이 확인되면 공개할 것”이라고 밝혔다.\n   WHO는 태스크포스(TF)를 꾸려 우한 사태와 관련해 질병 조기경보 시스템이 제대로 작동하는지, 관련 정보가 지역 간에 신속하게 전달되는지 체크할 방침이다.\n    인근 홍콩도 비상이 걸렸다.\n  2일 홍콩 사우스차이나모닝포스트(SCMP)의 보도에 따르면 최근 우한을 다녀온 3명의 홍콩인 또한 고열 등의 증상을 보여 격리병동에 입원해 치료를 받았다.\n  다만 2명은 회복돼 퇴원했고, 나머지 한 명도 추가 발열은 없는 상황이다.\n   중국에서 원인 불명의 폐렴이 발생한 것과 관련해 질본은 3일 관련 대책반을 구성하고 긴급상황실 24시간 대응체계를 가동하기로 했다.\n  또 중국 보건당국, WHO와 긴밀한 협력체계를 가동해 정보수집이나 위험평가를 지속하고 있다고 밝혔다.\n  이와 함께 우한시에서 오는 항공편의 국내 입국자를 대상으로 발열 감시나 검역을 강화할 예정이다.\n   일각에서 '제2의 사스 공포'가 확산하고 있는 것 관련 보건당국과 전문가들은 사스 가능성은 낮을 것이라 판단했다.\n ",
		"passage_Cnt": 1254
	},
	"Annotation": {
		"summary1": "중국에서 원인 불명의 폐렴 환자가 속출한 것과 관련해 질본은 우한시 원인불명 폐렴 대책반을 가동하고 우한시 입국자에 대한 검역을 강화한다고 밝혔다.",
		"summary2": null,
		"summary3": "최근 중국에서 원인 불명의 폐렴 환자가 속출한 것과 관련 보건당국이 24시간 대응체계를 가동한다고 3일 밝혔다. 2003년 중국에 창궐했던 중증급성호흡기증후군(SARSㆍ사스)처럼 될까 '제2의 사스' 공포가 확산하고 있지만 당국과 전문가들은 그럴 가능성이 작고 현재로선 추가 확산 우려도 크지 않은 상황이라고 판단했다. 이날 오후 질병관리본부(이하 질본)는 관련 자료를 내 “중국 후베이(湖北)성의 우한(武漢)시에서 폐렴 집단 발생이 보고됐다”며 “‘우한시 원인불명 폐렴 대책반’을 가동하고 우한시 입국자에 대한 검역을 강화한다”고 밝혔다.",
		"summary_3_cnt": 304
	}
}