{
	"Meta(Acqusition)": {
		"doc_id": "REPORT-news_r-00251",
		"doc_category": "REPORT",
		"doc_type": "news_r",
		"doc_name": "합격만하면 ‘황금밥그릇’, 중국 알짜 명문대는 바로 여기!",
		"author": "이주리",
		"publisher": "중앙일보",
		"publisher_year": "2020",
		"doc_origin": "중앙일보"
	},
	"Meta(Refine)": {
		"passage_id": "REPORT-news_r-00251-00001",
		"passage": "중국의 명문대를 말할 때, 청화대학(清华大学; 칭화대학), 북경대학(北京大学; 베이징대학), 복단대학(复旦大学; 푸단대학), 인민대학(人民大学; 런민대학) 등을 떠올린다.\n  하지만 중국에는 이 학교들 외에도 명성이 자자한 대학들이 많다.\n  합격만 하면 일명 ‘황금 밥그릇(金饭碗; 수입이 매우 좋고 안정된 직업이나 직위)’ 대열에 낄 수 있다고 소문난 학교들이다.\n 외교학원(外交学院; China Foreign Affairs University)중국 외교부(Ministry of Foreign Affairs) 산하의 학교이다.\n  중국 외교관을 꿈꾸는 학생을 키우는 곳으로, 소규모 모집을 하는 것이 특징이다.\n  높은 수준의 교육을 받는 것으로 알려져 있으나, 업무 기밀 상 졸업생들이 정확히 어떤 일을 하고 있는지 알 수 없다.\n  사람들은 이 학교를 들어가는 부모들에게 이렇게 말한다.\n 일단 이곳에 들어가면 네 아이는 ‘가정’이 아니라, ‘국가’에 귀속된 셈이다.\n (进去了，你的孩子就属于国家了，不属于你家。)졸업생들이 대부분 외교 관련 일을 하고 있기 때문에 ‘중국 외교관의 요람(中国外交官的摇篮)’이라고 불린다.\n  외교학원의 교사는 약 400여 명으로, 주로 법학, 외교학, 국제관계, 정치학, 언어 등을 교육한다.\n 북경협화의학원(北京协和医学院; Peking Union Medical College)북경협화의학원은 ‘중국의학전당(中国医学殿堂)’으로 알려졌다.\n  국가위생건강위원회(国家卫生健康委员会) 직속의 유일한 의과대학으로 전국중점대학(全国重点大学), 211대학(211大学), 985대학(985大学), 쌍일류대학(双一流大学)에 모두 속한 학교이기도 하다.\n  1919년에 설립되었으며, 무려 8년제 과정을 개설했다.\n  2007년부터 칭화대학(清华大学)과 협력하여 의학부를 설립한 덕분에 211대학과 985대학 리스트에 자리할 수 있었다.\n  의대생들은 2.\n 5년은 칭화대, 5.\n 5년은 북경협화의학원에서 수학한다.\n 제4차 학과평가(第四轮学科评估)에서 북경협화의학원은 총 13개 학과 중 6개 학과에서 A 등급을 받았다.\n  기초의학, 약학, 생물학에서 A+ 등급을 받아 전국의과대학 중 A+ 등급이 가장 많은 학교로 꼽혔다.\n 북경전자과학기술학원(北京电子科技学院; Beijing Electronic Science and Technology Institute)중국에 ‘공무원 사관 학교’로 불리는 곳이다.\n  졸업생들에게 국가 공무원 시험을 치르도록 요구하는 유일한 학교이다.\n ",
		"passage_Cnt": 1234
	},
	"Annotation": {
		"summary1": "중국의 명문대를 말할 때 청화대학이나 북경대학 등을 떠올리는데 이 학교들 외에도 북경협화의학원 등 합격만 하면 황금 밥그릇 대열에 낄 수 있다는 대학들이 많다. ",
		"summary2": null,
		"summary3": "하지만 중국에는 이 학교들 외에도 명성이 자자한 대학들이 많다. 중국의 명문대를 말할 때, 청화대학(清华大学; 칭화대학), 북경대학(北京大学; 베이징대학), 복단대학(复旦大学; 푸단대학), 인민대학(人民大学; 런민대학) 등을 떠올린다. 합격만 하면 일명 ‘황금 밥그릇(金饭碗; 수입이 매우 좋고 안정된 직업이나 직위)’ 대열에 낄 수 있다고 소문난 학교들이다. 북경협화의학원은 ‘중국의학전당(中国医学殿堂)’으로 알려졌다.",
		"summary_3_cnt": 238
	}
}