{
	"Meta(Acqusition)": {
		"doc_id": "REPORT-news_r-00173",
		"doc_category": "REPORT",
		"doc_type": "news_r",
		"doc_name": "새해 첫날, 트럼프는 역시 골프장에",
		"author": "김선영",
		"publisher": "중앙일보",
		"publisher_year": "2020",
		"doc_origin": "중앙일보"
	},
	"Meta(Refine)": {
		"passage_id": "REPORT-news_r-00173-00001",
		"passage": "도널드 트럼프 미국 대통령은 소문난 골프 애호가다.\n  2020년 새해 첫날에도 그는 골프장에 있었다.\n  골프를 얼마나 좋아하는지는 지난해 골프장을 찾은 횟수만 봐도 알 수 있다.\n  지난 연말 CNN이 발표한 ‘지난해 트럼프 대통령의 일정과 활동’ 분석 결과에 따르면 최소 86일을 골프장에서 보냈다.\n  평균 5일에 한 번 꼴이다.\n  트럼프 대통령은 지난해 초 연방정부의 일시 업무중지(셧다운)로 1월 25일에야 공식적으로 근무를 시작했다.\n  그 이후로 틈날 때마다 골프장에서 시간을 보냈다.\n  트럼프 대통령이 지난해 찾은 골프장은 자신이 미국, 아일랜드에 소유한 골프장으로 나타났다.\n  대통령이 되기 전 사업가였던 트럼프 대통령은 골프장 18개를 소유했다.\n  지난 연말과 새해 첫날, 트럼프 대통령은 자신이 소유한 플로리다주 마라라고 리조트에서 겨울 휴가를 보냈다.\n  틈틈이 리조트 인근 트럼프 인터내셔널 골프클럽에서 골프를 쳤다.\n  지난달 29일 미군이 이라크·시리아 국경 지역을 공습했을 때도, 골프장에서 골프를 쳤다는 보도가 있었다.\n  트럼프 대통령은 “가짜 뉴스”라며 부인했다.\n  미국 대통령의 골프 사랑은 남다르다.\n  다른 사람의 방해를 받지 않으면서, 국정 운영 도중 생긴 스트레스를 풀기에 좋은 스포츠가 골프라서다.\n  최근 100년간 재임했던 18명의 미국 대통령 중 15명이 골프를 쳤다.\n  28대 우드로 윌슨 대통령은 재임 기간 8년간 1200회 이상 골프를 쳤다고 전해진다.\n  34대 드와이트 아이젠하워 대통령도 재임 중 800회가량 라운딩을 했다.\n  2005년 골프 관련 저서를 펴내면서 “골프는 게임 그 이상이다.\n  열정이 있다”고 예찬론을 폈던 트럼프 대통령은 윌슨과 아이젠하워의 뒤를 이을 만하다.\n  트럼프 대통령은 2017년 1월 대통령 취임 이후 3년간 252차례 골프장을 찾았다.\n  CNN은 “트럼프는 대통령 후보 시절, 전임 오바마 대통령을 두고 골프를 많이 쳤다고 비판했다.\n  그러나 오바마 대통령은 재임 8년간 333번 골프장을 갔다”고 보도했다.\n  트럼프 대통령이 함께 골프를 치는 파트너는 핵심 측근인 린지 그레이엄 미 공화당 상원의원이다.\n  15차례로 가장 많았다.\n  트럼프 대통령은 이번 연말 휴가에도 그레이엄 의원과 함께 골프를 쳤다.\n  해외 지도자 가운데는 아베 신조 일본 총리와 5차례 동반 라운딩을 했다.\n  트럼프 대통령은 잭 니클라우스, 더스틴 존슨과도 세 차례씩 라운딩하는 등 운동선수와 33차례 함께 골프를 쳤다.\n ",
		"passage_Cnt": 1243
	},
	"Annotation": {
		"summary1": "새해 첫날에도 골프장에 있을 정도로 소문난 골프 애호가인 트럼프 미국 대통령은국정 운영 중 생긴 스트레스를 풀기 위해 평균 5일에 한 번씩 골프장에 갔다.",
		"summary2": null,
		"summary3": "도널드 트럼프 미국 대통령은 소문난 골프 애호가다. 2020년 새해 첫날에도 그는 골프장에 있었다. 다른 사람의 방해를 받지 않으면서, 국정 운영 도중 생긴 스트레스를 풀기에 좋은 스포츠가 골프라서다. 그 이후로 틈날 때마다 골프장에서 시간을 보냈다. 골프를 얼마나 좋아하는지는 지난해 골프장을 찾은 횟수만 봐도 알 수 있다. 지난 연말 CNN이 발표한 ‘지난해 트럼프 대통령의 일정과 활동’ 분석 결과에 따르면 최소 86일을 골프장에서 보냈다. 평균 5일에 한 번 꼴이다.",
		"summary_3_cnt": 271
	}
}