{
	"Meta(Acqusition)": {
		"doc_id": "REPORT-news_r-00241",
		"doc_category": "REPORT",
		"doc_type": "news_r",
		"doc_name": "12년간 꿈만 꾼 국방부···'한국형 아이언맨'은 없었다",
		"author": "이철재",
		"publisher": "중앙일보",
		"publisher_year": "2020",
		"doc_origin": "중앙일보"
	},
	"Meta(Refine)": {
		"passage_id": "REPORT-news_r-00241-00002",
		"passage": "   국방부 관계자는 “2020년 미래 병사는 당시 기술 개발 동향을 검토한 뒤 제시한 미래상”이라며 “개발 목표라기보다는 나아갈 길을 제시하는 수준”이라고 말했다.\n  그러나 문형철 육군 자문위원은 “국방부와 ADD는 당시 미국 육군의 '랜드 워리어(Land Warrior)'나 '퓨처 워리어(Future Warrior)'와 같은 미래 전투 체계 개발 사업을 상당히 따라 했다”며 “미국에서도 이들 사업을 그만두거나 목표치를 낮춰 추진하고 있다”고 말했다.\n    대신 육군은 미래 병사의 대안으로 ‘워리어 플랫폼(Warrior Platform)’을 추진하고 있다.\n  워리어 플랫폼은 개인 전투원의 전투력을 최고도로 발휘하도록 전투복과 장구류를 개선한 뒤 나중에 하나로 통합한 전투체계다.\n  미래 병사보다는 소박한 편이다.\n  2026년 이후 미래 병사와 비슷한 체계를 내놓는 게 육군의 바람이다.\n    \"2012년 8월까지 견마 로봇 나온다\" 이처럼 계획상 2020년대에 나와야 했지만, 결국은 나오지도 못한 무기ㆍ무기체계가 꽤 있다.\n  눈이 너무 높았거나, 기술이 아직 모자라거나, 가격이 너무 비쌌기 때문이다.\n   2006년 국방부는 2012년까지 전방 철색선을 초병 대신 로봇이 지킨다는 계획을 세웠다.\n  열화상추적장치ㆍ적외선추적장치 등 첨단 장비를 탑재한 로봇이 경계를 서다 적을 발견하면 경고를 하고 암구호를 묻는다는 개념이다.\n  필요하면 기관총을 발사해 적을 제압할 수도 있다.\n   국방부는 또 2012년 8월까지 6년 동안 예산 334억원을 투자해 ‘견마(犬馬) 로봇’을 만든다고 발표했다.\n  병사 대신 위험 지역에 들어가거나 지뢰를 탐지 또는 군수 물자를 나르는 임무를 맡는 로봇이었다.\n  시가지 전투에 투입한다는 무인전투 체계 개발이 포함했다.\n  2013∼2020년 기간에 1∼2단계로 나눠 추진한다는 장기 계획도 내놓았다.\n   하지만 2012년을 훌쩍 넘겼지만 꿈꿨던 수준에 도달하진 못했다.\n  현재 비무장지대(DMZ)에 설치한 과학화 경계시스템은 센서로 침입을 탐지하고 영상장비로 원격 감시하는 수준에 그친다.\n  로봇이 경계를 서면서 능동적으로 탐지하고 암구호를 묻겠다던 원래 계획과는 거리가 크다.\n  무인 전투체계도 아직 실전에서 볼 수 없다.\n  견마 로봇은 아직 실전에 투입하지 못했다.\n  지난해 6월 한국과학기술연구원(KIST)에서 열린 ‘2019년 1차 코리아 매드 사이언티스트 콘퍼런스’에서 개발 중인 견마 로봇이 등장했지만, 아직 완성 단계는 아니었다.\n ",
		"passage_Cnt": 1243
	},
	"Annotation": {
		"summary1": "국방부는 전방 철색선을 첨단 장비를 탑재한 로봇이 경계를 서다 적을 발견하면 경고하고 암구호를 묻는 계획을 세웠었지만 센서로 침입 탐지하고 원격 감시하는 수준에 그쳤다.",
		"summary2": null,
		"summary3": "2006년 국방부는 2012년까지 전방 철색선을 초병 대신 로봇이 지킨다는 계획을 세웠다. 열화상추적장치ㆍ적외선추적장치 등 첨단 장비를 탑재한 로봇이 경계를 서다 적을 발견하면 경고를 하고 암구호를 묻는다는 개념이다. 현재 비무장지대(DMZ)에 설치한 과학화 경계시스템은 센서로 침입을 탐지하고 영상장비로 원격 감시하는 수준에 그친다.",
		"summary_3_cnt": 189
	}
}