{
	"Meta(Acqusition)": {
		"doc_id": "REPORT-news_r-00056",
		"doc_category": "REPORT",
		"doc_type": "news_r",
		"doc_name": "마장동 아파트 불, 2000명 대피 소동…\"안내 방송 안 들렸다\"",
		"author": "편광현",
		"publisher": "중앙일보",
		"publisher_year": "2020",
		"doc_origin": "중앙일보"
	},
	"Meta(Refine)": {
		"passage_id": "REPORT-news_r-00056-00001",
		"passage": "지난해 12월 31일 성동구 마장동의 한 아파트 지하 공용 보일러실에서 불이 나 주민 2000여명이 대피하는 소동이 벌어졌다.\n    성동구청에 따르면 이날 오후 1시 아파트 단지 지하에 있는 보일러실에서 화재가 발생했다.\n  바로 옆에 있던 전기실까지 불이 옮겨붙었다.\n  각 동으로 가스와 전기를 보내는 연결선이 모두 불타 가스와 전기, 수도가 모두 끊겼다.\n  불은 1시간 30여 분만에 꺼졌고 인명 피해는 없었다.\n     “처음에는 정전인 줄 알았다” 주민 2000여명 대피 소동주민들은 성동구청의 안내에 따라 인근 찜질방 2개로 대피했다.\n  총 273명이 찜질방에서 새해를 맞았고 나머지 주민들은 친척⋅이웃집이나 숙박업소에서 하룻밤을 보냈다.\n  이 아파트에는 총 811세대, 2189명이 거주하고 있다.\n  아파트 주민들은 처음에 단순 정전인 줄 알았다고 말했다.\n  주민 임모(79)씨는 “불이 꺼지길래 정전인 줄 알았다”며 “아파트가 30년 돼서 그런지 방송을 못 들었는데, 한 시간 뒤에 밖을 보니 소방차가 있었다”고 말했다.\n  7층에 사는 한 주민은 “뒤늦게 지하에 불이 난 걸 알고 나왔는데 엘리베이터가 작동 안 돼 걸어 내려왔다”며 “노약자들은 업혀서 내려오기도 했다”고 전했다.\n    화재 원인은 아직 밝혀지지 않았다.\n  성동소방서는 \"화재감식반이 다녀갔으나 화재 원인은 아직 알 수 없다\"고 말했다.\n  한 주민은 \"보일러실이 오래돼 전선 노후로 불이 났을 수도 있다\"고 추측했다.\n   “내일 오후 5시 완전복구 목표” 2개 동엔 임시전력 공급 중현재 성동구청, 한국전력공사 등 공공기관이 아파트 복구를 지원하고 있다.\n  성동구청 직원 200여명은 31일 오후부터 교대근무를 하며 주민들을 돕고 있다.\n  마장동 주민센터는 아파트 입구에 천막을 세워 주민들을 안내하고 생수, 핫팩, 컵라면 등 비상 물품을 나눠줬다.\n  일부 주민들도 나서서 물티슈 등 생활필수품을 나눠주기도 했다.\n  한국전력공사는 1일 오전 9시부터 차량 11대와 긴급동원 인력 27명을 동원해 복구작업을 진행하고 있다.\n  현재 다목적 임시전력공급장치 3대를 설치해 최대 500킬로와트(kW)의 전력을 공급할 예정이다.\n  오후 5시 30분 기준 9개 동 중 2개 동에 전기가 공급되고 있다.\n  김경태 한국전력공사 배전운영차장은 “완전한 복구는 내일 오후 5시까지 하는 것이 목표”라고 말했다.\n    소동을 겪은 지 하루가 지난 주민들은 침착한 반응을 보였다.\n ",
		"passage_Cnt": 1218
	},
	"Annotation": {
		"summary1": "성동구 마장동의 한 아파트 지하 공용 보일러실에서 불이 나 가스와 전기 수도가 끊겼고 주민 2000여명이 찜질방 등으로 대피했으며 공공기관이 아파트 복구를 지원하고 있다.",
		"summary2": null,
		"summary3": "지난해 12월 31일 성동구 마장동의 한 아파트 지하 공용 보일러실에서 불이 나 주민 2000여명이 대피하는 소동이 벌어졌다. 각 동으로 가스와 전기를 보내는 연결선이 모두 불타 가스와 전기, 수도가 모두 끊겼다. 소동주민들은 성동구청의 안내에 따라 인근 찜질방 2개로 대피했다. 총 273명이 찜질방에서 새해를 맞았고 나머지 주민들은 친척⋅이웃집이나 숙박업소에서 하룻밤을 보냈다. 현재 성동구청, 한국전력공사 등 공공기관이 아파트 복구를 지원하고 있다.",
		"summary_3_cnt": 258
	}
}