{
	"Meta(Acqusition)": {
		"doc_id": "REPORT-news_r-00190",
		"doc_category": "REPORT",
		"doc_type": "news_r",
		"doc_name": "[노관범의 독사신론(讀史新論)] 독립문 행진 한국군 맞는 인파, 독립국 ‘대한민국’을 선언하다",
		"author": "김선영",
		"publisher": "중앙일보",
		"publisher_year": "2020",
		"doc_origin": "중앙일보"
	},
	"Meta(Refine)": {
		"passage_id": "REPORT-news_r-00190-00001",
		"passage": "① 100년 전 달력의 새해 메시지 새해가 밝았다.\n  새해 첫 달력을 펼친다.\n  대한민국 달력으로 올해는 2020년, 아라비아 숫자 0과 2가 사이좋게 두 개씩 들어간 조합이다.\n  이 조합이 들어간 달력이 처음 나온 해는 18년 전, 그러니까 한일 월드컵이 있었던 2002년이었다.\n  이 조합이 들어간 달력이 다시 나올 해는 180년 후, 그 해 2200년에는 과연 어떤 일이 기다리고 있을까.\n  대한민국 달력은 100년 전에도 있었다.\n  대한민국 임시정부 학무부는 임시정부 수립 후 첫 번째 새해가 되는 1920년을 앞두고 대한민력(大韓民曆)이라는 달력을 제작했다.\n  북간도 화룡현 명동학교 건축기 뒷면에서 처음 실물이 발견된 이 달력을 통해 대한민국이라는 국가공동체를 만들고자 했던 임시정부의 노력을 엿볼 수 있다.\n  북간도 한인 교민사회는 대한민국의 상징으로 대한민력을 공유하는 달력 공동체의 중요한 일원이었다.\n  대한민력 상단에는 흥미로운 그림이 있다.\n  대한민국 기병과 보병이 독립문을 지나 행진하고 있고 길가에는 환호하는 인파로 가득하다.\n  독립문에 두 태극기가 각각 좌우를 향해 걸려 있어 이날이 경축일임을 알려 준다.\n  이 그림의 좌우 양단에는 각각 태극기가 그려져 있는데, 우측 태극기 아래에는 ‘독립’ 두 글자가, 좌측 태극기 아래에는 ‘만세’ 두 글자가 적혀 있다.\n  다시 ‘독립’ 두 글자 아래에는 ‘개천절’(음력 10월 3일)과 ‘독립선언일’(3월 1일)이, ‘만세’ 두 글자 아래에는 ‘중화민국 9년’과 ‘서력 1920년’이 기입돼 있다.\n  물론 전체 그림 위에는 ‘대한민국 2년’이 표시돼 있다.\n   북간도 명동학교 건축기 뒷면에서 발견 그림의 메시지는 명확하다.\n  행진하는 대한민국 군대를 향해 독립문 주변에서 한인이 독립 만세를 외치고 있다.\n  일본의 식민 지배에서 완전히 해방된 감격의 그 날을 표상하고 있다.\n  그 날이 언제가 될지 예측할 수는 없었을 것이다.\n  하지만 ‘대한민국 2년’ 안에 맞이해야 할 그 날이 되어야 한다는 의지가 드러나 있다.\n  어쩌면 돌아오는 ‘독립선언일’이 감격의 그 날이 될 수 있을까? 독립선언일이란 글자 그대로 독립을 선언한 날, 곧 미국의 ‘Independence Day’ 같은 날.\n  독립을 선언한 미국이 독립전쟁으로 식민 지배에서 벗어나 독립국이 됐듯이 대한민국 역시 미국의 길을 걸어 불원간 독립국이 된다면? 1919년 4월 재미 한인이 미국 독립 선언의 성소 필라델피아에서 독립을 선언하고 시가행진을 벌인 데에는 깊은 뜻이 있었다.\n ",
		"passage_Cnt": 1258
	},
	"Annotation": {
		"summary1": "북간도의 명동학교에서 발견된 임시정부가 제작한 대한민력에는 대한민국 병사들이 독립문을 행진하고 인파들이 환호하며 식민 지배에서 해방된 날을 표상하는 그림이 돋보인다.",
		"summary2": null,
		"summary3": "대한민국 임시정부 학무부는 임시정부 수립 후 첫 번째 새해가 되는 1920년을 앞두고 대한민력(大韓民曆)이라는 달력을 제작했다. 북간도 화룡현 명동학교 건축기 뒷면에서 처음 실물이 발견된 이 달력을 통해 대한민국이라는 국가공동체를 만들고자 했던 임시정부의 노력을 엿볼 수 있다. 대한민력 상단에는 흥미로운 그림이 있다. 대한민국 기병과 보병이 독립문을 지나 행진하고 있고 길가에는 환호하는 인파로 가득하다. 일본의 식민 지배에서 완전히 해방된 감격의 그 날을 표상하고 있다.",
		"summary_3_cnt": 269
	}
}