{
	"Meta(Acqusition)": {
		"doc_id": "REPORT-news_r-00022",
		"doc_category": "REPORT",
		"doc_type": "news_r",
		"doc_name": "카를로스 곤, 악기상자 숨어 도주? 황당한 日 \"세계적 망신\"",
		"author": "서승욱",
		"publisher": "중앙일보",
		"publisher_year": "2020",
		"doc_origin": "중앙일보"
	},
	"Meta(Refine)": {
		"passage_id": "REPORT-news_r-00022-00001",
		"passage": "카를로스 곤(66)닛산자동차 전 회장의 ‘보석기간 중 탈출극’으로 인한 일본내 충격이 확산되고 있다.\n  지난해 4월 해외 출국 금지 등을 조건으로 보석을 허가 받은 곤 전 회장은 지난달 31일 “난 레바논에 있다”는 성명을 발표했다.\n   레바논은 곤 전 회장 가족들의 출신지로, 곤 전 회장 역시 유년기를 그 곳에서 보냈다.\n      일본 언론들에 따르면 보석을 신청했던 변호사측은 “아닌 밤중에 홍두깨다.\n  전혀 몰랐다”고 황당해했다.\n  보석을 허가한 법원 역시  “쇼크”라며 망연자실한 분위기다.\n   산케이 신문은 “증거인멸과 도주 가능성을 이유로 보석에 강하게 반대했던 도쿄지검 특수부에선 ‘언젠가는 도망갈 줄 알았다’는 얘기가 나온다”고 전했다.\n  한 검찰 간부는 이 신문에 “일본의 형사사법 제도의 부끄러움을 전세계에 알린 법원과 변호인단은 책임이 무겁다”고 양측을 강하게 비판했다.\n  이런 가운데 곤 전 회장의 일본 탈출의 구체적인 경위와 관련된 보도가 잇따르고 있다.\n    일본 언론들에 따르면 레바논의 주요 미디어인 MTV는 “곤 전 회장이 악기 상자에 숨어 출국했다”고 보도했다.\n   민간경비회사 또는 ‘군대에 준하는 민병조직’ 관계자들이 크리스마스 만찬음악회의 밴드로 가장해 곤 전 회장의 도쿄 거처에 들어갔고,연주를 끝낸 뒤 곤 전 회장을 악기 상자에 숨겨 나왔다는 것이다.\n   산케이 신문은 \"취재원을 밝히지 않았기 때문에 보도의 신뢰성은 명확하지 않다\"고 했다.\n  곤 전 회장은 자가용 비행기편으로 지난달 29일 오사카 간사이 국제공항을 출발해 터키를 거쳐 지난달 30일(현지시간)레바논에 도착했을 가능성이 크다고 한다.\n     이와관련, 아사히 신문은 일본 국토교통성을 인용해 “자가용 비행기를 사용할 경우에도 일반 여객과 마찬가지로 CIQ(세관·출입국관리·검역)를 받을 필요가 있어 CIQ 검사를 받지 않고 출국했을 가능성은 100% 불가능하다”고 했다.\n  하지만 X선 화물 검사에 대해선 “자가용 비행기의 경우 의무화돼 있지 않고, 기장 등의 판단으로 생략되는 경우도 있다”고 전했다.\n  레바논 TV와 아사히 신문 보도를 종합하면 곤 전 회장이 숨어있었던 악기 박스가 오사카 공항에서 수화물 검사를 받지 않고 자가용 비행기에 실렸을 가능성이 있다.\n  유럽 언론들은 일련의 탈출 계획을 주도한 인물로 곤 전 회장의 부인 캐럴을 지목하고 있다.\n   프랑스의 르몽드는 “터키와 양호한 관계를 가진 형제들과 함께 캐럴이 탈출 준비를 진행했을 가능성이 크다”고 전했다.\n ",
		"passage_Cnt": 1244
	},
	"Annotation": {
		"summary1": "출국 금지 등을 조건으로 보석을 허가 받은 닛산자동차의 전 회장이 유년기를 보낸 레바논에 있다는 성명을 발표했다.",
		"summary2": null,
		"summary3": "카를로스 곤(66)닛산자동차 전 회장의 ‘보석기간 중 탈출극’으로 인한 일본내 충격이 확산되고 있다. 지난해 4월 해외 출국 금지 등을 조건으로 보석을 허가 받은 곤 전 회장은 지난달 31일 “난 레바논에 있다”는 성명을 발표했다. 레바논은 곤 전 회장 가족들의 출신지로, 곤 전 회장 역시 유년기를 그 곳에서 보냈다.",
		"summary_3_cnt": 180
	}
}