{
	"Meta(Acqusition)": {
		"doc_id": "REPORT-news_r-00151",
		"doc_category": "REPORT",
		"doc_type": "news_r",
		"doc_name": "\"집 안물려줘도 괜찮아요\" 자식이 더 권하는 주택연금",
		"author": "장원석",
		"publisher": "중앙일보",
		"publisher_year": "2020",
		"doc_origin": "중앙일보"
	},
	"Meta(Refine)": {
		"passage_id": "REPORT-news_r-00151-00001",
		"passage": "5년 전 은퇴한 조태석(가명·65) 씨는 지난해 주택연금에 가입했다.\n  명절에 모인 자녀들의 권유를 받고서다.\n  퇴직 무렵부터 가입을 고민했지만 하나뿐인 집을 담보로 잡히는 게 불안해 망설이던 차였다.\n  조 씨는 “집 한 채는 물려주고픈 마음이 컸는데 걱정하지 말고 조금이라도 여유 있게 사시라는 말이 참 고마웠다”며 “실제로 생활비를 조금 넉넉하게 쓸 수 있게 돼 만족한다”고 말했다.\n  주택연금 가입자가 7만명(12월 15일 기준 7만343명)을 넘어섰다.\n  주택연금은 만 60세 이상 고령자가 본인이 소유한 주택(합산 9억원 이하)을 맡기고, 평생 연금을 받는 상품이다.\n  국가가 보증하는 대표적인 역모기지다.\n  2007년 도입했는데 초기엔 반응이 시큰둥했다.\n  1만명을 돌파하기까지 5년이나 걸렸다.\n  최근엔 다르다.\n  2016년 이후엔 매년 약 1만명씩 가입자가 늘고 있다.\n  인기 비결은 여러 가지다.\n  일단 반드시 집을 소유해야 한다는 생각이 옅어졌다.\n  주택연금의 최대 장점은 살던 집에 계속 머물면서 연금을 받는다는 점이다.\n  초기엔 '집을 빼앗기는 것'이란 오해가 있었다.\n  하지만 시간이 지나면서 거주에 지장을 주지 않고, 당장 집의 소유권이 넘어가는 게 아니란 점이 알려졌다.\n  또 나중의 상속보단 현재의 부담을 덜어주는 게 낫다고 판단한 부모가 많아졌다.\n  자녀의 생각도 크게 다르지 않다.\n  함태규 주택금융공사 서울동부지사 상담실장은 “‘집 한 채라도 물려줘야지’라는 생각보단 ‘용돈이나 생활비를 받아 쓰면 그게 더 부담’이란 생각이 강해졌다”며 “최근엔 자녀가 먼저 상담을 받고, 부모와 함께 방문해 최종적으로 결정하는 경우가 많다”고 말했다.\n  ‘기왕 할 거면 빨리 가입하는 게 낫다’는 현실론도 작용했다.\n  현재 주택연금 가입자의 평균 연령은 72세, 평균 월 101만원 정도를 연금으로 받는다.\n  가입자의 65%가 죽을 때까지 받는 종신지급형을 택했다.\n  이따금 일정 금액을 목돈으로 빼서 쓸 수 있는 혼합 방식까지 합하면 종신지급형이 10명 중 9명이다.\n  일찍 가입해 오래 받을수록 가입자에겐 이득이란 뜻이다.\n  앞으로도 주택연금의 인기는 꾸준할 전망이다.\n  베이비부머 세대가 본격적인 은퇴 연령에 접어들었지만, 상당수는 노후 준비가 부족하다.\n  주택연금은 괜찮은 선택지 중 하나다.\n  살면서 연금을 받는다는 장점 외에도 주택연금은 매력이 있다.\n  국가가 지급을 보장하고, 부부 중 한 명이 사망해도 감액 없이 연금을 준다.\n ",
		"passage_Cnt": 1239
	},
	"Annotation": {
		"summary1": "주택연금은 고령자가 소유한 주택을 맡기고 연금을 받는 국가가 보증하는 상품으로 인기 비결은 거주에 지장을 주지 않고 현재의 부담을 덜어주자고 판단한 부모가 많아졌기 때문이다.",
		"summary2": null,
		"summary3": "주택연금은 만 60세 이상 고령자가 본인이 소유한 주택(합산 9억원 이하)을 맡기고, 평생 연금을 받는 상품이다. 국가가 보증하는 대표적인 역모기지다. 하지만 시간이 지나면서 거주에 지장을 주지 않고, 당장 집의 소유권이 넘어가는 게 아니란 점이 알려졌다. 또 나중의 상속보단 현재의 부담을 덜어주는 게 낫다고 판단한 부모가 많아졌다. 인기 비결은 여러 가지다.",
		"summary_3_cnt": 206
	}
}