{
	"Meta(Acqusition)": {
		"doc_id": "REPORT-news_r-00157",
		"doc_category": "REPORT",
		"doc_type": "news_r",
		"doc_name": "콘텐트 고르는 ‘매의 눈’ 부치에리  “한국서 통하면 세계서 통한다”",
		"author": "민경원",
		"publisher": "중앙일보",
		"publisher_year": "2020",
		"doc_origin": "중앙일보"
	},
	"Meta(Refine)": {
		"passage_id": "REPORT-news_r-00157-00001",
		"passage": " “이건 세계 어느 시장에서도 통하겠는데.\n  국가별 장벽이 높지 않겠어.\n ”  에이앤이 네트웍스(A+E Networks)의 폴 부치에리 회장이 2018년 7월 한국 히스토리 채널에서 시작한 웹예능 ‘뇌피셜’을 처음 본 감상평이다.\n  가수 겸 예능인 김종민이 매회 새로운 출연자를 초청해 ‘남녀 사이에 친구가 가능한가’ ‘SNS는 친구일까, 웬수일까’ 등을 주제로 토론하는 콘셉트는 만국 공통의 관심사를 다룰 수 있기 때문이다.\n   에이앤이는 1984년 디즈니와 허스트가 합작해서 만든 글로벌 미디어 기업이다.\n  본사는 미국에 있지만 220여개 국가에서 87개 채널을 통해 프로그램을 방영하는 에이앤이 입장에서는 좋은 포맷을 찾는 것이 가장 중요한 일 중 하나다.\n  2일 서울 광화문에서 만난 부치에리 회장은 “어떻게 하면 적합한 콘텐트를 만들고, 알맞은 장소에 가져다 놓을 수 있을 것인가를 항상 고민하는데 한국은 현재 콘텐트 지형도에서 중요한 위치를 차지하고 있는 나라”라고 밝혔다.\n  미국 FOX를 비롯해 전 세계 44개국에 수출된 ‘복면가왕’(MBC)을 비롯해 ABC에서 리메이크해 현재 세 번째 시즌이 방영 중인 ‘굿닥터’(KBS) 등 한국 포맷에 대한 관심이 나날이 높아지고 있는 덕분이다.\n  그는 “한국식 로맨틱 코미디가 가장 인기 있긴 하지만 리얼리티 쇼부터 웹드라마, 게임 방송까지 다양한 장르가 고루 잘 되는 점이 인상적”이라고 덧붙였다.\n  에이앤이는 2017년 10월 한국 시장에 진출, 히스토리ㆍ라이프타임 등 2개의 TV 채널을 론칭한 이후 공격적으로 오리지널 프로그램을 선보이고 있다.\n  TV 채널과 디지털에서 선보인 오리지널만 30여편에 달한다.\n  히스토리 채널 인지도가 상승하면서 미국 예능 ‘전당포 사나이들’이 인기를 끌자 지난달 박준형ㆍ데프콘이 물품을 감정하고 흥정하는 한국판 ‘트레저 헌터’를 론칭하기도 했다.\n  K팝 아이돌의 삶을 엿볼 수 있는 ‘아이돌맘’ ‘아이돌 런치박스’ 등은 인도네시아 등 동남아에서 뜨거운 반응을 보였다.\n  다큐멘터리 중심으로 서비스하던 일본 히스토리 채널은 한국 오리지널 콘텐트에 큰 관심을 보이며 ‘뇌피셜’ 등의 리메이크를 논의 중이다.\n   인터뷰에 동행한 쇼카토 바너지 아시아 총괄 대표는 “한국은 인터넷 속도가 빨라 언제 어디서나 원하는 동영상을 지체 없이 소비할 수 있기 때문에 이용 시간도 길고 피드백도 적극적인 편”이라며 “방송뿐 아니라 웹콘텐트 시장도 경쟁이 치열해 아시아 전체 트렌드를 이끌고 있다”고 설명했다.\n ",
		"passage_Cnt": 1239
	},
	"Annotation": {
		"summary1": "에이앤이 회장은 한국이 콘텐츠 지형도에서 중요한 위치에 있다고 밝혔으며 아시아 총괄 대표도 한국이 아시아 전체 트렌드를 이끌고 있다고 설명했다.",
		"summary2": "에이앤이는 1984년 디즈니와 허스트가 합작해서 만든 글로벌 미디어 기업이다. 2일 서울 광화문에서 만난 부치에리 회장은 “어떻게 하면 적합한 콘텐트를 만들고, 알맞은 장소에 가져다 놓을 수 있을 것인가를 항상 고민하는데 한국은 현재 콘텐트 지형도에서 중요한 위치를 차지하고 있는 나라”라고 밝혔다. 인터뷰에 동행한 쇼카토 바너지 아시아 총괄 대표는 “한국은 인터넷 속도가 빨라 언제 어디서나 원하는 동영상을 지체 없이 소비할 수 있기 때문에 이용 시간도 길고 피드백도 적극적인 편”이라며 “방송뿐 아니라 웹콘텐트 시장도 경쟁이 치열해 아시아 전체 트렌드를 이끌고 있다”고 설명했다.",
		"summary3": null,
		"summary_3_cnt": null
	}
}