{
	"Meta(Acqusition)": {
		"doc_id": "REPORT-news_r-00091",
		"doc_category": "REPORT",
		"doc_type": "news_r",
		"doc_name": "전주→논산→전주 100㎞ 돌아 노송동에 돌아온 '천사 성금'",
		"author": "김준희",
		"publisher": "중앙일보",
		"publisher_year": "2020",
		"doc_origin": "중앙일보"
	},
	"Meta(Refine)": {
		"passage_id": "REPORT-news_r-00091-00001",
		"passage": "충남 출신 30대 2인조가 빼돌린 전주 '얼굴 없는 천사'의 성금 6000만원이 사흘 만에 애초 기부 대상인 노송동주민센터로 돌아갔다.\n    2일 전북 전주시에 따르면 전주 완산경찰서는 이날 오전 11시 절도범들에게 회수한 '얼굴 없는 천사' 성금 6016만3210원을 노송동주민센터에 전달했다.\n  2000년부터 지난해까지 20년간 한 해도 거르지 않고 남몰래 기부해 온 '얼굴 없는 천사'의 성금이 전주→논산→전주 100㎞를 돌아 해를 넘겨 원래 목적지에 도착한 셈이다.\n  경찰은 '얼굴 없는 천사'가 성금 소유권을 주민센터에 넘긴 것으로 봤다.\n  이 사건을 해결한 김영근 완산경찰서 형사과장이 직접 주민센터를 찾아 최규종 노송동장에게 성금을 건넸다.\n  논산 지역 선후배 사이인 A씨(35)와 B씨(34)는 지난달 30일 오전 10시 7분쯤 '얼굴 없는 천사'가 주민센터 뒤편 천사공원 내 '희망을 주는 나무' 밑에 두고 간 성금 6000여만원을 상자째 차량에 싣고 도주한 혐의를 받고 있다.\n  전주지법 최정윤 판사는 1일 \"도주 우려가 있다\"며 두 사람의 구속영장을 발부했다.\n   이들은 범행 당일 오후 2시 25분과 2시 40분쯤 각각 충남 계룡과 대전 유성에서 붙잡혔다.\n  범행 후 약 4시간 만이다.\n  \"이틀 전부터 주민센터 근처에서 못 보던 차가 있어서 차량 번호를 적어놨다\"는 주민이 건넨 메모가 결정적 단서가 됐다.\n    논산에서 컴퓨터 수리업체를 운영하는 A씨는 경찰에서 \"유튜브를 통해 '얼굴 없는 천사'의 사연을 알게 됐다\"며 \"컴퓨터 수리업체를 하나 더 차리려고 범행을 계획했다\"고 말했다.\n  A씨가 무직인 B씨에게 먼저 범행을 제안했다.\n  경찰은 이들이 훔친 성금도 무사히 되찾았다.\n  A4용지 상자에는 5만원권 지폐 다발(100장씩 각 500만원) 12묶음과 동전 담긴 돼지저금통이 들어 있었다.\n  '소년소녀가장 여러분 힘내세요'라고 적힌 편지도 있었다.\n  경찰 관계자는 \"용의자들이 도주 과정에서 붙잡혔기 때문에 훔친 돈을 쓸 수 있는 시간적 여유가 없었다\"고 했다.\n    1년간 기다려 온 성금이 감쪽같이 사라져 발만 동동 굴렀던 주민센터 직원들은 범인이 잡혀 안도하는 분위기다.\n  하지만 이번 사건 때문에 '얼굴 없는 천사'가 상심할까 봐 걱정했다.\n  노송동주민센터 동네복지팀 박종표 주무관은 \"처음엔 기부금까지 가져갈 정도로 각박한 세상이 됐나 싶어 당황스러웠다\"고 말했다.\n  그는 \"저희야 성금을 받는 입장이지만 '얼굴 없는 천사'는 매년 자기 모습을 보이지 않고 꾸준히 기부했던 분인데 이 일로 인해 상처를 받아 '내가 이 일을 꼭 해야 하나' 기부 자체에 회의적인 시각을 갖지 않을까 봐 걱정스럽다\"고 했다.\n ",
		"passage_Cnt": 1334
	},
	"Annotation": {
		"summary1": "전주 완산경찰서는 2인조 절도범에게 회수한 얼굴 없는 천사 성금 약 6000만원을 노송동주민센터에 전달했다.",
		"summary2": "충남 출신 30대 2인조가 빼돌린 전주 '얼굴 없는 천사'의 성금 6000만원이 사흘 만에 애초 기부 대상인 노송동주민센터로 돌아갔다. 2일 전북 전주시에 따르면 전주 완산경찰서는 이날 오전 11시 절도범들에게 회수한 '얼굴 없는 천사' 성금 6016만3210원을 노송동주민센터에 전달했다.",
		"summary3": null,
		"summary_3_cnt": null
	}
}