{
	"Meta(Acqusition)": {
		"doc_id": "REPORT-news_r-00244",
		"doc_category": "REPORT",
		"doc_type": "news_r",
		"doc_name": "[단독]하필 울산선거 논의뒤, 추미애 측근·靑민정 '묘한 만찬'",
		"author": "현일훈",
		"publisher": "중앙일보",
		"publisher_year": "2020",
		"doc_origin": "중앙일보"
	},
	"Meta(Refine)": {
		"passage_id": "REPORT-news_r-00244-00001",
		"passage": "울산 선거개입 의혹과 관련해 2017년 당시 추미애 더불어민주당 대표(현 법무부장관) 측 인사가 울산시장 선거 대책을 논의한 당일, 청와대 민정비서실 관계자와도 회동했다고 자유한국당이 3일 주장했다.\n  한국당 ‘선거개입 의혹 진상조사위원회’ 위원장인 주광덕 의원은 이날 추 대표 측근 정모(53)씨 2017년 일정을 공개했다.\n  정씨 일정은 그의 개인 홈페이지에 나와 있다.\n  정씨는 당시 추 대표 비서실 부실장이었다.\n   정씨 홈페이지에 적힌 2017년 9월 26일 일정에는 ‘11:00 더민주 정당발전위원장 최재성 전 의원 면담’과 함께 ‘부산, 울산, 경남 지역 내년 지방선거 대책 논의’라고 돼 있다.\n  지방선거를 앞두고 2017년 8월 출범한 정당발전위원회는 경선 룰, 공천심사 원칙 등을 논의했다.\n  이어 같은 날 ‘14:30 더민주 울산시당 직능위원장 면담- 내년 울산시장 선거 대책 논의’라는 일정이 올라와 있다.\n  저녁 일정으로는 ‘18:00 청와대 민정비서실 관계자 등과 만찬’이 쓰여 있었다.\n  주 의원은 “추미애 당시 당 대표 밑에 있던 사람이 하루 동안 경선 룰 등을 짜는 당내 핵심 인사를 만나고 울산시장 선거 대책을 논의한 후 청와대 민정비서실 관계자를 만나는 일정이 연관성이 없겠는가\"라고 했다.\n   이에 앞서 정씨의 홈페이지에는 같은 해 7월 18일 '15:00 더민주 울산 북구 위원장 면담-차기 울산 지방선거 대책 논의’라는 일정이 메모 돼 있고, 두 달 뒤인 9월 15일에는 ‘12:00 청와대 민정비서실 선임행정관과 오찬’이 적혀 있었다.\n   일정 중에는 송철호 시장과의 회동 일정도 있었다.\n  홈페이지에는 ‘10/11 송철호’, ‘12:00 송철호 전 국민고충처리위원장과 오찬’, ‘내년 울산시장 선거 대비 지역 숙원사업 해결 대책 논의’라고 적혀 있다.\n  정씨는 2017년 8월부터 2018년 4월까지 추 대표 비서실 부실장으로 있다가 2018년 5월 송철호 후보 캠프에 합류해 정무 특보로 일했다.\n   현재 검찰은 송 시장의 공약 수립과 공천 과정에 민주당이 어떤 역할을 했는지를 두고 수사 중이다.\n  정씨는 2017년 10월 송 시장과 장환석 청와대 균형발전비서관실 선임행정관과의 만남을 주선한 것 등과 관련해 2일 검찰 조사를 받았다.\n  이와 관련 정씨에게 수차례 연락했지만 닿지 않았다.\n   앞서 정씨는 부산일보와 통화에서 ‘송철호-장환석’ 회동 주선과 관련 “추 대표에게 사전에도 사후에도 전혀 보고한 바가 없다”며 “대표 부실장으로서의 직무와는 관계가 없는 일이고, 지역 민원 협조 차원이었다”라고 말했다.\n ",
		"passage_Cnt": 1282
	},
	"Annotation": {
		"summary1": "2017년 당시 추 대표 측 인사가 울산시장 선거 대책을 논의한 당일 청와대 민정비서실 관계자와도 회동했다고 자유한국당이 주장하며 추 대표 측근 정 씨 일정을 공개했다.",
		"summary2": "울산 선거개입 의혹과 관련해 2017년 당시 추미애 더불어민주당 대표(현 법무부장관) 측 인사가 울산시장 선거 대책을 논의한 당일, 청와대 민정비서실 관계자와도 회동했다고 자유한국당이 3일 주장했다. 한국당 ‘선거개입 의혹 진상조사위원회’ 위원장인 주광덕 의원은 이날 추 대표 측근 정모(53)씨 2017년 일정을 공개했다.",
		"summary3": null,
		"summary_3_cnt": null
	}
}