{
	"Meta(Acqusition)": {
		"doc_id": "REPORT-news_r-00272",
		"doc_category": "REPORT",
		"doc_type": "news_r",
		"doc_name": "신시장도 구시장도 '불만'…노량진 수산시장 4년 갈등 끊어낼까",
		"author": "이우림",
		"publisher": "중앙일보",
		"publisher_year": "2020",
		"doc_origin": "중앙일보"
	},
	"Meta(Refine)": {
		"passage_id": "REPORT-news_r-00272-00001",
		"passage": "“그동안 타격이 많았다.\n  구(舊)시장 사람들이 밖에서 시끄럽게 하니까 손님들이 들어오고 싶어도 못 왔다.\n ” 새해 첫 주말을 맞은 5일, 지난 한 해를 돌아보는 서울 노량진 수산시장 상인의 표정은 밝지 않았다.\n  25년 동안 장사를 해왔다는 이 상인은 “구시장 상인들의 욕심 때문에 이렇게 됐다”고 한숨을 쉬면서도 “그래도 지금은 정리가 돼 조금 나아졌다”고 했다.\n    실제 2015년 노량진 수산시장의 신시장 건물이 완공된 이후 시작된 갈등은 지난해에 극에 달했다.\n  2016년 3월 신시장이 문을 열었지만 일부 구시장 상인들은 “장소가 협소하고 임대료가 비싸다”는 이유로 입점을 거부하면서 수산업협동조합(수협) 측과 맞섰다.\n    이들은 구시장에서 장사를 이어갔지만, 수협은 건축물 안전점검에서 최하등급인 D등급을 받았던 곳에서 장사를 이어가게 할 수 없다며 명도집행을 진행했다.\n  특히 2018년 8월 대법원이 수협 쪽의 손을 들어주면서 지난해 8월까지 10차례에 걸쳐 명도집행이 이뤄졌고 결국 지난해 11월 26일 구시장은 완전히 폐쇄됐다.\n  이에 신시장 상인들은 “구시장으로 가던 손님들이 신시장으로 발걸음을 돌려 이전보다 장사가 잘된다”며 반색하는 분위기다.\n   \"에스컬레이터 주변만 장사 잘돼\"다만 갈등이 완전히 종료된 건 아니다.\n  신시장 내에서도 불만이 나오고 있기 때문이다.\n    30년 동안 이곳에서 장사를 해온 박용철(53)씨는 “지금 신시장은 20%만 살아남을 수 있는 구조다.\n  손님이 오면 건물 전체를 이동할 수 있도록 순환 구조가 돼야 하는데 에스컬레이터 중심으로만 사람이 몰리게 돼 있다”고 지적했다.\n  박씨의 말처럼 신시장 건물은 2층 주차장에서 1층으로 내려오는 에스컬레이터를 중심으로 사람이 북적였다.\n  이 중심에 있는 50여개의 상점은 손님들로 북새통을 이뤘지만, 이 부근을 제외한 곳엔 지나다니는 사람들도 적었다.\n  박씨는 임대료 문제도 제기했다.\n  그는 “구시장에서 25만원으로 장사했다면 여기선 80만원을 줘야 한다”고 덧붙였다.\n   10년 동안 이곳에서 장사해온 또 다른 상인은 구시장에서 장사할 때보다 매상이 줄었다고 말했다.\n  그는 “구시장에서 100만원을 벌었다면 여기선 60만원 정도 번다”면서 “차를 갖고 오는 사람들에겐 괜찮은데 1호선과 거리가 좀 멀어 교통 문제가 있다”고 했다.\n    3월 '자리 뽑기' 후 갈등 우려 일각에선 올해 3월 있을 자리 뽑기에서 갈등이 이어질 수 있단 지적도 나온다.\n ",
		"passage_Cnt": 1229
	},
	"Annotation": {
		"summary1": "신시장 건물이 완공됐지만 구시장 상인들이 입점을 거부했고 대법원의 명도집행으로 인해 구시장은 폐쇄됐다.",
		"summary2": "실제 2015년 노량진 수산시장의 신시장 건물이 완공된 이후 시작된 갈등은 지난해에 극에 달했다. 2016년 3월 신시장이 문을 열었지만 일부 구시장 상인들은 “장소가 협소하고 임대료가 비싸다”는 이유로 입점을 거부하면서 수산업협동조합(수협) 측과 맞섰다. 특히 2018년 8월 대법원이 수협 쪽의 손을 들어주면서 지난해 8월까지 10차례에 걸쳐 명도집행이 이뤄졌고 결국 지난해 11월 26일 구시장은 완전히 폐쇄됐다.",
		"summary3": null,
		"summary_3_cnt": null
	}
}