{
	"Meta(Acqusition)": {
		"doc_id": "REPORT-news_r-00241",
		"doc_category": "REPORT",
		"doc_type": "news_r",
		"doc_name": "12년간 꿈만 꾼 국방부···'한국형 아이언맨'은 없었다",
		"author": "이철재",
		"publisher": "중앙일보",
		"publisher_year": "2020",
		"doc_origin": "중앙일보"
	},
	"Meta(Refine)": {
		"passage_id": "REPORT-news_r-00241-00003",
		"passage": " 최근 빨라진 인공지능(AI) 기술 발전으로 난관에 막혔던 견마 로봇 개발에 속도가 붙었다는 평가다.\n   2018년까지 시제품이 나오기로 했던 '아이언맨' '우주인을 고문해 얻은 기술로 첨단 무기를 내놓는다'는 미국에서도 무기 사업이 도중 고꾸라지기도 한다.\n  미군 특수작전사령부(SOCOM)은 지난해 2월 '전술 공격 경무장 요원 특수복' 계획을 그만둔다고 밝혔다.\n  머리글자를 따 그리스 신화 속 로봇 거인을 뜻하는 '탈로스(Talos)'라 불리는 프로젝트였다.\n  2013년 특수작전사령부는 \"2018년까지 시제품을 내놓겠다\"고 발표했다.\n   탈로스는 미국판 '미래 병사'다.\n  이 특수복을 입은 미군 특수부대 요원은 거의 아이언맨처럼 변신한다.\n  강화 외골격 기능으로 힘이 세지고, 특수방탄으로 어지간한 총탄은 다 막는다.\n  헬멧 속 화면엔 주변 상황이 증강현실(VR) 기술을 거쳐 나타나며, 헬멧으로 본부 또는 다른 특수부대 요원과 통신할 수 있다.\n  그러나 약속했던 2018년이 지나서도 탈로스의 시제품은 나오지 않았다.\n  특수작전사령부는 5번째 시제품인 Mk.\n  5까지 완성했다.\n  성능이 시원찮았다고 한다.\n  기술력 부족 때문이었다.\n  탈로스를 만드는 데 필요한 기술은 현재 있기는 하지만, 탈로스의 성능을 낼만큼 충분히 성숙하지 않았다는 것이다.\n   특수작전사령부는 탈로스를 포기했지만, 대신 더 가볍고 더 튼튼하고 위장 효과가 뛰어난 방탄복 개발에 집중하고 있다  '지구에서 가장 무거운 장갑차량'미 육군은 2014년 지상전투차량(GCV) 개발을 더 진행하지 않겠다고 밝혔다, 2015년 GCV 개발 완료가 미 육군의 목표였다.\n  GCV는 미 육군의 M2 브래들리와 M1126 스트라이커 등 장갑차량을 대체할 기대주였다.\n    브래들리와 스트라이커는 방어력이 약하다는 평가르 받았다.\n  GCV는 1개 분대 9명을 모두 태우고 다니면서, 지뢰나 급조폭발물(IED)도 견딜 정도로 튼튼했다.\n  게다가 하이브리드 엔진을 채택해 조용히 움직일 수 있다는 장점도 가질 예정이었다.\n  그러나 2013년 미 의회의 의회예산처(CBO)는 보고서를 내고 GCV를 부정적으로 평가했다.\n  예산 때문이었다.\n  2030년까지 개발과 생산, 배치에 모두 290억 달러(약 31조원)이 든다는 전망이 나왔다.\n  CBO는 차라리 브래들리를 개량할 것을 미 육군에 권고했다.\n  무게도 단점이었다.\n  GCV는 차체에 장갑을 덕지덕지 붙였기 때문에 70t이 넘었다.\n ",
		"passage_Cnt": 1230
	},
	"Annotation": {
		"summary1": "미군 특수작전 사령부는 전술 공격 경무장 요원 특수복 계획을 그만둔다고 밝혔는데 미국판 미래 병사이며 머리글자를 따 그리스 신화 속 로봇 거인을 뜻하는 탈로스 프로젝트이다.",
		"summary2": "미군 특수작전사령부(SOCOM)은 지난해 2월 '전술 공격 경무장 요원 특수복' 계획을 그만둔다고 밝혔다. 머리글자를 따 그리스 신화 속 로봇 거인을 뜻하는 '탈로스(Talos)'라 불리는 프로젝트였다. 탈로스는 미국판 '미래 병사'다.",
		"summary3": null,
		"summary_3_cnt": null
	}
}