{
	"Meta(Acqusition)": {
		"doc_id": "REPORT-news_r-00138",
		"doc_category": "REPORT",
		"doc_type": "news_r",
		"doc_name": "북한, ‘자력갱생’으로 ‘대미항전’…남북관계는 북·미 대결에 종속",
		"author": "박용한",
		"publisher": "중앙일보",
		"publisher_year": "2020",
		"doc_origin": "중앙일보"
	},
	"Meta(Refine)": {
		"passage_id": "REPORT-news_r-00138-00001",
		"passage": "[Focus 인사이드]  북한 노동당 제7기 제5차 전원회의는 지난해 12월 28일부터 31일까지 4일간 개최하면서 2019년 연말을 장식했다.\n  지난해 북한의 노동당 전원회의는 두 차례 열린 셈이다.\n  지난해 4월에는 제7기 4차 전원회의가 있었고, 8개월 후인 12월에 5차 전원회의가 또다시 소집한 것이다.\n  4차와 5차 전원회의에서 제기되고 보고된 내용 중에서 공통점은 자력갱생 정책에 대한 강조 사항이다.\n  이것은 지난해 2월 하노이 북·미 정상회담이 결렬로 끝나면서 내부적 체제 정비와 강화 필요성에서 기인한 것으로 볼 수 있다.\n   제4차 전원회의에서는 두 개의 안건을 내놓았는데, 그중 하나가 바로 ‘사회주의 건설에서 자력갱생의 기치를 더욱 높이 들고 나갈 데 대하여’였다.\n  5차 전원회의에서도 자력 강화를 위한 국가관리와 경제사업을 비롯한 여러 분야에서 바로 잡아야 할 문제에 대한 언급이 주를 이뤘다.\n  대화와 협상에 대한 유보적 기대 견지 4차 전원회의 때까지만 하더라도 지난해 신년사에서 내놓은 ‘자력갱생의 기치 높이 사회주의 건설의 새로운 진격로를 열어나가자’라는 구호 관철 차원의 연장 선상에서 자력갱생이 강조된 측면이 강했다.\n  김정은 정권은 하노이 정상회담 이전에는 북·미 관계 개선을 통한 제재완화로 ‘사회주의 건설의 새로운 진격로’를 열어나 갈 수 있기를 강하게 희망했던 것으로 보인다.\n   김정은 북한 국무위원장은 북·미 하노이 정상회담이 별다른 성과 없이 끝나나 이러한 긍정적 희망의 실현이 어렵다는 사실을 간파하고 자력갱생 정책 강화로 내부결속과 체제단속에 나선 것으로 볼 수 있다.\n  김정은 정권은 하노이 북·미 정상회담에서 어느 정도 미 트럼프 정부에 대한 기대를 유지한 듯했다.\n  미국과의 협상을 통한 관계 개선과 제재완화 가능성을 완전히 포기하지 않고, 지난해 연말까지 기다린다는 유보하는 태도를 견지한 것이다.\n    ‘제재와 자력갱생’ 미·북 양자 대결 판노동당 제7기 제5차 전원회의는 제7기 4차 전원회의 때와는 훨씬 투쟁적인 자력갱생 기치를 내걸었다.\n  이 회의에선 ‘자력갱생과 제재’ 대결을 북·미 대결 관계로 굳혔다.\n  미국은 핵 문제뿐만 아니라 여타 내용을 깆고 북한을 표적으로 하는 정치·군사적 위협을 계속할 것으로 전망한다.\n   북한은 미국과의 대립이 장기화할 것이며, 제재 상황 속에서 살아나가야 한다는 판단에 따라 여러 방면에서 그들 내부적 힘을 더 강화해야 한다는 논리를 전개했다.\n ",
		"passage_Cnt": 1220
	},
	"Annotation": {
		"summary1": "북한은 하노이 북미 정상회담 결렬의 영향으로 4차와 5차 노동당 전원회의에서 자력갱생 정책에 대해 강조했다.",
		"summary2": "지난해 북한의 노동당 전원회의는 두 차례 열린 셈이다. 4차와 5차 전원회의에서 제기되고 보고된 내용 중에서 공통점은 자력갱생 정책에 대한 강조 사항이다. 이것은 지난해 2월 하노이 북·미 정상회담이 결렬로 끝나면서 내부적 체제 정비와 강화 필요성에서 기인한 것으로 볼 수 있다.",
		"summary3": null,
		"summary_3_cnt": null
	}
}