{
	"Meta(Acqusition)": {
		"doc_id": "REPORT-news_r-00064",
		"doc_category": "REPORT",
		"doc_type": "news_r",
		"doc_name": "‘두바퀴 철녀’ 나아름 “도쿄 찍고 유럽 다시 가겠다”",
		"author": "김선영",
		"publisher": "중앙일보",
		"publisher_year": "2020",
		"doc_origin": "중앙일보"
	},
	"Meta(Refine)": {
		"passage_id": "REPORT-news_r-00064-00002",
		"passage": " 나아름은 \"정말 힘들었다.\n  그래도 유럽에서 지내면서 '유럽 선수들과 내가 다를 게 없다'는 자신감이 생겼다\"고 했다.\n 나아름은 “유럽에 60일 머물렀는데 그중 30일을 출전했다.\n  장시간 귀국비행 뒤 국내 대회에 나갔다.\n  발목과 어깨 통증이 심해졌고, 밸런스도 흐트러졌다”고 털어놨다.\n  김형일 중장거리 대표팀 감독은 \"아름이는 국내와 클럽 대회를 병행하면서 국가대표로 월드컵도 나갔다.\n  통증이 심해 진통제를 먹기도 했다.\n  사이클에만 집중하면서 엄청난 의지로 이겨냈다\"고 말했다.\n  힘들어도 도전하는 건 개척자가 되고 싶어서다.\n  나아름은 “솔직히 전국체전만 나가도 적지 않은 연봉을 받을 수 있다.\n  유럽팀에서도 처음에는 많이 받지 못한다.\n  그래도 세계 최고 선수들과 겨루며 ‘동양인도 할 수 있다’는 걸 깨달았다”고 말했다.\n  나아름은 올해 국내에서만 뛰기로 했다.\n  마지막 출전일지 모르는 올림픽에 최선을 다하기 위해서다.\n  이번 올림픽은 출전권 확보가 어려웠다.\n  지역별 쿼터가 사라졌다.\n  대륙선수권 우승팀과 월드컵 랭킹 포인트 상위 팀만 올림픽에 나갈 수 있다.\n  한국이 확보한 올림픽 티켓은 나아름의 출전이 유력한 여자 도로 종목 뿐이다.\n 기대되는 종목은 월드컵 랭킹 2위 이혜진의 여자 경륜, 그리고 나아름이 포함된 단체추발이다.\n  사이클 단체추발은 스피드스케이팅 팀 추월과 비슷한 종목이다.\n  네 선수가 함께 달리면서 상대의 마지막 주자를 추월하면 이긴다.\n  추월하지 못하면 결승선을 세 번째로 통과하는 선수 기록으로 승부를 낸다.\n  단체추발에서 8위 안에 들면 옴니엄(총 6종목을 치러 점수를 합산하는 경기)과 매디슨(두 선수가 번갈아 달려 얻은 포인트를 합산해 겨루는 경기)까지 티켓 3장을 한꺼번에 확보한다.\n  나아름은 \"사실 몸 상태가 좋지 않아 내 역할을 다 하지 못했다.\n  운도 좋았고, 동료들의 도움으로 메달을 따낸 것\"이라고 말했다.\n  현재 한국 여자 팀 랭킹은 10위다.\n  다음 달 세계선수권에 걸린 포인트가 많아 역전을 노릴 수 있다.\n  김형일 감독은 “현재 8, 9위 팀(폴란드, 프랑스)과 차이가 크지 않아 역전을 노린다”고 말했다.\n  만약 단체추발까지 따내면 나아름은 네 종목까지 출전할 수 있다.\n  나아름은 “말은 하지 않아도 모두 이번이 기회라는 걸 알고 있다.\n  팀워크가 좋아 세계선수권에서 충분히 해낼 수 있다는 자신감이 있다”고 말했다.\n ",
		"passage_Cnt": 1205
	},
	"Annotation": {
		"summary1": "한국이 확보한 올림픽 티켓은 나 씨의 출전이 유력한 여자 도로 종목으로 월드컵 랭킹 2위 여자 경륜과 나 씨가 포함된 단체추발로 상위 팀만 올림픽에 나갈 수 있다.",
		"summary2": "대륙선수권 우승팀과 월드컵 랭킹 포인트 상위 팀만 올림픽에 나갈 수 있다. 한국이 확보한 올림픽 티켓은 나아름의 출전이 유력한 여자 도로 종목 뿐이다. 기대되는 종목은 월드컵 랭킹 2위 이혜진의 여자 경륜, 그리고 나아름이 포함된 단체추발이다.",
		"summary3": null,
		"summary_3_cnt": null
	}
}