{
	"Meta(Acqusition)": {
		"doc_id": "REPORT-news_r-00270",
		"doc_category": "REPORT",
		"doc_type": "news_r",
		"doc_name": "'꾸르륵' 툭하면 복통·설사, 검사해도 이상없다면 이것 의심",
		"author": "이에스더",
		"publisher": "중앙일보",
		"publisher_year": "2020",
		"doc_origin": "중앙일보"
	},
	"Meta(Refine)": {
		"passage_id": "REPORT-news_r-00270-00001",
		"passage": "시도 때도 없이 배에서 ‘꾸르륵’ 하는 소리와 함께 복통, 설사 등 증상을 호소하는 이들이 많다.\n  장염인줄 알고 병원에서 검사를 받아봐도 아무런 이상이 없는 경우가 있다.\n  이런 경우 과민성 장 증후군을 의심해야 한다.\n  과민성 장 증후군은 몸에 특별한 이상이 없어도 증상이 나타나는 만큼, 평소 스트레스 관리와 생활습관 개선을 통해 증상을 관리해야 한다.\n   강동경희대학교병원 한방내과 박재우 교수의 도움말로 과민성 장 증후군에 대해 알아봤다.\n    특별한 질환 없어도 복부 팽만ㆍ설사ㆍ변비 등 수시로 발생과민성 장 증후군은 대장내시경 등을 포함한 각종 검사에서 특별한 질환이 없으면서 반복되는 복부 팽만감 등의 복부 불편감 및 복통과 더불어 설사, 변비 등의 배변 습관의 변화를 동반하는 대표적 만성 기능성 위장관 질환 중 하나다.\n  전 세계적으로 인종, 나이, 성별에 관계없이 흔한 질환이다.\n  세계적으로 약 7~8%가 질환을 앓고 있는 것으로 보고 있으며, 우리나라는 최근 6.\n 6%의 유병률로 이와 유사한 수치가 보고되었다.\n   스트레스, 자극적인 식사 등이 주요 원인원인은 명확히 밝혀지지 않았지만, 과민성 장 증후군은 장의 운동 이상, 스트레스, 자극적인 식사 등이 영향을 미치는 것으로 추정된다.\n  주로 40~60대 성인에서 흔히 발생하는데, 최근에는 전 연령으로 확산되는 추세다.\n  건강보험심사평가원의 통계에 따르면, 2014년부터 2018년까지 과민대장증후군으로 진료를 받은 환자는 146만여 명에서 163만여 명으로 20대 이상 연령층부터 고른 증가 추세를 보였다.\n  박재우 교수는 “어릴 때는 부모님이 고른 영양을 섭취할 수 있도록 도와주고 큰 스트레스도 없지만, 본격적으로 학업을 시작하는 10대부터는 스트레스도 받게 되고 점차 식사도 서구화되는 것이 하나의 원인일 수 있다”고 설명했다.\n   과민성 장 증후군은 생명을 직접 위협하는 질환은 아니지만, 수시로 발생하는 복통, 설사로 인해 일상생활에 심각한 지장을 주어 삶의 질을 저하시킬 수 있는 질환이다.\n  하지만, 아직 완치시킬 수 있는 치료제는 따로 없어 호소하는 증상에 따라 복통의 완화를 위한 진경제 및 항우울제, 설사 증상 개선을 목적으로 아편 수용체 작용제제 및 세로토닌 작용제제, 그리고 변비 증상 개선을 목적으로 부피형성 하제, 삼투성 하제 등과 기타 항생제 및 정장제 등이 투여되고 있다.\n   최근에는 곽향정기산(藿香正氣散), 통사요방(痛瀉要方)과 같은 한약 처방, 침 치료, 뜸 치료와 같은 다양한 한방치료법들에 대한 임상 연구가 다수 진행되면서, 과민성장증후군 증상 개선을 위한 한의학적 치료도 이어지고 있다.\n ",
		"passage_Cnt": 1308
	},
	"Annotation": {
		"summary1": "장염인줄 알고 병원에서 검사를 받아도 아무런 이상이 없는 경우 과민성 장 증후군을 의심해야하며 평소 스트레스 관리와 생활습관 개선을 통해 증상을 관리해야 한다.",
		"summary2": "장염인줄 알고 병원에서 검사를 받아봐도 아무런 이상이 없는 경우가 있다. 이런 경우 과민성 장 증후군을 의심해야 한다. 과민성 장 증후군은 몸에 특별한 이상이 없어도 증상이 나타나는 만큼, 평소 스트레스 관리와 생활습관 개선을 통해 증상을 관리해야 한다.",
		"summary3": null,
		"summary_3_cnt": null
	}
}