{
	"Meta(Acqusition)": {
		"doc_id": "REPORT-news_r-00249",
		"doc_category": "REPORT",
		"doc_type": "news_r",
		"doc_name": "경희사이버대학교 ‘예비 경희인을 위한 교수들과의 만남’ 입학설명회 개최 ",
		"author": "채호연",
		"publisher": "중앙일보",
		"publisher_year": "2020",
		"doc_origin": "중앙일보"
	},
	"Meta(Refine)": {
		"passage_id": "REPORT-news_r-00249-00001",
		"passage": "경희사이버대학교는 오는 1월 4일(토) 오후 1시부터 경희대 서울캠퍼스 청운관 B117호에서 ‘Dreaming 2-교수님들과의 만남’을 진행한다.\n  이번 ‘Dreaming 2-교수님들과의 만남’은 예비 경희인을 위한 3단계 프로그램 중 1단계 프로그램으로서 입학을 앞두고 있는 신·편입생 지원자, 예비지원자를 대상으로 대학생활 및 학사 관리 등 다양한 정보를 제공하기 위해 마련됐다.\n    1부 행사는 학교소개 및 입학절차 안내가 진행될 예정이다.\n  경희사이버대학교의 장점과 ‘경희가족 혜택’에 대한 자세한 정보 공유와 경희사이버대학교의 장학 소개, 도서관 이용 방법 안내도 진행될 계획이다.\n  이어, 2부에서는 ‘KHCU학술제’가 진행된다.\n  ‘KHCU학술제’는 우수논문, 우수 리포트, 창업·창직 수기 공모전, 백일장 발표가 진행된다.\n  학술제는 재학생들에게 창의적인 학술연구와 다양한 장르의 글쓰기 기회 제공 등 학문적 성취와 성장을 도모하기 위해 매년 진행되는 프로그램이다.\n  마지막으로 상담 및 글로벌스튜디오 투어가 진행된다.\n  상담은 입학상담자별 맞춤형 상담으로 학과(전공) 교수진과 상담을 통해 커리큘럼, 진로 상담을 구체적인 설명을 들을 수 있다.\n  또한, 국내 사이버대학 중 최대 규모를 자랑하는 글로벌 스튜디오를 직접 체험할 수 있는 시간도 마련됐다.\n    참가를 희망하는 사람이라면 누구나 참여 가능하며 참여 신청은 입학·학생처에서 가능하다.\n    한편, 경희사이버대학교는 2020학년도 1학기 신·편입생을 모집한다.\n  모집기간은 지난 12월 1일(일)부터 2020년 1월 10일(금)까지다.\n  이번 모집학과(전공)는 미래·문화·글로벌리더십계열 소프트웨어디자인융합스쿨(컴퓨터정보통신공학전공, AI사이버보안전공, ICT융합콘텐츠전공, 산업디자인전공, 시각미디어디자인전공), 미래인간과학스쿨(재난방재과학전공, 공공안전관리전공), 보건의료관리학과, 한방건강관리학과, 후마니타스학과, NGO사회혁신학과, 상담심리학과, 사회복지학부(사회복지전공, 노인복지전공, 아동·보육전공), 미디어문예창작학과,  스포츠경영학과, 실용음악학과, 일본학과, 중국학과, 미국문화영어학과, 한국어문화학과, 한국어학과, 문화커뮤니케이션학부(미디어영상홍보전공, 문화예술경영전공), 마케팅·지속경영리더십학과, 글로벌경영학과 , 세무회계학과, 금융부동산학부(금융경제전공, 도시계획부동산전공), 호텔·레스토랑경영학과, 관광레저항공경영학부(관광레저경영전공, 항공·공항서비스경영전공), 외식조리경영학과이다.\n ",
		"passage_Cnt": 1238
	},
	"Annotation": {
		"summary1": "경희사이버대학교는 Dreaming 2-교수님들과의 만남을 진행하여 입학을 앞둔 신·편입생 지원자, 예비지원자에게 학사 관리나 대학생활에 대해 알려주기 위해 마련되었다.",
		"summary2": "경희사이버대학교는 오는 1월 4일(토) 오후 1시부터 경희대 서울캠퍼스 청운관 B117호에서 ‘Dreaming 2-교수님들과의 만남’을 진행한다. 이번 ‘Dreaming 2-교수님들과의 만남’은 예비 경희인을 위한 3단계 프로그램 중 1단계 프로그램으로서 입학을 앞두고 있는 신·편입생 지원자, 예비지원자를 대상으로 대학생활 및 학사 관리 등 다양한 정보를 제공하기 위해 마련됐다.",
		"summary3": null,
		"summary_3_cnt": null
	}
}