{
	"Meta(Acqusition)": {
		"doc_id": "REPORT-news_r-00131",
		"doc_category": "REPORT",
		"doc_type": "news_r",
		"doc_name": "국제사이버대학교, 2020학년도 1학기 정시 모집… 8일 마감",
		"author": "안희",
		"publisher": "중앙일보",
		"publisher_year": "2020",
		"doc_origin": "중앙일보"
	},
	"Meta(Refine)": {
		"passage_id": "REPORT-news_r-00131-00001",
		"passage": "국제사이버대학교가 오는 1월 8일까지 2020학년도 1학기 정시 모집을 마감한다고 2일 밝혔다.\n  이번 정시모집 모집학과는 ▲경영부동산학부(경영학과, 부동산학과) ▲보건복지학부(보건복지행정학과, 사회복지학과, 안전보건공학과) ▲상담학부(상담심리학과, 특수상담치료학과) ▲평생교육학부(아동복지상담학과, 웰빙귀농조경학과, 평생교육학과) ▲예체능학부(레저스포츠학과, 뷰티비즈니스학과, 엔터테인먼트학과)로 총 5개 학부 13개 학과다.\n  고등학교 졸업(예정)자 또는 이와 동등한 학력 소지자라면 누구나 지원할 수 있으며 수능이나 내신 성적과는 관계없이 학업소양검사(60%)와 적성검사(40%)로 입학생을 선발한다.\n  또 전문대를 졸업하였거나, 4년제 대학에 재학하거나 졸업한 자, 학점은행제를 통해 편입학 기준 학점을 충족한 자는 2학년ㆍ3학년 편입학 지원이 가능하다.\n    국제사이버대학교는 교육부가 총괄 및 지원하고 KERIS(한국교육학술정보원)가 주관한 성인 학습자 역량 강화 교육 콘텐츠 개발사업’에서 웰빙 스마트팜 귀농귀촌과정이 최종 선정돼 우수한 교육콘텐츠 개발 능력을 인정받았으며 원격대학 종합평가에서 우수대학에 선정, 경영ㆍ행정ㆍ교육성과 부문 최우수 대학으로도 평가 받아 사이버대학으로서 갖춰야 할 소양평가에서 높은 점수를 받은 바 있다.\n  실무형 인재 양성을 위한 현장 중심의 교육도 국제사이버대학교만의 장점이다.\n  상담심리학과의 경우 지역 내 청소년 상담 센터, 드라마 치료 연구소와의 연계를 통해 재학생들이 직접 상담 실습의 기회를 갖고 있고, 사회복지학과나 평생교육학과는 우수 기관으로 선정된 다양한 기관을 방문해 실무자들의 생생한 노하우를 배운다.\n  또 웰빙귀농조경학과는 수원, 강원도 지역에 학과 농장 및 공동체 농장을 운영해 직접 작물 재배 실습을 진행하고 있으며 뷰티비즈니스학과는 오랜 경력을 지닌 뷰티 전문가로 구성된 교수진들이 정기적으로 실무 노하우 및 비즈니스 현장 특강을 진행하고 있다.\n  또 학업을 결심한 학생들의 등록금 부담을 최소화하기 위해 입학부터 졸업까지 4년간 누릴 수 있는 전업주부, 직장인, 군인, 공무원 장학 등 다양한 교내 장학제도를 갖추고 있으며 한국장학재단에서 실시하는 국가장학금과 국제사이버대에서 지원하는 교내장학금의 중복수혜가 가능해서 등록금 걱정을 한층 덜어주고 있어 재학생들의 만족도가 높다.\n  이와 더불어 낯선 교육문화에 어려움을 호소하는 북한이탈주민을 위한 전담 동아리 활동, 재학생과 졸업생 멘토링, 학과교수의 특별지도가 특화돼있다.\n ",
		"passage_Cnt": 1240
	},
	"Annotation": {
		"summary1": "국제사이버대학교가 2020학년도 1학기 정시 모집을 마감하며 모집학과는 총 5개 학부 13개 학과라고 밝혔다.",
		"summary2": "국제사이버대학교가 오는 1월 8일까지 2020학년도 1학기 정시 모집을 마감한다고 2일 밝혔다. 이번 정시모집 모집학과는 ▲경영부동산학부(경영학과, 부동산학과) ▲보건복지학부(보건복지행정학과, 사회복지학과, 안전보건공학과) ▲상담학부(상담심리학과, 특수상담치료학과) ▲평생교육학부(아동복지상담학과, 웰빙귀농조경학과, 평생교육학과) ▲예체능학부(레저스포츠학과, 뷰티비즈니스학과, 엔터테인먼트학과)로 총 5개 학부 13개 학과다.",
		"summary3": null,
		"summary_3_cnt": null
	}
}