{
	"Meta(Acqusition)": {
		"doc_id": "REPORT-news_r-00115",
		"doc_category": "REPORT",
		"doc_type": "news_r",
		"doc_name": "\"비상(非常)이 일상 됐다\"…절박한 유통 CEO 신년사",
		"author": "추인영",
		"publisher": "중앙일보",
		"publisher_year": "2020",
		"doc_origin": "중앙일보"
	},
	"Meta(Refine)": {
		"passage_id": "REPORT-news_r-00115-00001",
		"passage": "온라인 시장의 급격한 성장에 쫓기는 유통업계가 체질 개선을 선포했다.\n  유통업계 최고경영자(CEO)들이 2일 내놓은 신년사에선 위기의식이 고스란히 반영됐다.\n  “급변하는 시장환경은 유수의 글로벌 기업들도 단숨에 무너뜨릴 만큼 강력하다”(신동빈 롯데 회장)라거나 “비상(非常)이 일상이 된 상황”(정지선 현대백화점 그룹 회장)이라는 진단이다.\n  이를 돌파하기 위한 유통업계의 생존 전략은 ‘디지털 전환’과 ‘고객’으로 압축됐다.\n  사업구조를 빠르게 디지털로 전환해야 한다는 것이다.\n  정용진 신세계그룹 부회장은 “고객에게 광적으로 집중하라”는 당부까지 했다.\n  이런 체질 개선 과정에선 “뼈를 깎는 고통”(손경식 CJ그룹 회장)이 불가피하다는 언급도 나왔다.\n  \"급변 환경, 글로벌 기업도 단숨에 무너뜨릴 만\" 신동빈 롯데 회장은 2일 신년사에서 “우리가 영위하고 있는 모든 사업부문이 전 방위적 변화의 소용돌이 그 한가운데에 놓여있다”고 현 상황을 진단했다.\n  이를 극복하기 위해 “고객과의 지속적인 공감(共感)을 통해 더 나은 가치를 제공해야 한다”고 강조했다.\n  신 회장은 특히 “기존의 사업구조는 디지털 관점에서 재검토하여 혁신을 이뤄야 한다”고 강조했다.\n  “디지털 전환을 통한 비즈니스 혁신은 우리가 반드시 이뤄나가야 하는 과제”라면서다.\n  유연한 기업문화 조성도 역설했다.\n  그는 “직급, 나이, 부서를 막론하고 자유롭게 소통하고 의견을 나눌 수 있는 기업문화를 만들기 위해 함께 노력해 달라”고 당부했다.\n  손경식 CJ그룹 회장은 “지금의 위기 상황에서 ‘양적 성장’보다는 안정적 수익성이 동반되는 ‘혁신 성장’을 우선해야 한다”며 체질 개선을 주문했다.\n  장기불황 가능성에 적극적으로 대비하기 위해 올해 경영 패러다임을 전환해야 한다는 것이다.\n  이를 위해 재무구조를 개선하고 주력 사업의 글로벌 경쟁력을 확보할 것을 당부했다.\n  CJ그룹은 이전에 진행해온 시무식 행사도 생략했다.\n  대신 사내방송을 통해 전 세계에 근무하는 임직원들에게 손 회장의 신년사를 동시 방영했다.\n  경영 패러다임을 실리 중심으로 전환하겠다는 손 회장의 의지가 반영됐다.\n   말콤 글래드웰, ‘동백꽃 필 무렵’도 등장  정지선 현대백화점그룹 회장은 “변화의 파도에 올라타지 않으면 침몰할 수밖에 없다는 절박한 각오를 다져야 한다”고 말했다.\n  특히 “변화의 흐름을 파악하고 대안을 찾는 ‘혁신적 사고’를 통해 성장 전략을 수립하는 것이 중요하다”면서 “변화하는 고객 가치에 맞게 기존의 사업방식을 재설계해야 한다”고 주장했다.\n ",
		"passage_Cnt": 1262
	},
	"Annotation": {
		"summary1": "유통업계 CEO들은 신년사를 통해 온라인 시장의 급격한 성장에 쫓기는 위기를 돌파하기 위한 생존전략으로 디지털 전환과 고객 중심으로의 체질 개선을 선포했다.",
		"summary2": "온라인 시장의 급격한 성장에 쫓기는 유통업계가 체질 개선을 선포했다. 유통업계 최고경영자(CEO)들이 2일 내놓은 신년사에선 위기의식이 고스란히 반영됐다. 이를 돌파하기 위한 유통업계의 생존 전략은 ‘디지털 전환’과 ‘고객’으로 압축됐다.",
		"summary3": null,
		"summary_3_cnt": null
	}
}