{
	"Meta(Acqusition)": {
		"doc_id": "REPORT-news_r-00205",
		"doc_category": "REPORT",
		"doc_type": "news_r",
		"doc_name": "[이코노미스트] 성장률 2%대 VS 1%대 기로에 서다",
		"author": "채호연",
		"publisher": "중앙일보",
		"publisher_year": "2020",
		"doc_origin": "중앙일보"
	},
	"Meta(Refine)": {
		"passage_id": "REPORT-news_r-00205-00003",
		"passage": " 하루 만에 협상이 원활하게 진행되고 있다는 언급이 추가되면서 양국 간 갈등은 낙관론으로 돌아서긴 했지만 언제든 상황은 바뀔 수 있다.\n  전문가들은 2020년에도 미·중 갈등이 이어질 것으로 보는 편이 타당하다고 보고 있다.\n  더구나 3단계까지 협상을 진행하는 과정에서 중국의 지적재산권, 산업보조금 등의 문제나 중국의 전략산업 육성 정책 등은 장기 과제로 남을 전망이다.\n  이런 난제를 뚫고 한국 경제의 버팀목인 수출이 늘어날지 관심거리다.\n  한국무역협회에 따르면 한국의 2019년 10월 기준 누적 수출액은 3431억 달러로 전년 동기 대비 12.\n 6% 줄었다.\n  이와 달리 2020년에는 전년 대비 3.\n 3% 증가로 돌아서면서 연간 5610억 달러를 수출할 것으로 내다봤다.\n  2020년의 회복 전망은 기저효과라고 볼 수 있다.\n  2019년 초 수출 감소가 본격화됐기 때문에 2020년 초부터 전년 동기 대비 증가율이 높게 나타날 수 있다는 의미다.\n  우리나라 수출 감소세는 2019년 10월(-14.\n 7%)을 저점으로 점진적으로 개선되는 모습을 보이고 있다.\n  수출은 2018년 12월 -1.\n 7%로 감소세를 나타낸 이래 12개월 연속 감소세를 이어갔고, 2019년 6월부터는 두 자릿 수 감소율을 기록하며 감소세가 빨라졌다.\n  그렇지만 2019년 12월 수출 감소율이 한 자리 수로 꺾이고, 2020년 1월이면 0%대에 진입할 전망이다.\n  이어 2~3월쯤이면 수출이 고꾸라지기 직전인 2018년 11월(3.\n 6% 증가) 수준으로 돌아갈 것이라고 정부는 전망하고 있다.\n  수출 물량이 점차 늘어나고 있는 상황은 2020년 수출 회복의 기대감을 높인다.\n  2019년 1~11월 누적 수출 물량은 전체 품목에서 0.\n 3% 증가한 것으로 나타났으며, 이는 모두 20개 품목 중 13개에서 물량이 늘어난 것이다.\n  우리나라 수출의 27%를 차지하는 중국에 대한 수출 감소율이 줄어들고 있는 것도 고무적이다.\n  그럼에도 수출기업들이 느끼는 경기는 점차 악화되고 있는 추세다.\n  한국은행에 따르면 수출기업들의 기업경기실사지수(BSI)는 2019년 등락을 반복했지만 최근 70대로 떨어졌다.\n  2019년 11월 수출기업의 업황 BSI는 전월 대비 2포인트 하락한 78을 기록했으며 12월 전망지수는 75로 무려 5포인트나 떨어졌다.\n  BSI란 기업이 인식하는 경기를 보여주는 지표로, 설문에서 부정적이라고 응답한 업체가 긍정적이라고 답한 업체보다 많으면 지수가 100을 밑돈다.\n ",
		"passage_Cnt": 1242
	},
	"Annotation": {
		"summary1": "전문가들이 미·중 갈등이 이어질 것으로 보며 중국의 지적재산권과 산업보조금 문제와 전략산업 육성 정책 등의 장기 과제를 뚫고 한국 경제의 수출이 늘어날지 관심거리다.",
		"summary2": "전문가들은 2020년에도 미·중 갈등이 이어질 것으로 보는 편이 타당하다고 보고 있다. 더구나 3단계까지 협상을 진행하는 과정에서 중국의 지적재산권, 산업보조금 등의 문제나 중국의 전략산업 육성 정책 등은 장기 과제로 남을 전망이다. 이런 난제를 뚫고 한국 경제의 버팀목인 수출이 늘어날지 관심거리다.",
		"summary3": null,
		"summary_3_cnt": null
	}
}