{
	"Meta(Acqusition)": {
		"doc_id": "REPORT-news_r-00049",
		"doc_category": "REPORT",
		"doc_type": "news_r",
		"doc_name": "‘새제도 달력’ 보니…스쿨존 무인 단속, 소방공무원 국가직 전환",
		"author": "최은경",
		"publisher": "중앙일보",
		"publisher_year": "2020",
		"doc_origin": "중앙일보"
	},
	"Meta(Refine)": {
		"passage_id": "REPORT-news_r-00049-00001",
		"passage": " 올 4월부터 주민등록등·초본 등 각종 증명서를 스마트폰에 저장하고 필요할 때 꺼내 쓸 수 있다.\n  같은 시기 출산·사망 부문만 제공되던 ‘생애주기 원스톱 서비스’가 임신까지 확대된다.\n  이 서비스는 생애주기별로 제공되는 정부의 다양한 행정서비스를 한 번에 안내받고 신청할 수 있는 제도다.\n   행정안전부가 국민안전·정부혁신·공정과세 분야에서 새해 달라지는 주요 제도 10가지를 1일 소개했다.\n   국민안전①소방공무원 국가직 전환4월 1일 지방직 소방공무원이 국가직으로 바뀐다.\n  시·도지사 직속으로 소방본부를 두되 화재예방이나 대형재난 등 필요한 경우 소방청장이 시·도 소방본부장과 소방서장을 지휘·감독할 수 있게 된다.\n  담배 한 갑당 부과되는 개별소비세의 20%를 차지하는 소방안전교부세율을 45%로 인상해 인건비로 사용할 계획이다.\n   국민안전②스쿨존 무인 단속 장비 설치 의무화3월 24일 도로교통법 일부 개정안(민식이법) 시행으로 어린이 보호구역(스쿨존)에 무인 교통단속용 장비 설치가 의무화된다.\n  2022년까지 전국 모든 어린이 보호구역에 단속 장비를 둘 예정으로 올해는 교통사고 우려가 큰 지역에 1500대를 우선 설치한다.\n  도로 폭이 좁은 이면도로처럼 장비 설치가 어려운 지역은 과속방지턱 등 안전시설을 확충할 계획이다.\n  국민안전③재난 피해자 위치정보 확인하반기, 대형 재난이 발생했을 때 피해자의 휴대전화 위치정보를 조회해 신속하게 구조할 수 있도록 한다.\n  위치조회는 원칙적으로 본인 요청이 있을 때만 할 수 있지만 긴급한 경우 중앙재난안전대책본부가 통신사업자에게 위치정보를 요청해 긴급구조기관에 제공, 수색·구조에 활용할 수 있게 한다는 뜻이다.\n   국민안전④민방위경보에 다중이용시설 구내방송 활용영화관·대형쇼핑몰 같은 다중이용시설에서 구내방송으로 민방위 경보를 전파해 신속한 대피가 가능해진다.\n  그동안 실내에서는 수동으로 민방위경보가 전했지만 하반기 각종 재난 발생 시 경보 전파가 즉각 이뤄질 수 있게 경보단말 수신기 설치가 의무화된다.\n  정부혁신⑤주민등록등·초본 전자증명서로 발급새해부터 주민등록등·초본, 건강보험자격확인서 같은 각종 증명서를 스마트폰 앱 ‘정부24’로 발급받고 전자문서지갑에 저장해 공공기관은 물론 은행 등 금융기관에 제출할 수 있다.\n  연말까지 전자 발급할 수 있는 증명서를 100종으로 늘릴 계획이다.\n  정부혁신⑥주민등록번호에서 지역표시번호 폐지10월부터 주민등록번호 뒷자리에서 지역표시번호가 사라지고 성별 뒤 여섯 자리가 임의번호로 부여된다.\n ",
		"passage_Cnt": 1249
	},
	"Annotation": {
		"summary1": "각종 증명서를 스마트폰에 저장하고 인출할 수 있으며 생애주기별로 제공되는 행정서비스를 안내받는 생애주기 원스톱 서비스도 임신까지 확대된다.",
		"summary2": "올 4월부터 주민등록등·초본 등 각종 증명서를 스마트폰에 저장하고 필요할 때 꺼내 쓸 수 있다. 같은 시기 출산·사망 부문만 제공되던 ‘생애주기 원스톱 서비스’가 임신까지 확대된다. 이 서비스는 생애주기별로 제공되는 정부의 다양한 행정서비스를 한 번에 안내받고 신청할 수 있는 제도다.",
		"summary3": null,
		"summary_3_cnt": null
	}
}