{
	"Meta(Acqusition)": {
		"doc_id": "REPORT-news_r-00189",
		"doc_category": "REPORT",
		"doc_type": "news_r",
		"doc_name": "[김민석의 Mr. 밀리터리] 세계 안보는 더 복잡해지는데 한국은 고립무원 처지",
		"author": "김선영",
		"publisher": "중앙일보",
		"publisher_year": "2020",
		"doc_origin": "중앙일보"
	},
	"Meta(Refine)": {
		"passage_id": "REPORT-news_r-00189-00001",
		"passage": "2020년 한반도와 국제안보 정세2020년 세계는 더 복잡하게 요동칠 전망이다.\n  동시에 한반도에도 큰 어려움이 닥칠 가능성이 크다.\n  지난해 무역분쟁으로 불이 붙은 미국과 중국의 경쟁은 서막이다.\n  이슬람국가(ISIS) 격퇴로 안정되는 듯했던 중동은 종파와 민족 간 이전투구와 합종연횡 모양새다.\n  미국은 트럼프 대통령의 ‘미국 우선주의’로 국제적 지도력을 잃고 있다.\n  그의 아시아 중시전략은 중동의 복잡한 양상에 뒷다리가 잡히고 있다.\n  북·미 비핵화 협상은 한계점에 왔다.\n  대북제재로 어려워진 북한 경제에 김정은 북한 국무위원장은 불만이다.\n  그는 ‘정면돌파전’을 선언했지만, 후폭풍 부담에 행동만은 자제하고 있다.\n  국립외교원과 한국국방연구원(KIDA) 등의 분석을 종합해 올해 국제안보정세를 전망한다.\n   1990년대 탈냉전 이후 구축된 국제질서는 최근 급격히 헝클어지고 있다.\n  올해 더 가속화될 조짐이다.\n  한반도 안보와 북핵 해결에도 직접 영향을 준다.\n  이런 추세는 세계의 리더였던 미국이 역정을 내면서 촉발됐다.\n  트럼프 대통령은 처음부터 ‘미국 우선주의’를 내세우며 우방과 비우방을 가리지 않고 헐뜯었다.\n  그는 “미국이 전 세계를 돕느라 많은 돈을 쓰고 있다” “우리의 동맹이 적들보다 우리를 훨씬 더 많이 이용한다”고 주장했다.\n  그러면서 동맹국에 방위비분담금 인상을 요구하고, 조약 파기도 서슴지 않는다.\n  미국의 리더십 거부와 함께 유럽도 군사력 축소로 안보 영향력이 크게 줄었다.\n  반대로 2차 세계대전 이후 탄생한 거대한 신흥국 중국은 2049년엔 미국에 필적하는 초일류 군대를 만들겠단다.\n  그런가 하면 미국의 동맹인 터키가 딴 목소리를 내며 세력을 확장하고 있다.\n  소련 해체 이후 부흥을 노리는 러시아는 동아시아를 호시탐탐 보고 있다.\n  미국이 중동과 아프리카에서 발을 빼려 하자 그 빈공간을 러시아와 터키, 이란 등이 메울 태세다.\n  민족주의와 종교를 내세운 후티반군과 헤즈볼라, ISIS 등에 의한 테러와 전쟁도 확대일로다.\n  국제 갈등의 중심은 미국과 중국이다.\n  미·중의 전략적 경쟁으로 불확실성은 커지고 있다.\n  미국은 국제사회에서 그동안 유지해온 압도적인 지위에 도전하는 중국을 저지하는데 최우선 목표를 두고 있다.\n  양국의 경쟁은 군사에서 경제·가치·체제 등으로 확산 중이다.\n  미·중이 오는 15일 1단계 무역합의를 앞두고 문안 최종 검토에 들어갔지만, 2단계 합의는 쉽지 않다.\n ",
		"passage_Cnt": 1223
	},
	"Annotation": {
		"summary1": "트럼프의 미국 우선주의로 미국이 국제적 지도력을 잃는 반면 중국은 미국에 필적하는 초일류 군대를 만들겠다며 양국의 경쟁이 확산 중이다.",
		"summary2": "미국은 트럼프 대통령의 ‘미국 우선주의’로 국제적 지도력을 잃고 있다. 반대로 2차 세계대전 이후 탄생한 거대한 신흥국 중국은 2049년엔 미국에 필적하는 초일류 군대를 만들겠단다. 양국의 경쟁은 군사에서 경제·가치·체제 등으로 확산 중이다.",
		"summary3": null,
		"summary_3_cnt": null
	}
}