{
	"Meta(Acqusition)": {
		"doc_id": "REPORT-news_r-00030",
		"doc_category": "REPORT",
		"doc_type": "news_r",
		"doc_name": "지갑 없이 1년 살게 하겠다···연80조 간편결제 시장 ‘새해 꿈’",
		"author": "성지원",
		"publisher": "중앙일보",
		"publisher_year": "2020",
		"doc_origin": "중앙일보"
	},
	"Meta(Refine)": {
		"passage_id": "REPORT-news_r-00030-00001",
		"passage": "회사원 주동형(30) 씨는 식당에서 밥값을 낼 때 신용카드 대신 휴대전화를 꺼낸다.\n  카드 단말기에 휴대전화를 접촉하는 '삼성페이'를 이용한다.\n  집에서는 '네이버페이'로 카드번호를 입력하지 않고도 온라인 쇼핑을 즐긴다.\n  이 정도는 이미 일상이 됐다.\n  새해에는 아예 지갑 없이도 종일 살 수 있을까.\n  좀 더 쉽고, 빨라질 건 확실해 보인다.\n   2018년 국내 모바일 간편결제 가입자(중복 포함)는 약 1억7000만명.\n  이들이 한 해 간편결제로 이용한 금액은 약 80조원에 달한다.\n  한국금융투자자보호재단이 지난해 만 25~64세 성인 남녀 2530명을 상대로 한 조사 결과, 56.\n 8%가 간편결제 서비스를 이용한다고 답했다.\n  이커머스(e-commerce)시장장이 중심에 있다.\n  옥션‧지마켓 운영사인 이베이코리아의 ‘스마일페이’, 네이버의 ‘네이버페이’ 등이 대표적이다.\n   현재 온‧오프라인을 통틀어 간편결제 시장에선 네이버페이와 삼성페이가 높은 점유율을 보인다.\n  여기에 최근 인터넷전문은행 인가를 받은 비바리퍼블리카(토스)도 간편결제 사업에 본격적으로 뛰어들 전망이다.\n  LG유플러스의 전자결제대행(PG) 사업부문을 인수하면서다.\n  오정근 한국금융ICT융합학회 회장은 “이미 기존 금융권보다 광범위한 고객층을 확보한 간편결제 시장이 새해엔 더 확대될 것”이라며 “기존 금융사들이 지금의 경영 방식으로는 존립 자체가 어려워질 수 있다”고 전망했다.\n  업계는 특히 오프라인 간편결제 시장 공략법을 고심하고 있다.\n  금융감독원에 따르면 2017년~2018년 오프라인 간편결제 이용금액은 3조2000억원에서 19조5000억원으로 약 6배로 늘었다.\n  하지만 온라인(60조6000억원) 시장과 비교하면 규모가 한참 작다.\n  알리페이‧위챗페이 등 오프라인 간편결제 금액이 연간 약 21조4000억 위안(한화 약 3550조원)에 달하는 중국과 비교하면 걸음마 수준이다.\n  오프라인에선 아직 신용카드의 벽을 넘지 못했기 때문이다.\n  다수의 소비자가 스마트폰을 꺼내는 것보다 지갑에서 카드를 꺼내는 걸 더 편리하게 느낀다.\n  신용카드 보급률이 낮고, 현금 거래가 일상적인 중국과 다른 점이다.\n  가맹점주 입장에서도 새로운 결제방식을 익혀야 해 진입장벽이 높다.\n  그나마 카드리더기에 스마트폰을 접촉하는 마그네틱 기술(MST)을 쓰는 삼성페이는 선전했다.\n  하지만 ‘관치금융’ 논란으로 내내 홍역을 치른 제로페이는 앱을 열고 QR코드로 결제하는 방식 때문에 한계에 부딪혔다.\n ",
		"passage_Cnt": 1244
	},
	"Annotation": {
		"summary1": "금융감독원에 따르면 2017년~2018년 오프라인 간편결제 이용금액은 19조 5000억 원으로 신용카드의 벽을 넘지 못했기 때문에 온라인 시장과 비교하면 한참 작은 규모다.",
		"summary2": "금융감독원에 따르면 2017년~2018년 오프라인 간편결제 이용금액은 3조2000억원에서 19조5000억원으로 약 6배로 늘었다. 하지만 온라인(60조6000억원) 시장과 비교하면 규모가 한참 작다. 오프라인에선 아직 신용카드의 벽을 넘지 못했기 때문이다.",
		"summary3": null,
		"summary_3_cnt": null
	}
}