{
	"Meta(Acqusition)": {
		"doc_id": "REPORT-news_r-00258",
		"doc_category": "REPORT",
		"doc_type": "news_r",
		"doc_name": "\"조국 수호 끝나지 않았다\"···새해에도 계속되는 서초동 집회",
		"author": "김준영",
		"publisher": "중앙일보",
		"publisher_year": "2020",
		"doc_origin": "중앙일보"
	},
	"Meta(Refine)": {
		"passage_id": "REPORT-news_r-00258-00001",
		"passage": "“조국(전 법무부 장관) 수호는 끝나지 않았다.\n  우리 깨시민(깨어 있는 시민) 여러분 끝까지 함께 갑시다.\n ”  새해 첫 주말인 4일 늦은 오후, 서울 서초동 대검찰청 앞에선 ‘조국 수호’를 결의하는 목소리가 터져 나왔다.\n  지난해 30일 국회에서 통과된 고위공직자범죄수사처(공수처) 설치법안을 환영하는 동시에 검찰 개혁 완수를 요구하는 ‘서초달빛집회’에서다.\n  대검찰청 3개 도로 약 300m를 메운 시민들은 저마다 ‘정치검찰 물러나라’ ‘표적수사 중단하라’ 등의 피켓을 들고 있었다.\n  매주 토요일마다 서초동에서 집회를 열어온 조 전 장관 지지 모임인 ‘함께 조국수호 검찰개혁(함께개혁)’의 새해 첫 집회다.\n     특히 이번 집회는 함께개혁의 3대 요구 중 하나였던 공수처법이 통과된 후의 첫 집회였던 만큼 자축의 목소리가 많았다.\n  사회자 백광현씨는 연단에 오른 후 첫 말로 “공수처가 설치되었다.\n  김대중ㆍ노무현 전 대통령과 문재인 대통령의 숙원을 여러분들이 이루어냈다”며 “우리가 이겼다”고 외쳤다.\n  왼쪽에 있는 대검찰청을 바라보며 “이제 검사를 수사할 수 있는 외부 기구가 곧 생길 예정이다.\n  여러분들이 기쁘신 만큼 저들(검사)은 쫄릴 것”이라고 했다.\n  참가자들은 환호하며 ‘검찰 개혁’을 외쳤다.\n   집회 중간중간주최 측이 대검찰청 건물 외벽에 쏜 레이저빔 메시지 중엔, 기존에 쓰던 ‘우리가 조국이다’ ‘조국 수호’ ‘문재인 최고’ 등 표현 외에, ‘본 건물은 공수처 수사대상자들이 근무하는 곳입니다’라는 메시지가 추가되기도 했다.\n     그러면서도 사회자와 자유 발언에 나선 시민들은 “아직 검찰 개혁은 끝나지 않았다.\n  이제 막 첫발을 뗀 것”이라며 “지금도 고생하시는 조국 전 장관과 정경심 교수를 위해 끝까지 싸우자”고 목소리를 높였다.\n  특히 이날 연단에 오른 시민들은 대부분 본인을 ‘오소리’라고 소개했다.\n  오소리는 뱀에 물려 기절해도 깡으로 다시 깨어나 독사를 추적해 요절을 낼 정도로 집요한 꿀먹이오소리라는 동물 이름에 빗대, 문재인 대통령 지지층이 스스로를 부르는 표현이다.\n  이날 집회 현장 곳곳엔 ‘문꿀오소리 전북지부’ 등 적힌 피켓들이 곳곳에 있었다.\n     “저는 지방에서 온 오소리”라며 연단에 오른 한 중년 여성은 최근 조 전 장관 지지층과 각을 세우고 있는 진중권 전 동양대 교수를 겨냥했다.\n  그는 “진 교수는 jtbc 신년 토론회에서 서초동 집회 참가자를 ‘조국기 부대’라고 폄하했다”며 “조만간 진 교수는 광화문에서 전광훈 목사 옆에서 태극기를 들 것 같다”고 했다.\n ",
		"passage_Cnt": 1267
	},
	"Annotation": {
		"summary1": "서초동 대검찰청 앞에서 서초달빛집회가 열려 공수처 설치 법안을 환영하는 동시에 검찰 개혁 완수를 요구하고 조국 수호를 결의했다.",
		"summary2": "새해 첫 주말인 4일 늦은 오후, 서울 서초동 대검찰청 앞에선 ‘조국 수호’를 결의하는 목소리가 터져 나왔다. 지난해 30일 국회에서 통과된 고위공직자범죄수사처(공수처) 설치법안을 환영하는 동시에 검찰 개혁 완수를 요구하는 ‘서초달빛집회’에서다.",
		"summary3": null,
		"summary_3_cnt": null
	}
}