{
	"Meta(Acqusition)": {
		"doc_id": "REPORT-news_r-00211",
		"doc_category": "REPORT",
		"doc_type": "news_r",
		"doc_name": "디즈니의 마법에 갇힐라…'첫달 100원' OTT업계 총력전  ",
		"author": "김경진",
		"publisher": "중앙일보",
		"publisher_year": "2020",
		"doc_origin": "중앙일보"
	},
	"Meta(Refine)": {
		"passage_id": "REPORT-news_r-00211-00001",
		"passage": " ‘가입 첫 달 이용료 100원’.\n    국내 토종 온라인동영상서비스(OTT)인 웨이브가 오는 6일부터 새롭게 선보이는 프로모션 상품이다.\n  웨이브는 서비스가 출시된 지난해 9월부터 가입 후 3개월간 월 4000원의 이용료를 받는 ‘반값 할인’ 행사를 진행해 왔다.\n  이 프로모션이 종료되자마자 곧바로 새로운 프로모션을 시작하는 셈이다.\n  소비자가 한번 어떤 상품을 이용하기 시작하면 다른 상품으로 좀처럼 갈아타기 어려운 ‘록인(자물쇠) 효과’를 노리겠다는 전략으로 풀이된다.\n    연내 디즈니 플러스, 애플TV 플러스 상륙 가능성    국내 OTT 시장을 놓고 국내외 사업자 간 경쟁이 치열하게 전개되고 있다.\n  올해는 디즈니의 OTT인 디즈니 플러스(+)와 애플이 내놓은 애플TV 플러스 등의 국내 진출 가능성도 높은 상황이다.\n  특히 업계는 글로벌 OTT의 신흥강자로 떠오른 디즈니 플러스의 국내 진출에 촉각을 곤두세우고 있다.\n  디즈니 플러스는 지난해 11월 12일 미국ㆍ캐나다ㆍ네덜란드 3국에 출시된 첫날 가입자 1000만명을 돌파하며 넷플릭스의 강력한 대항마로 떠올랐다.\n  또한 지난해 11월 19일 출시 국가를 3개국 더 확대한 데 이어 올해 3월 6개국 추가 출시를 앞두고 있다.\n  출시 예정국에 한국은 포함돼 있지 않지만 업계는 디즈니 플러스의 연내 한국시장 진출 가능성을 높게 점치고 있다.\n    겨울왕국 등 키즈 콘텐트로 무장한 디즈니   디즈니 플러스의 국내 진출에 업계가 긴장하는 이유는 디즈니 플러스의 차별화된 콘텐트 때문이다.\n  디즈니 플러스는 겨울왕국, 알라딘 등 애니메이션과 어벤저스 등 마블 시리즈 등의 콘텐트를 확보하고 있다.\n  이는 오리지널 대작 콘텐트 중심의 넷플릭스나 국내 지상파 방송 중심의 웨이브ㆍ시즌 등 성인들을 위한 콘텐트가 많은 OTT와 차별화된 요소다.\n     업계 관계자는 “가족 구성원이 복수의 OTT를 선택해서 아이디를 공유한다고 할 때, 성인들의 볼거리가 많은 OTT를 하나 선택하고, 자녀용으로 디즈니 플러스를 ‘서브(보조) OTT’로 활용할 가능성이 높다”고 전망했다.\n  OTT 이용자들이 최대 2~3개의 OTT를 본다고 가정하면, 디즈니 플러스로 인해 나머지 OTT들의 경쟁이 그만큼 더 치열해질 수밖에 없다는 얘기다.\n  게다가 디즈니 플러스는 월 6.\n 99달러(약 8200원) 수준으로 저렴한 편이다.\n  또 다른 업계 관계자는 “디즈니 플러스가 가정에서 보는 인터넷TV(IPTV)나 케이블TV와 전방위로 제휴를 맺을 가능성이 커 소비자 접근성도 뛰어날 것”이라고 전망했다.\n ",
		"passage_Cnt": 1272
	},
	"Annotation": {
		"summary1": "업계는 서브 OTT로 활용할 가능성이 높은 디즈니 플러스의 국내 진출에 촉각을 곤두세우고 있다.",
		"summary2": "특히 업계는 글로벌 OTT의 신흥강자로 떠오른 디즈니 플러스의 국내 진출에 촉각을 곤두세우고 있다. 업계 관계자는 “가족 구성원이 복수의 OTT를 선택해서 아이디를 공유한다고 할 때, 성인들의 볼거리가 많은 OTT를 하나 선택하고, 자녀용으로 디즈니 플러스를 ‘서브(보조) OTT’로 활용할 가능성이 높다”고 전망했다.",
		"summary3": null,
		"summary_3_cnt": null
	}
}