{
	"Meta(Acqusition)": {
		"doc_id": "REPORT-news_r-00067",
		"doc_category": "REPORT",
		"doc_type": "news_r",
		"doc_name": "관중 기록 다 갈아치운 ‘농구영신’ 매치…역시 KBL 히트 상품",
		"author": "김선영",
		"publisher": "중앙일보",
		"publisher_year": "2020",
		"doc_origin": "중앙일보"
	},
	"Meta(Refine)": {
		"passage_id": "REPORT-news_r-00067-00001",
		"passage": "새해를 여는 1박 2일 농구 축제 ‘농구영신’이 올해도 대성황 속에 끝났다.\n  또 한 번의 흥행 불패로 프로농구(KBL) 히트상품임을 증명했다.\n  2020년까지 약 2시간을 남겨둔 지난달 31일 오후 9시 50분, 부산 KT와 창원 LG의 2019~20시즌 프로농구 정규리그 경기가 시작했다.\n  ‘송구영신’을 패러디한 농구영신 매치는 ‘농구와 함께 묵은해를 보내고 새해를 맞이한다’는 의미를 담은 이벤트 경기다.\n     팬들은 12월 31일 밤 경기를 관전하고, 경기 직후 선수들과 함께 새해 카운트다운을 하는 등 다양한 이벤트로 1월 1일을 맞는다.\n  2016년 시작해 올해로 4년째다.\n  이날 경기는 6000여 좌석이 일찌감치 매진됐다.\n  4년 연속 매진이다.\n  이날 경기에는 좌석 수보다 많은 7833명의 관중이 이 경기장을 찾았다.\n  시즌 최다 관중 기록인 동시에 농구영신 최다 관중 기록이었다.\n  앞선 세 차례 농구영신 경기는 2016년 고양체육관(고양 오리온-서울 SK), 2017년 서울 잠실학생체육관(SK-오리온 리턴매치), 2018년 창원체육관(LG-KT)에서 각각 열렸다.\n  올해 경기도 지난해 매치업과 같고 장소만 바뀐 리턴매치였다.\n  이날 사직체육관은 2층 관중석의 통천을 걷어내는 신기록까지 세웠다.\n  사직체육관은 원래 KBL 경기장 중 최대인 1만4000여석 규모다.\n  평소에는 이를 모두 채울 수 없어 2014~15시즌부터 3층 전체와 2층 일부를 통천으로 가린 채 축소 운영을 해왔다.\n  그런데 이날 만원 관중인 6000명을 채우고도 몰려든 관중 때문에 자리가 모자라 2층 관중석의 통천을 걷어낸 것이다.\n  예매분 4210장은 다 팔린 데 이어, 이날 현장 판매분까지 매진됐는데도 팬들의 행렬이 이어져서다.\n  경기가 끝난 뒤에는 새해맞이 행사가 이어졌다.\n  선수와 관중이 다 함께 새해 카운트다운을 했다.\n  이정대 KBL 총재와 양 팀 단장 등이 농구공 디자인을 본뜬 제야의 종을 치는 것으로 새해 시작을 알렸다.\n  새해 꿈을 응원하는 2020개의 풍선이 쏟아졌고, 푸짐한 경품 증정행사도 이어졌다.\n  디제잉 공연이 시작되면서 농구코트는 ‘파티장’으로 변했다.\n  경기를 마친 선수들이 코트에 나와 팬들에게 새해 인사를 했다.\n  팬들은 맥주를 마시며 음악에 맞춰 흥겨운 춤을 췄다.\n  농구영신 매치 승리는 홈팀 KT가 가져갔다.\n  올스타 팬 투표 1위인 가드 허훈이 빠진 가운데, KT는 LG를 84-66으로 꺾고 5연패에서 탈출했다.\n ",
		"passage_Cnt": 1237
	},
	"Annotation": {
		"summary1": "송구영신을 패러디한 농구영신 축제는 농구와 함께 묵은해를 보내고 새해를 맞이하는 의미가 담겨있으며 시즌 최다 관중 및 농구영신 최대 관중 기록을 세우며 대성황 속에 끝났다.",
		"summary2": "새해를 여는 1박 2일 농구 축제 ‘농구영신’이 올해도 대성황 속에 끝났다. ‘송구영신’을 패러디한 농구영신 매치는 ‘농구와 함께 묵은해를 보내고 새해를 맞이한다’는 의미를 담은 이벤트 경기다. 시즌 최다 관중 기록인 동시에 농구영신 최다 관중 기록이었다.",
		"summary3": null,
		"summary_3_cnt": null
	}
}