{
	"Meta(Acqusition)": {
		"doc_id": "REPORT-news_r-00156",
		"doc_category": "REPORT",
		"doc_type": "news_r",
		"doc_name": "경희사이버대 안민정 학생, 2019 TKC 대상 수상",
		"author": "안희",
		"publisher": "중앙일보",
		"publisher_year": "2020",
		"doc_origin": "중앙일보"
	},
	"Meta(Refine)": {
		"passage_id": "REPORT-news_r-00156-00001",
		"passage": "경희사이버대학교 외식조리경영학과에 재학중인 안민정(17학번) 학생이 최근 진행된 2019 TKC(Tous les Jours Korea Championship)에서 대상을 수상했다.\n  TKC(Tous les Jours Korea Championship)는 CJ푸드빌이 주최, 주관하는 대회로서 브랜드 제품의 효율적인 운영을 위한 다양한 아이디어 개발과 우수한 인재를 뽑기위한 대회다.\n    이번 대회는 최근 1인 가구 증가와 경기불황 등 소비자 니즈에 부합하는 소형케이크와 브랜드 제품의 효율적인 운영을 위한 틀을 사용한 빵이 출품 기준이였다.\n  대회는 전국 1,300여개 매장에서 30명 선발과 함께 예선이 진행됐으며, 10명의 본선 진출자들과 재경연이 진행됐다.\n  대상을 수상한 경희사이버대 외식조리경영학과 안민정(17학번) 학생은 “경험하고 실패하고 또 경험하자는 말을 좋아한다.\n  결과 보다는 도전하는 것이 중요하다는 마음가짐으로 후회하지 않을 만큼 최선을 다하고 과정을 즐겼다.\n  생각지도 못한 대상을 받게되어 조금은 얼떨떨하다.\n  더욱 열심히 하겠다”며 수상 소감을 전했다.\n  앞서 외식조리경영학과 안민정 학생은 올해 하반기 외식조리경영학과 3학년으로 편입학 했다.\n  그녀는 “5년 동안 생산 기사로 근무하면서 일에 대한 회의감이 들었다.\n  경희사이버대학교와 산업체 위탁 전형이 있다는것을 알게 되어 편입을 결심했다.\n  입학 후에 외식업계에 종사하고 있는 다양한 학우들과 교류를 통해 앞으로 가야 할 길을 찾고 목표와 꿈이 생겼다.\n  대학생활을 통해 많은 것을 얻고 있는것 같다”고 대학 생활에 대해 전하며, “더불어 일과 학업에 대해 아낌없는 조언을 해주시는 외식조리경영학과 안성식 학과장님께 감사의 말을 드리고 싶다”고 말했다.\n  한편, 경희사이버대학교는 2020학년도 1학기 신·편입생을 모집한다.\n  모집기간은 지난 12월 1일(일)부터 2020년 1월 10일(금)까지다.\n  이번 모집학과(전공)는 미래·문화·글로벌리더십계열 소프트웨어디자인융합스쿨(컴퓨터정보통신공학전공, AI사이버보안전공, ICT융합콘텐츠전공, 산업디자인전공, 시각미디어디자인전공), 미래인간과학스쿨(재난방재과학전공, 공공안전관리전공), 보건의료관리학과, 한방건강관리학과, 후마니타스학과, NGO사회혁신학과, 상담심리학과, 사회복지학부(사회복지전공, 노인복지전공, 아동·보육전공), 미디어문예창작학과,  스포츠경영학과, 실용음악학과, 일본학과, 중국학과, 미국문화영어학과, 한국어문화학과, 한국어학과, 문화커뮤니케이션학부(미디어영상홍보전공, 문화예술경영전공), 마케팅·지속경영리더십학과, 글로벌경영학과 , 세무회계학과, 금융부동산학부(금융경제전공, 도시계획부동산전공), 호텔·레스토랑경영학과, 관광레저항공경영학부(관광레저경영전공, 항공·공항서비스경영전공), 외식조리경영학과이다.\n ",
		"passage_Cnt": 1394
	},
	"Annotation": {
		"summary1": "CJ푸드빌이 주최하는 TKC에서 경희사이버대학교 외식조리경영학과에 재학 중인 학생이 대상을 수상했다.",
		"summary2": "경희사이버대학교 외식조리경영학과에 재학중인 안민정(17학번) 학생이 최근 진행된 2019 TKC(Tous les Jours Korea Championship)에서 대상을 수상했다. TKC(Tous les Jours Korea Championship)는 CJ푸드빌이 주최, 주관하는 대회로서 브랜드 제품의 효율적인 운영을 위한 다양한 아이디어 개발과 우수한 인재를 뽑기위한 대회다.",
		"summary3": null,
		"summary_3_cnt": null
	}
}