{
	"Meta(Acqusition)": {
		"doc_id": "REPORT-news_r-00038",
		"doc_category": "REPORT",
		"doc_type": "news_r",
		"doc_name": "입시용ㆍ보답용ㆍ출결 처리용…공소장에 나타난 조국의 인턴 증명서 활용법",
		"author": "김준영",
		"publisher": "중앙일보",
		"publisher_year": "2020",
		"doc_origin": "중앙일보"
	},
	"Meta(Refine)": {
		"passage_id": "REPORT-news_r-00038-00001",
		"passage": "조국 전 법무부 장관의 11가지 혐의가 56페이지에 걸쳐 서술된 검찰 공소장(지난달 31일)에는 서울대 공익인권법센터라는 단어가 총 32회 등장한다.\n  이곳서 발급된 인턴 증명서와 관련 ‘허위’라고 명시한 표현은 30여 차례에 가깝고, 이를 입시에 활용해 “대학(원) 입시 업무를 방해했다”는 말도 거듭 썼다.\n  또 증명서가 한영외고에 제출됐다는 새로운 사실도 드러났다.\n  “제1저자 논문 올려준 교수 아들에게도 보답 발급”검찰이 조 전 장관 자녀에게 허위로 발급됐다고 결론 내린 인권법센터 증명서는 총 3가지다.\n  2009년 딸 조민(29)씨에게 발급된 ‘인턴십 확인서’(활동 기간: 2009년 5월 1일~15일)와 2013년ㆍ2017년 각각 아들 조모(24)씨에게 발급된 ‘인턴십 활동 예정 증명서’ㆍ‘인턴십 활동 증명서’(이상 활동 기간: 2013년 7월 15일~8월 15일)다.\n  이 중 2009년ㆍ2013년은 조 전 장관과 가까운 한인섭 서울대 법학전문대학원 교수가 센터장을 맡았을 때다.\n  가장 처음 발급된 딸의 인턴십 확인서와 관련, 검찰은 “조 전 장관이 아내 정경심 교수와 상의하여 (고교생인) 딸의 대학 진학을 위한 허위 경력을 만들어 준 것”이라고 했다.\n  그와 동시에 같이 발급된 장영표 단국대 교수 아들 장모씨와 조 전 장관 지인 박모 변호사 아들 박모씨의 인턴 확인서에 대해서도 모두 조 전 장관이 직접 허위 발급한 것이라고 결론지었다.\n    특히 장 교수에게 준 확인서에 대해선 “논문 제1저자 등재를 도와준 장영표 교수에 대한 보답”이라고 했다.\n  장 교수가 조 전 장관의 딸을 SCI급 병리학 논문 1저자로 만들어주고, 이에 조 전 장관은 장 교수 아들의 인턴 증명서를 만들어준 ‘스펙 품앗이’ 의혹이 사실이라는 게 검찰의 결론이다.\n  “서울대 사무실에서 센터 직인 날인하여 위조”위조 방식에 대해선 “조 전 장관이 2009년 7월경 정경심 교수로부터 딸ㆍ장씨ㆍ박씨의 주민등록번호를 전달받은 후 서울대 교수실에서 컴퓨터를 이용하여 위 3명이 실제 인턴으로 활동한 것처럼 각각의 성명ㆍ주민번호ㆍ소속과 함께 허위 내용을 기재했다”고 했다.\n    이어 “이를 ‘서울대학교 법과대학’이라고 인쇄된 레터지(양식지)에 출력한 후 불상의 방법으로 공익인권법센터 직인을 날인하여 공문서인 서울대 공익인권법센터장 교수 한인섭 명의의 2009년 5월 30일 자 ‘인턴십 확인서’를 각 위조하였다”고 했다.\n  다만 한 교수가 허위 증명서 날인에 동의했는지 등 관여 여부는 공소장에 적지 않았다.\n ",
		"passage_Cnt": 1248
	},
	"Annotation": {
		"summary1": "조 전 법무부 장관의 검찰 공소장에는 서울대 공익인권법센터가 인턴 증명서를 발급했다고 써져 있다. ",
		"summary2": "조국 전 법무부 장관의 11가지 혐의가 56페이지에 걸쳐 서술된 검찰 공소장(지난달 31일)에는 서울대 공익인권법센터라는 단어가 총 32회 등장한다. 이곳서 발급된 인턴 증명서와 관련 ‘허위’라고 명시한 표현은 30여 차례에 가깝고, 이를 입시에 활용해 “대학(원) 입시 업무를 방해했다”는 말도 거듭 썼다.",
		"summary3": null,
		"summary_3_cnt": null
	}
}