{
	"Meta(Acqusition)": {
		"doc_id": "REPORT-news_r-00152",
		"doc_category": "REPORT",
		"doc_type": "news_r",
		"doc_name": "기업은행장에 윤종원 전 수석 임명…10년 만에 관료 출신으로 회귀",
		"author": "한애란",
		"publisher": "중앙일보",
		"publisher_year": "2020",
		"doc_origin": "중앙일보"
	},
	"Meta(Refine)": {
		"passage_id": "REPORT-news_r-00152-00001",
		"passage": "차기 기업은행장에 윤종원 전 청와대 경제수석이 임명됐다.\n  3대 연속 내부출신 행장 배출의 전통이 10년 만에 깨졌다.\n  2일 기업은행에 따르면 윤종원 전 수석이 3일자로 26대 기업은행장으로 취임한다.\n  기업은행장은 금융위원장의 제청으로 대통령이 임명한다.\n  윤 신임 행장은 전통 경제관료 출신이다.\n  행시 27회로 기획재정부 경제정책국장과 대통령 경제금융비서관, 국제통화기금(IMF) 상임이사, 주 경제협력개발기구(OECD) 대사를 지냈다.\n  기업은행은 이날 저녁 배포한 보도자료에서 “윤 신임 행장은 현 정부의 경제·금융정책의 큰 뿌리인 '포용적 성장', '사람 중심 경제', '혁신금융'에 대한 이해도가 높아서 기업은행의 핵심 역할을 한 단계 발전시킬 적임자”라고 평가했다.\n   윤 행장 임명은 김도진 전 기업은행장이 지난해 12월 27일 퇴임한 지 6일 뒤에야 이뤄졌다.\n  당초 유력한 후보였던 반장식 전 청와대 일자리수석에 대해 기업은행 노조가 “금융 경험 없는 낙하산”이라고 반발해 결국 임명이 무산되면서 새 후보를 정하는 데 시간이 걸렸다.\n  결국 ‘예산통’ 반 전 수석 대신 거시경제 전문가인 윤 전 수석으로 교체했다.\n   노조는 강하게 반대한다.\n  기업은행 노조 관계자는 “반장식, 윤종원 전 수석 둘 다 같은 낙하산이고 ‘청와대 수석 일자리 만들어 주기’일 뿐”이라고 말했다.\n  노조는 이날 본점 앞에 펜스를 설치하고 ‘출근 저지 투쟁’ 준비에 들어갔다.\n  윤 행장은 10년 만에 돌아온 관료 출신 기업은행장이다.\n  기업은행은 2010년 12월 내부 공채 출신으로는 처음으로 조준희 행장이 취임했다.\n  이어 내부 출신인 권선주, 김도진 행장이 뒤를 이었다.\n  국책은행(산업·수출입·기업은행) 중 유일하게 내부 출신 행장을 이어갔지만 결국 외부 출신으로 회귀했다.\n    과거 야당 시절 낙하산 기업은행장을 강하게 반대했던 더불어민주당은 이에 침묵하고 있다.\n  2013년 12월 당시 허경욱 전 기획재정부 차관이 기업은행장 후보로 떠오르자 국회 정무위원회 소속 민주당 의원 전원은 성명을 발표했다.\n  “능력을 인정받은 내부출신 인사를 내치고 모피아(옛 재무부 출신 관료)를 낙하산으로 보내 얻을 게 없다”며 “정부는 좋은 관치도 있고 나쁜 관치도 있다고 강변하겠지만 관치는 독극물이고 발암물질”이라고 주장했다.\n  결국 박근혜 정부는 허 전 차관 대신 내부 출신이자 여성인 권선주 행장을 임명했다.\n ",
		"passage_Cnt": 1204
	},
	"Annotation": {
		"summary1": "윤 전 청와대 경제수석이 차기 기업은행장 자리에 오르면서 내부 출신 행장 배출의 전통이 깨졌으며 이에 노조가 반발하고 있다.",
		"summary2": "차기 기업은행장에 윤종원 전 청와대 경제수석이 임명됐다. 3대 연속 내부출신 행장 배출의 전통이 10년 만에 깨졌다. 노조는 강하게 반대한다.",
		"summary3": null,
		"summary_3_cnt": null
	}
}