{
	"Meta(Acqusition)": {
		"doc_id": "REPORT-news_r-00222",
		"doc_category": "REPORT",
		"doc_type": "news_r",
		"doc_name": "다주택자 10명중 4명 불출마···허울만 좋은 민주당 '공천배제'",
		"author": "김효성",
		"publisher": "중앙일보",
		"publisher_year": "2020",
		"doc_origin": "중앙일보"
	},
	"Meta(Refine)": {
		"passage_id": "REPORT-news_r-00222-00001",
		"passage": " 더불어민주당 국회의원 중 부동산 규제 지역(투기지역·투기과열지구·조정대상지역)에 2채 이상 주택을 가진 의원은 총 10명인 것으로 집계됐다.\n  민주당은 4월 총선을 앞두고 부동산 규제지역 내 다주택자에 대해서 ‘매각 서약서’를 받기로 했다.\n  해당 의원 10명이 출마하려면 ‘2년 내 주택을 팔겠다’는 약속을 해야한다는 뜻이다.\n  당장 이들의 발등에 불이 떨어진 셈이지만, 실제로 파장은 별로 크지 않은 것으로 보인다.\n  해당 의원들 숫자가 얼마 되지 않는데다, 그나마 그중에서 4명은 총선 불출마자이기 때문이다.\n  일각에선 ‘다주택자 매각서약’ 방침이 보여주기에 가깝다는 지적이 나온다.\n  국회·정부 공직자윤리위원회가 지난해 3월 공개한 정기재산변동신고를 집계해본 결과 민주당 의원 129명 중 재산신고가 이뤄지지 않은 정은혜 의원을 제외한 128명 가운데 진영·백재현·최운열·이용득·윤호중·유승희·서영교·김한정·이후삼·김병욱 등 10명이 투기지역·투기과열지구·조정대상지역에 주택을 2채 이상 보유했다.\n   해당 의원 가운데는 불출마를 공식 선언하거나 출마하지 않을 것으로 예상하는 의원이 4명 포함됐다.\n  행정안전부 장관인 진영 의원과 백재현·이용득 의원은 총선 불출마를 공식 선언했다.\n  최운열 의원도 출마하지 않기로 마음을 정한 것으로 전해졌다.\n  민주당 총선기획단이 비공개 최고위원회의에서 보고한 내용에 따르면 총선 후보자가 투기지역·투기과열지구·조정대상지역에 주택 2채 이상 보유할 경우 잉여 주택 매각 서약서를 받는다.\n  서약한 후보자가 당선 후 2년 내 실거주 목적 주택 1채 외 다른 주택을 팔지 않으면 당은 윤리위원회에 회부해 징계를 내린다.\n   3주택자인 윤호중 사무총장(총선기획단장)은 총선기획단 회의에서 “2채 중 1채는 팔았다”는 점을 부각했다고 한다.\n  윤 총장은 상가로 분류되는 주상복합건물을 제외하고, 주택으로 분류되는 2채 중 1채는 매각한 것으로 전해졌다.\n   서울에 주택 3채를 보유한 서영교 의원은 중앙일보와의 통화에서 “3채 중 아파트 1채는 매각 과정 중이어서 사실상 2채다.\n  중랑구 아파트 1채는 제가 살고 있고, 단독주택 1채는 시부모님이 살고 계셔서 사실상 실거주”라고 해명했다.\n  경기 남양주 별내동에 아파트 1채, 서울 종로구에 단독주택 1채를 보유한 김한정 의원은 “남양주 아파트는 전세로 살면 유권자들이 언제든지 지역을 떠날 사람으로 봐서 20대 총선 당선 직후 융자를 끼고 샀다”고 말했다.\n ",
		"passage_Cnt": 1221
	},
	"Annotation": {
		"summary1": "더불어민주당 국회의원 중 부동산 규제 지역에 2채 이상 주택을 가진 의원은 총 10명으로 총선을 앞두고 출마하려면 2년 내 주택을 팔겠다는 매각 서약서를 받기로 했다. ",
		"summary2": "더불어민주당 국회의원 중 부동산 규제 지역(투기지역·투기과열지구·조정대상지역)에 2채 이상 주택을 가진 의원은 총 10명인 것으로 집계됐다. 민주당은 4월 총선을 앞두고 부동산 규제지역 내 다주택자에 대해서 ‘매각 서약서’를 받기로 했다. 해당 의원 10명이 출마하려면 ‘2년 내 주택을 팔겠다’는 약속을 해야한다는 뜻이다.",
		"summary3": null,
		"summary_3_cnt": null
	}
}