{
	"Meta(Acqusition)": {
		"doc_id": "REPORT-news_r-00071",
		"doc_category": "REPORT",
		"doc_type": "news_r",
		"doc_name": "“결식아동이 VIP…현재의 너도 미래의 너도 행복하길”",
		"author": "김선영",
		"publisher": "중앙일보",
		"publisher_year": "2020",
		"doc_origin": "중앙일보"
	},
	"Meta(Refine)": {
		"passage_id": "REPORT-news_r-00071-00001",
		"passage": "‘눈치 보지 않고 들어오기, 금액 상관없이 먹고 싶은 거 말하기, 먹고 나갈 때 미소 한 번 짓기.\n ’ 서울 마포구 파스타 식당 ‘진짜파스타’가 발급하는 ‘VIP 카드’ 소지자가 지켜야 할 규칙이다.\n  물론 음식 값은 무료고, 매일 와도 괜찮다.\n  이 식당 주인장 오인태(35) 대표가 모시는 ‘VIP’는 결식아동이다.\n  그의 프로젝트는 지난 여름부터 소셜네트워크서비스(SNS)에서 화제를 모았다.\n  “아동 급식을 지원하는 꿈나무 카드를 받으려면 별도 단말기를 설치해야 하고 서류·정산 절차도 불편하더라고요.\n ”  그가 아이들에게 무료식사용 VIP 카드를 만들어 준 이유라고 지난달 26일 중앙일보에 밝혔다.\n  모양은 일반 손님들에게 제공되는 쿠폰과 같다.\n  (서울시는 지난 8월 꿈나무 카드를 일반 체크카드로 바꿨다.\n ) “요즘도 밥 굶는 애들이 있냐란 말을 듣고, 화가 나 시작했어요.\n ” 오 대표는 청소년기 컵라면과 삼각김밥으로 끼니를 해결한 때가 있었다.\n  “그 냄새만 맡아도 속이 좋지 않아요.\n  지금 아이들이 제 어렸을 때 처럼 사는 걸 보는 게 싫었습니다.\n ” 오 대표는 이를 ‘착한 분노’라 했다.\n  4개월 준비 끝에 지난 6월 본격적인 급식을 시작했다.\n  아이들은 “진짜 먹어도 되는 거예요?”라고 물으며 자꾸 눈치를 봤다.\n  “애들한테 들어보니 바쁜 시간엔 오지 말라는 식당들도 있다더군요.\n  꿈나무 카드 그 자체가 ‘낙인 효과’이고요.\n  그래서 손님용 쿠폰과 모양이 같은 VIP 카드를 만들어줬어요.\n ” 밥값은 미소 한 번이면 충분하다.\n  오 대표는 지금까지 식당을 이용한 아이들의 수를 세어보진 않았단다.\n  “두 시간 반 거리에서 온 아이가 있었어요.\n  파스타 하나 먹으려고요.\n  너무 늦게 시작해 미안했습니다.\n ” 그의 ‘선한 영향력’ 프로젝트는 다른 지역으로도 퍼졌다.\n  음식점, 학원, 미용실 등 다양한 업종의 449곳이 동참하고 있다.\n  조용히 뜻을 함께하는 가게도 100여 곳이라고 한다.\n  오 대표의 프로젝트가 알려진 뒤 ‘사장님 혼내주기’ 이벤트가 SNS상에서 시작됐다.\n  손님들이 몰려가 계산할 시간 없이 해주자는 거다.\n  오 대표는 식대 이상의 금액을 내는 이들이 많아 500원 동전용 모금함을 만들었다.\n  “지폐를 접어 모금함에 넣거나 비행기로 접어 카운터로 날리는 분들도 있어요.\n ”    아이들을 위한 물품도 쏟아졌다.\n  일부 기업과 자영업자들은 물론, 주부들이 ‘우리 아이 것 사면서 하나 더 샀다’며 학용품, 신발 등을 보내왔다.\n ",
		"passage_Cnt": 1252
	},
	"Annotation": {
		"summary1": "식당 주인 오 대표는 꿈나무 카드를 받으려면 별도 단말기 설치 및 서류 정산 절차가 불편해 아이들에게 일반 손님 쿠폰과 같은 무료식사용 VIP 카드를 만들어 줬다고 밝혔다.",
		"summary2": "이 식당 주인장 오인태(35) 대표가 모시는 ‘VIP’는 결식아동이다. “아동 급식을 지원하는 꿈나무 카드를 받으려면 별도 단말기를 설치해야 하고 서류·정산 절차도 불편하더라고요. ” 그가 아이들에게 무료식사용 VIP 카드를 만들어 준 이유라고 지난달 26일 중앙일보에 밝혔다. 모양은 일반 손님들에게 제공되는 쿠폰과 같다.",
		"summary3": null,
		"summary_3_cnt": null
	}
}