{
	"Meta(Acqusition)": {
		"doc_id": "REPORT-news_r-00089",
		"doc_category": "REPORT",
		"doc_type": "news_r",
		"doc_name": "[분양 포커스] 원석에서 보석으로 탈바꿈 ‘금관구’···트리플 프리미엄 중소형 아파트",
		"author": "채호연",
		"publisher": "중앙일보",
		"publisher_year": "2020",
		"doc_origin": "중앙일보"
	},
	"Meta(Refine)": {
		"passage_id": "REPORT-news_r-00089-00002",
		"passage": " 이 아파트는 전체 지하 2층~지상 26층 5개 동, 전용면적 44·59·84㎡ 440가구 규모다.\n  타입별로 44㎡A, 59㎡A, 59㎡B, 84㎡로 다양화해 수요자의 선택 폭을 넓힌 게 특징이다.\n  오류동역 트리플하임의 또다른 장점은 ‘3대 프리미엄’을 한꺼번에 누릴 수 있다는 점이다.\n  우선 이 아파트는 1호선 오류동역뿐만 아니라 7호선 천왕역도 편리하게 이용할 수 있는 더블역세권 단지다.\n  여기에다 개웅산공원과 개봉공원이 가까운 숲세권 단지로 주거환경이 쾌적하다.\n  또 전 가구를 전용면적 84㎡ 이하 중소형 실속 평면으로 설계해 실수요자의 선호도가 높을 것으로 예상된다.\n  뛰어난 상품 설계도 주목을 받고 있다.\n  오류동역 트리플하임은 먼저 가변형 벽체 구조로 설계돼 입주자가 라이프 스타일에 맞게 내부 공간을 선택할 수 있다.\n  특히 가변형 벽체에 무량판 구조와 화장실 층상 배관 설계를 적용해 리모델링이 쉽도록 했다.\n  여기에다 드레스룸·붙박이장·팬트리·보조주방·중문 등 특화 설계를 통해 입주자의 주거 만족도를 높인다는 계획이다.\n  입주자에게 쾌적한 주거환경을 제공하기 위해 접착제와 마감재 등은 친환경 자재를 사용한다.\n  또 고효율 환기 유닛, 팬 분리형 주방 배기 등 실내소음을 줄이기 위한 각종 시설도 설치된다.\n  이와 함께 빗물저류조·대기전력차단시스템·에너지관리시스템·절수페달·태양광에너지 등 친환경 에너지절감 시스템도 적용할 예정이다.\n  오류동역 트리플하임은 또 거실과 연결된 발코니, 세탁실 등을 통해 가사 동선을 최소화하고 전 세대 100% 남향 배치로 풍부한 일조량을 확보할 예정이다.\n  단지 안에는 선큰가든·휴게공간·어린이놀이터·피트니스센터·실내골프연습장·GX룸·키즈카페·독서실 등의 커뮤니티 시설이 조성된다.\n   시청·강남·여의도 출퇴근 편리주변 주거환경 또한 쾌적하다.\n  무엇보다 오류동역 트리플하임은 서울에서 쾌적한 숲세권을 누릴 수 있다.\n  단지 앞에는 오류동역 문화공원, 뒤엔 개웅산 공원을 두고 있고 매봉산·천왕산·푸른수목원·안양천 등이 가깝다.\n  여기에다 단지 배치도 개웅산을 조망 할 수 있도록 해 입주민의 주거 만족도를 높일 예정이다.\n  주변 생활 인프라도 풍부하다.\n  단지에서 이케아·코스트코·대형마트·재래시장이 가깝다.\n  고척스카이돔·오류문화센터·구로고대병원 등의 이용도 편리하다.\n  교육여건도 좋다.\n  특히 단지 주변에 오류남·초천왕초·오남중·우신고·세종과학고 등의 학교가 밀집해 있어 학부모 수요자들의 관심이 크다.\n ",
		"passage_Cnt": 1241
	},
	"Annotation": {
		"summary1": "오류동역 트리플하임은 1호선과 7호선을 편리하게 이용 가능한 더블역세권 단지이며 숲세권 단지로 주거환경이 쾌적하다. ",
		"summary2": "오류동역 트리플하임의 또다른 장점은 ‘3대 프리미엄’을 한꺼번에 누릴 수 있다는 점이다. 우선 이 아파트는 1호선 오류동역뿐만 아니라 7호선 천왕역도 편리하게 이용할 수 있는 더블역세권 단지다. 여기에다 개웅산공원과 개봉공원이 가까운 숲세권 단지로 주거환경이 쾌적하다.",
		"summary3": null,
		"summary_3_cnt": null
	}
}