{
	"Meta(Acqusition)": {
		"doc_id": "REPORT-news_r-00150",
		"doc_category": "REPORT",
		"doc_type": "news_r",
		"doc_name": "115일간 영화 1100편 분량 영상 분석···37명 기소 '패트 수사'",
		"author": "이우림",
		"publisher": "중앙일보",
		"publisher_year": "2020",
		"doc_origin": "중앙일보"
	},
	"Meta(Refine)": {
		"passage_id": "REPORT-news_r-00150-00001",
		"passage": "사건 발생 이후 253일, 영화 1100편 분량의 영상 분석….\n  국회 패스트트랙 충돌 사건을 수사한 서울 남부지방검찰청이 2일 황교안 자유한국당 대표를 비롯해 여야 의원 및 보좌진·당직자 37명을 기소했다.\n  지난해 4월 25일에 벌어진 사건이 해를 넘겨서야 기소 결정이 난 만큼 방대한 분량의 수사가 이뤄졌다.\n  패스트트랙 충돌 사태부터 검찰 기소에 이르기까지 8개월 동안의 과정을 숫자로 정리했다.\n    ① 253일253일.\n  사건 발생 이후 검찰의 기소 결정이 나기까지 걸린 시간이다.\n  지난해 9월 10일 남부지검이 영등포 경찰서로부터 사건을 송치받은 날을 기준으로 하면 115일 만이다.\n    지난해 4월 25일 자유한국당은 국회 의안과를 점거하고 패스트트랙 법안의 팩스 접수를 막는 과정에서 더불어민주당 의원들과 충돌했다.\n  이에 민주당은 다음날인 26일 국회법 제165ㆍ166조(본회의 등 국회의 회의를 방해할 목적으로 회의장이나 그 부근에서 폭력 행위 등을 하면 5년 이하의 징역 또는 1000만원 이하의 벌금에 처한다) 위반 혐의로 한국당 의원 18명을 고발했다.\n    이에 이틀 뒤인 28일 한국당은 문희상 국회의장과 민주당 의원 등 17명을 공동상해와 직권남용 혐의로 맞고발했고, 29일엔 민주당과 정의당이 형법 136조(공무집행방해죄)와 141조(공용서류 무효죄 혐의) 위반 등의 혐의로 한국당 의원과 보좌진을 추가 고발했다.\n  당시 민주당은 한국당이 회의를 방해한 것으로 보이는 사진과 동영상 자료를 직접 체증한 것으로 알려졌다.\n  ② 영화 1100편 분량 영상과 129명의 통화 내역 분석실제 사건을 수사한 남부지검과 영등포 경찰서는 당시 상황이 담긴 2.\n 2TB(테라바이트) 분량의 폐쇄회로(CC)TV와 언론사 영상을 분석한 것으로 드러났다.\n  이는 2시간 분량의 영화 1100편에 해당한다.\n  또 129명 명의의 휴대전화 284개의 통화 내역도 분석한 것으로 알려졌다.\n    ③ 94명 조사…황교안 5시간, 나경원 8시간 30분남부지검은 수사과정에서 27명의 피의자와 67명에 이르는 피해자와 참고인 등 총 97명을 조사한 것으로 드러났다.\n  조사 과정에서 민주당과 정의당 의원들은 경찰 소환에 자진 출석한 것에 반해 한국당은 “불법 사·보임 문제부터 조사해야 한다”며 소환에 불응했다.\n  그러다 황교안 한국당 대표는 지난해 10월 1일 “책임이 있다면 내 책임이다.\n  검찰은 내 목을 쳐라”면서 남부지검에 자진 출석했고 5시간 동안 조사를 받았다.\n ",
		"passage_Cnt": 1240
	},
	"Annotation": {
		"summary1": "자유한국당이 국회를 점거하고 패스트트랙 법안 접수를 막는 과정에서 더불어민주당 의원들과 충돌로 자유한국당 대표를 비롯한 의원 및 보좌진 37명이 기소됐다.",
		"summary2": "지난해 4월 25일 자유한국당은 국회 의안과를 점거하고 패스트트랙 법안의 팩스 접수를 막는 과정에서 더불어민주당 의원들과 충돌했다. 국회 패스트트랙 충돌 사건을 수사한 서울 남부지방검찰청이 2일 황교안 자유한국당 대표를 비롯해 여야 의원 및 보좌진·당직자 37명을 기소했다.",
		"summary3": null,
		"summary_3_cnt": null
	}
}