{
	"Meta(Acqusition)": {
		"doc_id": "REPORT-news_r-00188",
		"doc_category": "REPORT",
		"doc_type": "news_r",
		"doc_name": "[김경민의 한반도평화워치] 일본 항모에 대응하려면 한국형 항모 전단 필요하다",
		"author": "김선영",
		"publisher": "중앙일보",
		"publisher_year": "2020",
		"doc_origin": "중앙일보"
	},
	"Meta(Refine)": {
		"passage_id": "REPORT-news_r-00188-00002",
		"passage": " 세계 어느 곳에서도 볼 수 없는 항공모함 군비 경쟁이 불붙고 있다.\n  그러면 한국형 항모는 어떤 항모여야 하고 어떻게 항모 전단을 구성해야 하는가.\n  11척의 원자력 항모를 보유한 미국의 항모는 평균 10만t급(만재배수량 기준)이고 캐터펄트(비행기 발사기)라는 장치를 이용해 전쟁 중에는 10분에 20기의 항공기를 고속으로 이륙시킬 수 있다.\n  반면 한국형 항모는 3만t급으로 작기 때문에 뱃머리의 상향 각도가 11도에서 12도 위로 휘어진 스키(Ski) 점프 대형의 구조가 될 것으로 예상한다.\n   설계 때 F-35B 탑재 고려해야 규모가 3만t급이기 때문에 전투기는 미국산 수직이착륙 스텔스 전투기 F-35B를 탑재하게 될 것이다.\n  항공모함의 형태는 수직이착륙 전투기를 탑재하는 미국 강습상륙함 와스프, 일본 이즈모함, 영국 퀸 엘리자베스 항모를 참고할 수 있다.\n  그중 일본 이즈모함과 미국 강습상륙함이 한국형 항모에 시사점을 줄 것이다.\n  이즈모함은 현재 헬리콥터 탑재함으로 운용되고 있지만, 설계부터 미국산 수직이착륙 스텔스 전투기 F-35B를 탑재하는 항공모함으로의 변신을 염두에 두었다.\n  지휘탑이 배의 오른쪽 중간 지점에 있고 갑판이 수평으로 뻥 뚫려 활주로로 이용할 수 있다.\n  일본 해상자위대의 예비역 장성은 2018년 2월 “이즈모함은 2006년 기본 설계가 시작될 때부터 F-35B를 함정 격납고에 보관할 수도 있도록 배를 만들었다”고 증언한 바 있다.\n  실제 이즈모함은 전투기를 함정 내부에 보관하고 작전할 때 전투기를 비행갑판에 올리기 위한 엘리베이터의 크기를 F-35B가 들어갈 수 있는 길이 15m, 폭 11m로 만들었다.\n  미국과 군사 동맹을 유지하는 한국은 미국과 연합훈련을 하는 걸 고려해 미국 강습상륙함도 한국 항모 설계에 참고해야 한다.\n  일본도 미국 F-35B를 자국 항모에서 이·착륙시키는 훈련을 구상하고 있어 이 훈련은 한국에도 똑같이 적용될 것이다.\n  항공모함은 바다에 떠 있는 활주로나 다름없어 자체 방어가 취약하다.\n  한국형 항공모함이 작전 중일 때 물밑에선 잠수함이 적의 잠수함이 있는지 살피며 호위해야 한다.\n  또 바다 위에서는 적의 공대함 미사일에 대비한 요격 미사일 체제를 갖춘 이지스(Aegis)함과 구축함 4~5척을 항모 전후좌우에 배치해 만일의 사태를 대비해야 한다.\n  항모가 진행할 방향에는 대잠초계기를 띄워 원거리 물밑에 적 잠수함이 있는지 수색해야 한다.\n ",
		"passage_Cnt": 1207
	},
	"Annotation": {
		"summary1": "이즈모함은 미국산 수직이착률 스텔스 전투기 F-35B를 격납고에 보관할 수 있도록 설계되어 만들어졌다.",
		"summary2": "이즈모함은 현재 헬리콥터 탑재함으로 운용되고 있지만, 설계부터 미국산 수직이착륙 스텔스 전투기 F-35B를 탑재하는 항공모함으로의 변신을 염두에 두었다. 일본 해상자위대의 예비역 장성은 2018년 2월 “이즈모함은 2006년 기본 설계가 시작될 때부터 F-35B를 함정 격납고에 보관할 수도 있도록 배를 만들었다”고 증언한 바 있다.",
		"summary3": null,
		"summary_3_cnt": null
	}
}