{
	"Meta(Acqusition)": {
		"doc_id": "REPORT-news_r-00050",
		"doc_category": "REPORT",
		"doc_type": "news_r",
		"doc_name": "1원도 못쓴 '성금 도둑'…도주중 \"어디냐\" 형사 전화에 화들짝",
		"author": "김준희",
		"publisher": "중앙일보",
		"publisher_year": "2020",
		"doc_origin": "중앙일보"
	},
	"Meta(Refine)": {
		"passage_id": "REPORT-news_r-00050-00001",
		"passage": "전주 '얼굴 없는 천사'가 두고 간 성금 6000만원을 훔친 30대 남성 2명이 사흘간 잠복 끝에 손안에 넣은 돈을 한 푼도 못 쓴 채 구속될 위기에 몰렸다.\n  이들은 범행 당일 도주 과정에서 경찰에 붙잡혀 전주 덕진경찰서 유치장에서 새해를 맞았다.\n    1일 전주 완산경찰서에 따르면 '얼굴 없는 천사'가 전주시에 기부한 6000여만원을 훔친 혐의(특수절도)로 긴급체포된 A씨(35)와 B씨(34)의 구속 전 피의자 심문(영장실질심사)이 이날 오후 4시 전주지법에서 열렸다.\n  영장 발부 결과는 이날 오후 늦게 나올 예정이다.\n    충남 논산 지역 선후배 사이인 이들은 지난달 30일 오전 10시 7분쯤 노송동주민센터 뒤편 천사공원 내 '희망을 주는 나무' 밑에 '얼굴 없는 천사'가 두고 간 성금 6000여만원을 차에 싣고 달아난 혐의를 받고 있다.\n  논산에서 컴퓨터 수리업체를 운영하는 A씨는 경찰에서 \"유튜브를 통해 '얼굴 없는 천사'의 사연을 알게 됐다\"며 \"컴퓨터 수리업체를 하나 더 차리려고 범행을 계획했다\"고 말했다.\n  A씨가 무직인 B씨에게 먼저 범행을 제안했다.\n    경찰 조사 결과 A씨 휴대전화에서 '노송동주민센터'를 검색한 기록이 나왔다.\n  '얼굴 없는 천사'는 매년 12월 성탄절 전후에 비슷한 모양의 A4용지 상자에 수천만원에서 1억원 안팎의 성금과 편지를 담아 노송동주민센터에 두고 사라지는 익명의 기부자다.\n  그는 2000년 4월 초등학생을 시켜 58만4000원이 든 돼지저금통을 중노2동주민센터에 보낸 것을 시작으로 해마다 남몰래 선행을 이어오고 있다.\n  이번에 도난당했다 되찾은 성금 6016만3210원까지 포함하면 그가 2000년부터 지난해까지 20년간 모두 21차례 기부한 성금 총액은 6억6850만3870원에 달한다.\n  경찰에 따르면 A씨 등은 지난달 26일 오전 7시부터 27일 오후 6시까지 주민센터 주변에서 잠복했지만, 허탕 쳤다.\n  주말 이틀간은 쉬었다가 월요일인 지난달 30일 논산에서 자정 무렵 출발해 오전 2시쯤 주민센터에 도착했다.\n  이들은 전주 오는 길에 휴게소 화장실에 들러 화장지에 물을 묻혀 차량 번호판을 가렸다.\n  이전에는 차량판을 가리지 않았다고 한다.\n  이후 8시간 동안 차량에서 기다린 이들은 '얼굴 없는 천사'가 두고 간 성금을 빼돌리는 데 성공했다.\n    이들은 범행 4시간여 만인 오후 2시 25분과 2시 40분쯤 충남 계룡과 대전 유성에서 각각 붙잡혔다.\n ",
		"passage_Cnt": 1210
	},
	"Annotation": {
		"summary1": "노송동 주민센터 뒤편 천사공원의 희망을 주는 나무 밑에 얼굴 없는 천사가 두고 간 성금 6천여만 원을 훔쳐 달아난 혐의로 남성 2명이 긴급체포되어 구속 전 피의자 심문을 받았다.",
		"summary2": "전주 '얼굴 없는 천사'가 두고 간 성금 6000만원을 훔친 30대 남성 2명이 사흘간 잠복 끝에 손안에 넣은 돈을 한 푼도 못 쓴 채 구속될 위기에 몰렸다. 1일 전주 완산경찰서에 따르면 '얼굴 없는 천사'가 전주시에 기부한 6000여만원을 훔친 혐의(특수절도)로 긴급체포된 A씨(35)와 B씨(34)의 구속 전 피의자 심문(영장실질심사)이 이날 오후 4시 전주지법에서 열렸다. 충남 논산 지역 선후배 사이인 이들은 지난달 30일 오전 10시 7분쯤 노송동주민센터 뒤편 천사공원 내 '희망을 주는 나무' 밑에 '얼굴 없는 천사'가 두고 간 성금 6000여만원을 차에 싣고 달아난 혐의를 받고 있다.",
		"summary3": null,
		"summary_3_cnt": null
	}
}