{
	"Meta(Acqusition)": {
		"doc_id": "REPORT-news_r-00050",
		"doc_category": "REPORT",
		"doc_type": "news_r",
		"doc_name": "1원도 못쓴 '성금 도둑'…도주중 \"어디냐\" 형사 전화에 화들짝",
		"author": "김준희",
		"publisher": "중앙일보",
		"publisher_year": "2020",
		"doc_origin": "중앙일보"
	},
	"Meta(Refine)": {
		"passage_id": "REPORT-news_r-00050-00002",
		"passage": " \"이틀 전부터 주민센터 근처에서 못 보던 차가 있어서 차량 번호를 적어놨다\"는 주민이 건넨 메모가 결정적 단서가 됐다.\n    경찰의 공조 수사도 빛을 발했다.\n  전북경찰청은 사건 당일 주민센터 측의 신고를 받자마자 전국에 수배령을 내렸다.\n  평소 A씨를 알고 있던 충남경찰청 소속 한 형사가 A씨에게 '너 어디냐.\n  지금 만나자'고 전화를 했다.\n  훔친 돈을 가지고 논산 쪽으로 도주하던 A씨는 화들짝 놀랐다고 한다.\n  그는 훔친 성금을 B씨에게 맡기고 대전 유성에 있는 한 커피숍에 내려줬다.\n  그리고 계룡시 모처에서 해당 형사를 만났다.\n  A씨는 처음엔 혐의를 완강히 부인하다가 형사가 집요하게 추궁하자 자백 후 체포된 것으로 알려졌다.\n  B씨는 체포 당시 커피숍에 우두커니 앉아 있었다고 한다.\n  경찰이 확보한 A4용지 상자 안에는 5만원권 지폐 다발(100장씩 각 500만원) 12묶음과 동전이 담긴 돼지저금통이 들어 있었다.\n  '소년소녀가장 여러분 힘내세요'라고 적힌 편지도 있었다.\n  경찰 관계자는 \"용의자들이 도주 과정에서 붙잡혔기 때문에 훔친 돈을 쓸 수 있는 시간적 여유가 없었다\"고 했다.\n  '얼굴 없는 천사'는 이런 불상사를 전혀 예상하지 못한 채 지난달 30일 오전 10시 3분쯤 '발신번호 없음'으로 노송동주민센터에 전화했다.\n  \"(성금이 든 상자를) 천사공원 내 희망을 주는 나무 밑에 놨으니 살펴 보세요\"라고 짤막하게 말한 뒤 전화를 끊었다.\n  직원들이 천사공원에 달려갔지만, 성금이 든 상자는 없었다.\n  이후 '얼굴 없는 천사'는 10시 7분과 12분, 16분 세 차례 더 전화를 걸어 \"(주민센터) 뒤쪽에 상자가 있다\" \"성금을 찾았느냐\" \"물건 아직 못 찾았냐\"며 상자 위치를 재차 알려줬다.\n  30분 넘게 주변을 샅샅이 살폈지만, 성금 상자를 발견하지 못하자 주민센터 측은 오전 10시 37분 경찰에 도난 신고를 했다.\n  10시 46분 다섯 번째 전화를 건 그는 주민센터 직원으로부터 \"성금이 없어졌다\"는 사실을 전해 듣고 무척 당황해한 것으로 알려졌다.\n  그러면서도 \"경찰 조사가 이뤄지더라도 내 차량과 신분이 노출되지 않도록 주의해 달라\"며 신신당부했다고 한다.\n  경찰은 2일 오전 11시 회수한 성금을 노송동주민센터에 돌려줄 예정이다.\n  '얼굴 없는 천사'가 성금 소유권을 주민센터에 이전한 것으로 판단해서다.\n    전주=김준희 기자 kim.\n junhee@joongang.\n ",
		"passage_Cnt": 1208
	},
	"Annotation": {
		"summary1": "얼굴 없는 천사가 노송동주민센터에 성금 상자를 두고 갔으나 발견하지 못해 경찰에 도난신고 후 A 씨를 체포했다.",
		"summary2": "A씨는 처음엔 혐의를 완강히 부인하다가 형사가 집요하게 추궁하자 자백 후 체포된 것으로 알려졌다. '얼굴 없는 천사'는 이런 불상사를 전혀 예상하지 못한 채 지난달 30일 오전 10시 3분쯤 '발신번호 없음'으로 노송동주민센터에 전화했다. 30분 넘게 주변을 샅샅이 살폈지만, 성금 상자를 발견하지 못하자 주민센터 측은 오전 10시 37분 경찰에 도난 신고를 했다.",
		"summary3": null,
		"summary_3_cnt": null
	}
}