{
	"Meta(Acqusition)": {
		"doc_id": "REPORT-news_r-00007",
		"doc_category": "REPORT",
		"doc_type": "news_r",
		"doc_name": "[최상연 논설위원이 간다] 이재오 “무반성 한국당, 무능 지도부…이대론 총선 어렵다”",
		"author": "김선영",
		"publisher": "중앙일보",
		"publisher_year": "2020",
		"doc_origin": "중앙일보"
	},
	"Meta(Refine)": {
		"passage_id": "REPORT-news_r-00007-00001",
		"passage": "보수진영 사분오열 속 ‘국민통합연대’ 띄운 비박계 크리스마스를 앞둔 지난 23일 오전 서울 프레스센터 국제회의실.\n  보수분열 극복을 내건 ‘국민통합연대’가 창립대회를 열었다.\n  햇살 없이 착 가라앉은 날씨에 동지 바람이 매서웠지만 행사장 안은 달아올랐다.\n  문재인 정권을 향한 맹폭격이 이어졌고 ‘무능, 기만의 오만방자한 정권에 사망을 선고한다’는 창립선언문이 나왔다.\n  홍준표 전 자유한국당 대표 등 전현직 의원 20여명을 포함해 500여명이 자리를 빼곡하게 메웠다.\n  총선이 불과 석달 남짓이다.\n  야권 인사들이 정권을 두들겨 패는 거야 이상한 일이 아니다.\n  눈 여겨 볼 대목은 모인 사람이 대부분 친이·비박계(친이명박·비박근혜) 인사들이란 점이다.\n  박관용 전 국회의장, 이문열 작가와 함께 보수쪽 명망가 여럿이 이름을 올리고 더러 참석했다.\n  전광훈 목사는 축사를 했다.\n  그래도 이명박 정권서 요직을 맡았던 사람들이 주축이다.\n  이재오 중앙집행위원장과 홍준표 전 대표가 한가운데 있다.\n  두 사람은 ‘친박 그룹’에 둘러싸인 황교안 대표와 한국당에 불편한 기색을 감추지 않는 중이다.\n  홍 전 대표는 이튿날 “무기력한 야당만 믿고 따르기엔 너무 답답하고 앞날이 보이지 않아 창립한 게 국민통합연대”란 글을 올렸다.\n  31일엔 “한국당 지도부는 총사퇴하고 비상대책위를 꾸려야 한다”고 황 대표 사퇴를 요구했다.\n  이재오 위원장은 지난 10월3일 광화문의 조국 규탄집회장에서 “자유한국당은 집회에서 빠지라”고 외쳤다.\n  가뜩이나 뿔뿔이 흩어진 각자도생의 보수세력이다.\n  한국당과 우리공화당에다 새로운 보수당, 이언주 신당, 이정현 신당이 나올 판이다.\n  게다가 개정선거법의 준연동형 비례대표제는 군소정당에 유리한 분열요인이다.\n  중앙선관위에 등록된 정당이 34개인데 창당준비위원회를 설립한 예비정당만 16개에 달한다.\n  야권 빅텐트를 외칠만한 상황이긴 하다.\n  그런데 통합을 내건 이재오 위원장은 “어느 한 정당이나 단체 중 힘 있는 정당, 단체를 중심으로 뭘 하자는 식의 통합은 어렵다”고 주장했다.\n  황교안 대표와 한국당 중심의 보수 통합론을 가로막고 나선 셈이다.\n  그렇다고 ‘힘 있는’ 한국당이 ‘힘 없는’ 국민통합연대의 주문에 따를 리는 없다.\n  결국 친이계가 떨어져 나가는 ‘보수 4분열’이란 해석이 나왔다.\n  정말 그럴까.\n  국민통합연대는 조만간 친이 비박 신당으로 탈바꿈할 것인가.\n ",
		"passage_Cnt": 1204
	},
	"Annotation": {
		"summary1": "국민통합연대가 연 창립대회에 자유한국당 홍 전 대표 등 의원 20여 명을 포함한 500여 명이 자리를 빼곡하게 매웠으며 축사는 전 목사가 했다. ",
		"summary2": "보수분열 극복을 내건 ‘국민통합연대’가 창립대회를 열었다. 홍준표 전 자유한국당 대표 등 전현직 의원 20여명을 포함해 500여명이 자리를 빼곡하게 메웠다. 전광훈 목사는 축사를 했다.",
		"summary3": null,
		"summary_3_cnt": null
	}
}