{
	"Meta(Acqusition)": {
		"doc_id": "REPORT-news_r-00235",
		"doc_category": "REPORT",
		"doc_type": "news_r",
		"doc_name": "[김기환의 나공⑳] ‘IT 골리앗’에 1조 과징금 때린 공정위 ‘퀄컴 저승사자’",
		"author": "김기환",
		"publisher": "중앙일보",
		"publisher_year": "2020",
		"doc_origin": "중앙일보"
	},
	"Meta(Refine)": {
		"passage_id": "REPORT-news_r-00235-00002",
		"passage": " 퀄컴은 IT 업체에 모뎀을 판매하면서 모뎀뿐 아니라 특허 공유 협상을 병행했다.\n  최대한 많은 특허 이용료(로열티)를 받아내려는 전략이었다.\n  업계는 퀄컴이 로열티를 높게 부르거나 모뎀에 특허를 끼워팔아도 속수무책이었다.\n  공정위 조사에도 덩치에 어울리는 물량 공세를 펼쳤다.\n  공정위 ‘전관’이 즐비한 세종ㆍ율촌ㆍ화우 등 국내 대형 로펌을 선임해 맞섰다.\n  특허ㆍITㆍ공정거래법ㆍ경제학 전문가도 섭외해 논리를 뒷받침했다.\n   1차전, 전원회의 퀄컴 전담팀이 퀄컴에 보낸 심사보고서(검찰의 공소장 격) 분량은 3200쪽에 달했다.\n  일반적인 IT 대기업 심사보고서 분량의 5~8배 수준이었다.\n  전원회의에서 내린 결론은 법원의 1심에 해당하는 효력을 가진다.\n  심의는 팽팽했다.\n   “첫 번째 심의 때 퀄컴 측 변호사가 공정위 보고서를 두고 ‘잘 쓴 소설’이라고 하더라고요.\n  그동안 노력을 소설로 깎아내리니까 허탈했죠.\n  ‘잘 쓴’이란 수식어를 두고 애써 ‘그래도 우리가 잘 만들었다는 건 인정했다’며 동료들과 농담을 나눈 게 기억에 남습니다.\n ”  전원회의가 열릴 때면 삼성ㆍLG전자와 애플 관계자까지 이례적으로 몰려들어 심판정이 북적였다.\n  공정위는 이례적으로 전원회의를 7번이나 열고서야 과징금 부과를 확정했다.\n  2016년 12월 마무리한 1차전은 다윗의 승리였다.\n   2차전, 법정 골리앗은 쉽게 쓰러지지 않았다.\n  곧바로 행정소송에 들어갔다.\n  대형 로펌 변호사 22명을 선임했다.\n  선임료만 수백억 원, 심지어 1000억원에 달한다는 얘기가 나왔다.\n  반면 공정위는 송무담당관실 소속 김의래ㆍ이준헌 과장, 이지훈 서기관, 권혜지 사무관과 10억원 미만을 들여 선임한 법무법인 바른 변호사 4명이 전부였다.\n  변호사 선임료로만 따지면, 승리가 불가능해 보이는 싸움이었다.\n  한 번 지고 나서였을까.\n  퀄컴은 독기를 품었다.\n   “공정위 시정 명령은 퀄컴의 사업구조를 전부 바꾸라는 것이나 다름없습니다.\n  매우 과격하고, 전면적이며, 이해하기 어려운 결정입니다(퀄컴).\n ” “퀄컴의 독점 구조를 그대로 두면 사물인터넷(IoT), 5세대(5G) 이동 통신도 결국 ‘기울어진 운동장’이 될 것입니다(공정위).\n ”  양측이 법정에서 주고받은 답변 자료만 7만4810쪽에 달했다.\n  공정위 측으로 보조 참가한 삼성·애플이 하루아침에 소를 취하하는 일도 벌어졌다.\n  퀄컴의 지배력과 힘이 느껴졌다.\n ",
		"passage_Cnt": 1207
	},
	"Annotation": {
		"summary1": "많은 특허 이용료를 받아내려는 전략으로 퀄컴은 IT업체에 모뎀 판매시 모뎀 뿐 아니라 특허 공유 협상을 병행했지만 업계는 이에 속수무책이었다.",
		"summary2": "퀄컴은 IT 업체에 모뎀을 판매하면서 모뎀뿐 아니라 특허 공유 협상을 병행했다. 최대한 많은 특허 이용료(로열티)를 받아내려는 전략이었다. 업계는 퀄컴이 로열티를 높게 부르거나 모뎀에 특허를 끼워팔아도 속수무책이었다.",
		"summary3": null,
		"summary_3_cnt": null
	}
}