{
	"Meta(Acqusition)": {
		"doc_id": "REPORT-news_r-00041",
		"doc_category": "REPORT",
		"doc_type": "news_r",
		"doc_name": "이춘재, 초등생 실종도 진술 \"살기 싫어 산 가다 마주쳐 살해\"",
		"author": "채혜선",
		"publisher": "중앙일보",
		"publisher_year": "2020",
		"doc_origin": "중앙일보"
	},
	"Meta(Refine)": {
		"passage_id": "REPORT-news_r-00041-00001",
		"passage": "연쇄살인 사건의 진범 이춘재(56)가 자신이 저지른 살인 14건 가운데 현재 재심 절차가 진행 중인 8차 사건 등 일부 범행 경위에 대해 진술했다.\n   1일 경찰 등에 따르면 이춘재는 경기남부지방경찰청 수사본부에 지난해 9월 살인 14건과 강간 30여건 등 자신이 저지른 범죄를 자백할 당시 8차 사건의 범행 경위 등을 털어놨다.\n   8차 사건은 1988년 9월 16일 경기도 화성군 태안읍의 가정집에서 박모(당시 13세)양이 숨진 채 발견된 사건이다.\n  이 사건 범인으로 지목된 윤모(52)씨는 1심에서 무기징역을 선고받아 20년간 옥살이를 한 뒤 2009년 가석방됐다.\n  윤씨는 지난해 11월 법원에 재심을 청구했다.\n    자백 당시 이춘재는 8차 사건을 저지르게 된 경위에 대해서 “동네 구멍가게에서 술을 마시고 집으로 가다가 대문이 열려있는 집이 보였다”며 “방문 창호지에 난 구멍으로 안을 들여다봤는데 남자가 있었으면 그냥 가려고 했지만, 여자가 자고 있어서 들어갔다”고 말했다.\n    이와 관련, 윤씨의 재심청구를 돕는 박준영 변호사는 지난달 29일 자신의 페이스북에 글을 올리고 경찰 조사 당시 이춘재의 자백 과정을 공개하기도 했다.\n  박 변호사는 “이춘재는 종이와 펜을 달라고 했고 ‘살인 12+2, 강간 19, 미수 15’라고 써서 프로파일러에게 건넸더니 다들 많이 놀라는 분위기였다”며 “(연쇄살인) 10건 중 범인이 잡힌 8차 사건을 뺀 9건을 인정해야 하는데 순간 다들 난감했을 것”이라고 전했다.\n    이어 “이춘재는 ‘(8차 사건도) 다 내가 한 거로 밝혀지면 경찰이 곤란한 거 아니냐’고 하면서 ‘곤란하면 이야기 안 할 수도 있다’고 했지만, 공은경 팀장님은 ‘그런 것은 상관없고 진실을 이야기하는 것이 중요하다’고 말했다고 한다”고 덧붙였다.\n  공은경(40·여) 경기남부지방경찰청 경위는 다른 프로파일러들과 함께 이춘재 조사에 투입돼 자백을 받아낸 인물이다.\n   아울러 이춘재는 ‘화성 초등생 실종’ 사건의 범행 경위에 대해서도 입을 연 것으로 전해졌다.\n   이 사건은 89년 7월 7일 낮 12시 30분쯤 태안읍에서 초등학교 2학년생인 A양(8)이 하굣길에 사라진 사건이다.\n  같은 해 12월 A양의 옷가지 등만 발견됐고 시신을 찾지 못해 그동안 실종사건으로 여겨졌지만, 이춘재는 A양을 성폭행한 뒤 살해했다고 자백했다.\n  이춘재는 “그냥 살기 싫다는 생각이 들어서 자살하려고 야산에 올라갔는데 한 어린이가 지나가길래 몇 마디 대화하다가 일을 저질렀다.\n ",
		"passage_Cnt": 1237
	},
	"Annotation": {
		"summary1": "1988년 9월 16일 8차 사건으로 지목된 윤 씨는 20년간 옥살이를 한 뒤 가석방되어 법원에 재심을 청구했다.",
		"summary2": "8차 사건은 1988년 9월 16일 경기도 화성군 태안읍의 가정집에서 박모(당시 13세)양이 숨진 채 발견된 사건이다. 이 사건 범인으로 지목된 윤모(52)씨는 1심에서 무기징역을 선고받아 20년간 옥살이를 한 뒤 2009년 가석방됐다. 윤씨는 지난해 11월 법원에 재심을 청구했다.",
		"summary3": null,
		"summary_3_cnt": null
	}
}