{
	"Meta(Acqusition)": {
		"doc_id": "REPORT-news_r-00166",
		"doc_category": "REPORT",
		"doc_type": "news_r",
		"doc_name": "정의선 “창업가처럼 도전하라” 구광모 “고객 마음 읽어라”",
		"author": "김선영",
		"publisher": "중앙일보",
		"publisher_year": "2020",
		"doc_origin": "중앙일보"
	},
	"Meta(Refine)": {
		"passage_id": "REPORT-news_r-00166-00001",
		"passage": "커지는 불확실성 속에서 재계 최고경영자(CEO)들이 내놓은 신년 메시지의 화두는 ‘미래’와 ‘고객’, ‘디지털 혁신’으로 요약된다.\n  미래의 청사진을 그리고, 빠른 변화를 통해 성장 동력을 확보하겠다는 의지를 보여준 것으로 풀이된다.\n  정의선 현대차그룹 수석부회장은 2일 신년회에서 “거대한 조직의 단순한 일원이 아니라 여러분 한 분, 한 분 모두가 스타트업의 창업가와 같은 마인드로 창의적 사고와 도전적 실행을 해주기 바란다”고 당부했다.\n  전기차·자율주행차 등 다각화하는 미래 자동차 시장에서 주도권을 갖기 위해 발상의 전환을 주문한 것이다.\n  그는 “올해는 2000년 현대차그룹으로 출발한지 20주년이 되는 뜻깊은 해”라며 “미래 시장에 대한 리더십 확보의 원년으로 삼고자 한다”고 밝혔다.\n  이어 “그룹 총투자를 연간 20조원 규모로 크게 확대하고, 향후 5년간 총 100조원 이상을 투자할 계획”이라는 청사진을 내놨다.\n  전동화 시장 리더십을 확고히 하기 위해 2025년까지 11개 전기차 전용 모델을 포함해 총 44개의 전동화 차량을 운영할 계획이다.\n  현대차그룹이 세계 최고 수준의 기술을 보유한 수소 전기차의 경우 올해부터는 차량뿐 아니라 연료전지시스템 판매를 본격화한다.\n  자율주행 분야는 미국 앱티브사와 설립한 현지 합작법인을 통해 2023년 상용화를 추진한다.\n  정 부회장은 지난해 신년회에 데뷔했다.\n  당시 완성차 생산 목표를 내놓지 않아 이목을 끌었다.\n  올해 신년사에서도 완성차 목표 언급은 없었다.\n  대신 그는 “완성차 사업은 권역별 책임 경영을 바탕으로, 수익성 중심의 사업운영 체제를 확립해야 한다”며 “자동차 기반의 혁신과 더불어 로봇·도심 항공 모빌리티(UAM)·스마트시티 같은 영역의 기술개발과 사업도 추진할 것”이라고 설명했다.\n  “외부의 다양한 역량을 수용하는 개방형 혁신을 위해 기술과 비전, 인재가 있는 곳이라면 전 세계 어디라도 달려갈 것”이라는 게 그가 밝힌 포부다.\n  구광모 (주)LG 대표는 시무식 대신 영상 메시지로 신년사를 내놨다.\n  구 대표의 신년사 영상은 5가지 질문에 대한 답변 형식으로 진행됐다.\n  ‘고객 가치를 실행에 옮기기 위해서는 무엇부터 해야 할까요’ ‘고객의 마음을 읽었다면, 그다음에 가장 필요한 것은 무엇일까요?’ ‘고객 가치를 위한 실행에 몰입하려면 어떻게 해야 할까요?’ 등 순이었다.\n  구 대표는 “모든 것을 고객의 페인 포인트(Pain Point)에서 시작해야 한다”며 “페인 포인트는 고객이 우리에게 바라는 모든 것이고 고객의 마음을 정확하고 빠르게 읽기 위해 디지털 기술을 활용하는 지혜도 필요하다”고 강조했다.\n ",
		"passage_Cnt": 1304
	},
	"Annotation": {
		"summary1": "정 부회장은 미래 자동차 시장에서 주도권을 갖기 위해 신년회에서 직원들에게 창의적 사고와 도전적 실행을 해주길 바란다고 당부했다.",
		"summary2": "정의선 현대차그룹 수석부회장은 2일 신년회에서 “거대한 조직의 단순한 일원이 아니라 여러분 한 분, 한 분 모두가 스타트업의 창업가와 같은 마인드로 창의적 사고와 도전적 실행을 해주기 바란다”고 당부했다. 전기차·자율주행차 등 다각화하는 미래 자동차 시장에서 주도권을 갖기 위해 발상의 전환을 주문한 것이다.",
		"summary3": null,
		"summary_3_cnt": null
	}
}