{
	"Meta(Acqusition)": {
		"doc_id": "REPORT-news_r-00085",
		"doc_category": "REPORT",
		"doc_type": "news_r",
		"doc_name": "[양성희 논설위원이 간다] 요즘 여성예능은 이게 다르다",
		"author": "김선영",
		"publisher": "중앙일보",
		"publisher_year": "2020",
		"doc_origin": "중앙일보"
	},
	"Meta(Refine)": {
		"passage_id": "REPORT-news_r-00085-00001",
		"passage": "대중문화속 여풍, 어디까지뻔한 나눠먹기 수상으로 비판 많았던 지상파 연말 방송 시상식에서 모처럼 눈에 띄는 장면이 나왔다.\n  MBC ‘나 혼자 산다’의 박나래가 2019 MBC 방송연예대상에서 대상을 차지했다.\n  전년도 대상 수상자인 이영자에 이은 여성 수상자다.\n  이영자는 2018년 여성 예능인으로서는 처음으로 KBS·MBC 연예대상을 받았다.\n  박나래는 “저도 사람이니까 상을 너무 받고 싶었다.\n  어차피 키가 작아서(148cm) 높이도 못 가겠지만 항상 낮은 자세로 임하겠다”고 울먹였다.\n  이날 MBC 방송연예대상은 한국 방송의 변화를 웅변하는 자리였다.\n  들러리 수준을 벗어나 여성 연예인들이 주요 부문을 수상하고 다른 여성 연예인의 이름을 거명하며 감사를 표했다.\n  40~50대 중년 남성 예능인이 상을 독식하던 과거와 달라진 풍경이다.\n  대표적인 ‘금녀’ 프로그램인 ‘라디오 스타’에 유일한 여성 고정 MC로 입성한 안영미는 우수상(‘뮤직&토크’ 부문)을 받았다.\n  ‘19금 개그’의 강자로 불리던 안영미는 “제가 방송용이 아니라고 위축돼 있을 때 손 내밀어준 송은이 김숙 선배에게 감사하다.\n  어버이 같은 분들이다”라며 넙죽 큰절했다.\n  안영미는 또 “(팬들) 댓글 때문에 제가 ‘라디오스타’ MC가 됐다.\n  제2, 제3의 안영미가 나오게 댓글의 선한 영향력을 계속 행사해달라”고 부탁했다.\n  송은이와 김숙도 각각 ‘버라이어티 부문’과 ‘뮤직&토크’ 부문에서 최우수상을 받았다.\n  김숙은 “25년 만에 처음 시상식에 왔다”고 말했다.\n  남성 연예인들처럼 공공연하게 ‘유(재석)라인’ ‘강(호동)라인’ ‘(이경)규라인’을 내세우진 않지만, 자매애를 강조한 수상 소감에서 보듯 여성 예능인들끼리의 연대, 여성 예능을 지지하는 관객·팬덤의 변화가 느껴지는 자리였다.\n  이들은, 과거 개그우먼들이 주로 ‘안 예쁜’ 외모를 셀프디스하며 ‘불편한’ 웃음을 자아냈던 것과 달리 당당하고 주변을 포용하는 방식으로 웃음을 끌어낸다.\n  예전에는 ‘가학적인 뚱녀’ 이미지가 강했던 이영자는 먹성만큼 인심도 좋은 대식가 언니 이미지로 재전성기를 맞는 데 성공했다.\n  박나래도 연예계 대표 단신이지만 그를 비하 코드로 쓴 적 없고, 오히려 과감한 패션을 시도해 ‘패피(패션 피플)’라 불린다.\n  ‘바디 포지티비티(body positivity·어떤 몸이든 아름답다)’라는 문화 트렌드와 맞물려 나이키 광고모델로 발탁되기도 했다.\n ",
		"passage_Cnt": 1208
	},
	"Annotation": {
		"summary1": "2018년 여성 예능인으로서 처음으로 연예대상을 받은 이 씨에 이어 2019 MBC 방송연예대상에서 박 씨가 대상을 차지했다.",
		"summary2": "MBC ‘나 혼자 산다’의 박나래가 2019 MBC 방송연예대상에서 대상을 차지했다. 이영자는 2018년 여성 예능인으로서는 처음으로 KBS·MBC 연예대상을 받았다.",
		"summary3": null,
		"summary_3_cnt": null
	}
}