{
	"Meta(Acqusition)": {
		"doc_id": "REPORT-news_r-00024",
		"doc_category": "REPORT",
		"doc_type": "news_r",
		"doc_name": "자율포장 테이프 없애놓고 1+1 상품엔 둘둘···대형마트의 모순",
		"author": "천권필",
		"publisher": "중앙일보",
		"publisher_year": "2020",
		"doc_origin": "중앙일보"
	},
	"Meta(Refine)": {
		"passage_id": "REPORT-news_r-00024-00001",
		"passage": "“박스 테이프는 어디 갔죠?” 1일 오전 서울 중구의 한 대형마트.\n  장을 본 사람들이 자율포장대 위에서 종이박스를 든 채로 주위를 두리번거리고 있다.\n  박스에 붙이는 포장용 테이프나 끈이 보이지 않았기 때문이다.\n  당황한 손님들은 마트 직원을 붙잡고 테이프를 달라고 했지만, 직원은 난처한 표정을 지으면서 “이제는 테이프나 끈을 제공하지 않는다”고 말했다.\n  자율포장대 위에는 ‘1월 1일부터 포장용 테이프·끈 제공이 중단된다’는 현수막이 걸려 있었다.\n 서울 역촌동에서 장을 보러 온 이서일 씨는 “테이프를 오늘부터 주지 않는다는 걸 모르고 왔는데 어찌해야할 지 모르겠다.\n  테이프가 없으면 무거운 물건을 박스에 어떻게 담느냐”며 “다음부터는 장바구니를 챙겨와야겠다”고 말했다.\n  직접 테이프 사서 붙이기도 안내문을 본 손님 중엔 매장에서 대형 장바구니를 구매해 물건을 담아가는 이도 있었다.\n  하지만 여전히 종이박스를 쓰는 이들이 적지 않았다.\n   박스 날개를 딱지처럼 접어서 물건을 담은 뒤에 조심조심 들고 가는 소비자들도 보였다.\n  자칫 박스가 터질까 봐 물건과 박스를 카트에 따로 담아가는 이들도 있었다.\n   자유포장대에는 ‘종이박스 포장시 상품이 떨어지지 않도록 유의해주세요’라는 경고문이 붙어 있었다.\n  일부 소비자들은 마트에서 테이프를 직접 사서 박스에 붙이기도 했다.\n  이름을 밝히기 꺼린 소비자는 “박스는 그대로 쓰게 하면서 갑자기 테이프만 없애면 불편해서 박스를 어떻게 쓰겠냐.\n  장을 본 적도 없는 사람들이 만든 정책인 것 같다”며 불만을 드러냈다.\n  새해부터 대형마트 테이프·끈 제공 금지새해 첫날부터 대형마트에서 혼란이 벌어진 건 롯데마트·이마트·홈플러스 등 대형마트 3사가 이날부터 모든 매장에서 포장용 테이프와 플라스틱 끈을 없애기로 했기 때문이다.\n   테이프와 끈 등 플라스틱 폐기물을 줄이고 장바구니 사용을 독려한다는 취지다.\n  환경부에 따르면 대형마트 3사에서 연간 사용되는 포장용 테이프와 끈 등은 658t에 이른다.\n  상암구장(9126㎡) 857개를 채울 수 있는 양이다.\n   환경부 관계자는 “종이박스도 제대로 분리 배출되는 경우에는 재활용이 잘 되나, 과도한 포장용 테이프 사용 등은 종이박스 재활용을 어렵게 한다”고 설명했다.\n    당초 대형마트 3사는 지난해 8월 환경부와 자율협약을 맺고 매장 안에서 자율포장대와 종이박스를 모두 없애기로 했다.\n   하지만 발표 이후 소비자들 사이에서 \"폐지로 버릴 박스를 다시 쓰는 게 뭐가 문제냐\"는 불만이 나오자, 종이박스는 남기고 테이프와 끈만 없애기로 방침을 바꿨다.\n ",
		"passage_Cnt": 1285
	},
	"Annotation": {
		"summary1": "대형마트 3사가 장바구니 사용을 독려하고 플라스틱 폐기물을 줄이기 위해 포장용 테이프와 플라스틱 끈을 없앴는데 소비자는 불만을 드러냈다.",
		"summary2": "이름을 밝히기 꺼린 소비자는 “박스는 그대로 쓰게 하면서 갑자기 테이프만 없애면 불편해서 박스를 어떻게 쓰겠냐. 장을 본 적도 없는 사람들이 만든 정책인 것 같다”며 불만을 드러냈다. 새해부터 대형마트 테이프·끈 제공 금지새해 첫날부터 대형마트에서 혼란이 벌어진 건 롯데마트·이마트·홈플러스 등 대형마트 3사가 이날부터 모든 매장에서 포장용 테이프와 플라스틱 끈을 없애기로 했기 때문이다. 테이프와 끈 등 플라스틱 폐기물을 줄이고 장바구니 사용을 독려한다는 취지다.",
		"summary3": null,
		"summary_3_cnt": null
	}
}