{
	"Meta(Acqusition)": {
		"doc_id": "REPORT-news_r-00261",
		"doc_category": "REPORT",
		"doc_type": "news_r",
		"doc_name": "[김종덕의 북극비사] 북극곰과 고래의 영혼이 오로라로 변한 알래스카 최북단 마을 ",
		"author": "최준호",
		"publisher": "중앙일보",
		"publisher_year": "2020",
		"doc_origin": "중앙일보"
	},
	"Meta(Refine)": {
		"passage_id": "REPORT-news_r-00261-00003",
		"passage": " 이곳의 자연과 환경이 세월에 따라 변했지만, 그들의 삶과 꿈도 일편적 시각으로만 볼 수 없을 정도로 다양해지고 있었다.\n   기억하기 쉬운 탑오브더월드 호텔.\n   필지가 참석했던 북극이사회 회의가 개최된 장소는 이 도시의 유일한 3성급 호텔인 탑오브더월드(Top of the World) 호텔이었다.\n  앞서 이야기한 고래 구출 활동 때 총괄지원센터로 활용되었다고 했다.\n  표현은 조금 과장되었지만 잊을 수 없는 호텔 이름이었다.\n  회의를 마치고 호텔 뒤 해안가에 밀려와 있는 북극해의 얼음 위에 섰다.\n  얼굴을 찢어낼 듯 부는 체감온도 영하 30도의 칼바람과 눈을 제대로 뜨기도 힘든 눈부신 햇살, 표면이 울퉁불퉁해서 걷기조차 힘든 바다얼음을 느껴보면서 이곳이 북극해 첫 마을임을 실감한다.\n  밖에서 찍은 사진을 회의에 참석한 동료에게 보여주었더니, 다시는 그런 행동을 하지 말라며 경고한다.\n  며칠 전 그 근처에 북극곰 세마리가 나타났고, 강한 태양빛으로 시야가 제한되고 얼음과 비슷한 색깔을 가진 북극곰이 다가와도 나같은 이방인들은 전혀 인지할 수 없기 때문에 매우 위험하다는 것이었다.\n  갑자기 호텔앞 공동묘지가 떠올라 등골이 서늘한 느낌이 들었다.\n   우트키아비크에는 150년 전부터 이미 과학조사가 시작되었다.\n  배로우 북극연구센터(BARC)에서는 코노코필립스ㆍ쉘ㆍ스타토일 등 대기업의 연구지원이 눈에 띄었고, 심지어는 중국해양대와도 협력이 확대되고 있다고 한다.\n  최근에 들어 미국은 알래스카를 포함하여 15개 주로 구성된 주방위군 북극위원회를 설치하고 수색구조, 비상사태 대응, 공공안전 확보, 합동작전 계획, 그리고 북극환경에서 훈련 경험이 있는 인력을 공동 활용하는 방안을 마련하고 있다.\n  북극의 얼음이 녹으면서 활동이 늘어남에 따라 인재가 일어날 가능성이 높아지고 있으며, 주방위군이 이에 대응한다는 것이다.\n    한국 쇄빙선 아라온호가 기항하는 곳 알래스카주는 북극의 개발을 위한 대형인프라사업도 준비하고 있다.\n  석유가스가 풍부한 우트키아비크 인근의 푸르도베이를 중심으로 알래스카 LNG 프로젝트(AKLNG)와 노스슬로프지역간의 교통망 구축을 위한 전략적 북극 교통 및 자원(ASTAR) 프로젝트가 그것이다.\n  또한 미국 본토로의 원유송출이 줄어들면서 새로운 시장을 찾는 노력도 시작했다.\n  심수항을 개발하고 석유와 더불어 막대한 매장량이 확인되고 있는 천연가스를 액화하여 세계에서 가장 큰 LNG 시장인 동아시아를 겨냥하려는 계획도 추진하고 있다.\n ",
		"passage_Cnt": 1235
	},
	"Annotation": {
		"summary1": "BARC에서는 연구지원과 중국해양대와의 협력이 있어지고 주방위군이 인력을 공동 활용하는 방안을 마련해 인재가 일어날 가능성에 대응하고 있다.",
		"summary2": "최근에 들어 미국은 알래스카를 포함하여 15개 주로 구성된 주방위군 북극위원회를 설치하고 수색구조, 비상사태 대응, 공공안전 확보, 합동작전 계획, 그리고 북극환경에서 훈련 경험이 있는 인력을 공동 활용하는 방안을 마련하고 있다. 북극의 얼음이 녹으면서 활동이 늘어남에 따라 인재가 일어날 가능성이 높아지고 있으며, 주방위군이 이에 대응한다는 것이다. 배로우 북극연구센터(BARC)에서는 코노코필립스ㆍ쉘ㆍ스타토일 등 대기업의 연구지원이 눈에 띄었고, 심지어는 중국해양대와도 협력이 확대되고 있다고 한다.",
		"summary3": null,
		"summary_3_cnt": null
	}
}