{
	"Meta(Acqusition)": {
		"doc_id": "REPORT-news_r-00223",
		"doc_category": "REPORT",
		"doc_type": "news_r",
		"doc_name": "교체해도 또 '금융 낙하산'···文정부 들어 더 강해진 관피아",
		"author": "한애란",
		"publisher": "중앙일보",
		"publisher_year": "2020",
		"doc_origin": "중앙일보"
	},
	"Meta(Refine)": {
		"passage_id": "REPORT-news_r-00223-00001",
		"passage": " 주춤하긴 했어도 멈추진 않았다.\n  기업은행장 임명과 관련해 노조의 ‘낙하산 반대’에 부닥쳤던 청와대 이야기다.\n  인물을 교체하긴 했지만 결국 관료 출신인 윤종원 전 청와대 경제수석을 새 기업은행장으로 임명했다.\n    금융권 ‘관피아(관료+마피아의 합성어)’의 기세가 문재인 정부 들어 한층 강해졌다.\n  과거 박근혜 정부에서 민간 출신이 차지했던 자리 중 상당수가 다시 관료 출신의 몫으로 돌아갔다.\n  3대 국책은행장(산업은행장, 수출입은행장, 기업은행장)과 주요 금융 협회장(손해보험협회장, 여신금융협회장) 그리고 신용보증기금 이사장이 대표적인 사례다(박 전 대통령 탄핵 이후인 2017년 3월 임명된 최종구 전 수출입은행장을 제외하고 따졌을 경우).\n  세월호 사건을 계기로 관피아에 대한 부정적 여론이 거세지자 민간 출신이 한동안 부상했지만, 정권이 바뀌자 관료 출신들이 과거에 누리던 몫을 되찾아가는 추세다.\n    꾸준히 경제관료 출신이 차지해왔던 금융기관장 자리에도 변화의 조짐이 보인다.\n  구 경제기획원 출신 관료들이 최근 급부상 중이다.\n  구 재무부(영문 약자 MOF) 출신의 ‘모피아’가 차지했던 자리 중 일부를 구 경제기획원(영문 약자 EPB) 출신이 차지하는 양상이다.\n    이 정부 ‘금융권 낙하산’의 특징을 뽑아봤다.\n    ①올드보이(OB)의 귀환 2000년대 중반 참여정부 시절 금융 관련 고위직을 거친 올드보이(OB)들이 문재인 정부 출범과 동시에 금융권으로 돌아왔다.\n  김용덕 손해보험협회장과 윤대희 신용보증기금 이사장은 노무현 정부에서 각각 금감위원장과 국무조정실장이란 중책을 맡았던 인물이다.\n  현 정부의 웬만한 장관·부총리보다 10년 가까이 행정고시 선배인 이들이 화려하게 복귀했다.\n  이정환 주택금융공사 사장은 노무현 정부 시절 국무조정실에서 근무했다.\n  이후 거래소 이사장에 올랐으나 MB정부와 갈등을 빚어 중도 퇴진한 경력이 있다.\n    이동걸 산업은행장은 고시 출신이 아니기 때문에 ‘관피아’라 칭하면 억울할 수 있다.\n  다만 참여정부 시절 금감위 부위원장을 지냈기 때문에 관료 OB로 분류했다.\n  ②경제기획원(EPB) 출신의 약진“요즘 모피아가 뭘 하나.\n  EPB 출신이 다 하지.\n ”이른바 모피아라 칭하는 구 재무부(영문 약자 MOF) 출신들은 이렇게 한탄한다.\n  이 정부의 1대, 2대 경제부총리 겸 기획재정부 장관이 모두 EPB 출신 ‘예산통’이어서만은 아니다.\n ",
		"passage_Cnt": 1202
	},
	"Annotation": {
		"summary1": "세월호 사건을 계기로 한동안 박 정부의 민간 출신이 부상했지만 관피아의 기세가 문 정부로 들어서면서 관료 출신들은 몫을 되찾아가고 있다.",
		"summary2": "세월호 사건을 계기로 관피아에 대한 부정적 여론이 거세지자 민간 출신이 한동안 부상했지만, 정권이 바뀌자 관료 출신들이 과거에 누리던 몫을 되찾아가는 추세다. 과거 박근혜 정부에서 민간 출신이 차지했던 자리 중 상당수가 다시 관료 출신의 몫으로 돌아갔다. 금융권 ‘관피아(관료+마피아의 합성어)’의 기세가 문재인 정부 들어 한층 강해졌다.",
		"summary3": null,
		"summary_3_cnt": null
	}
}