{
	"Meta(Acqusition)": {
		"doc_id": "REPORT-news_r-00143",
		"doc_category": "REPORT",
		"doc_type": "news_r",
		"doc_name": "검찰 ‘패스트트랙 충돌’ 기소에 민주당·한국당 모두 “편파적”",
		"author": "하준호",
		"publisher": "중앙일보",
		"publisher_year": "2020",
		"doc_origin": "중앙일보"
	},
	"Meta(Refine)": {
		"passage_id": "REPORT-news_r-00143-00001",
		"passage": "검찰이 2일 발표한 ‘패스트트랙 충돌 사건’ 수사 결과에 대해 여야는 공히 “편파적”이라는 반응과 함께 불만을 드러냈다.\n  더불어민주당은 “여야 균형을 위한 기계적 기소”라며 유감을 표했고, 자유한국당은 “여당무죄 야당유죄”라고 반발했다.\n 패스트트랙 충돌 사건이란 지난해 4월 국회 신속처리(패스트트랙) 법안 지정 당시 여야 사이에 발생한 물리적 충돌과 회의방해 사건을 말한다.\n  서울남부지검은 이날 오후 민주당 이종걸·박범계·김병욱·표창원 의원 등 4명을 재판에 넘기고, 박주민 의원 등 1명에 대해선 약식기소했다.\n 또 한국당 황교안 대표와 나경원 전 원내대표, 정갑윤·김명연·이은재·정양석·정용기·강효상·김정재·민경욱·송언석·윤한홍·이만희·정태옥 의원 등 14명을 재판에 넘기고, 김선동·김태흠·이장우·장제원·홍철호·곽상도·김성태(비례대표)·박성중·윤상직·이철규 의원 등 10명을 약식기소했다.\n 민주당의 경우 5명 모두 한국당 의원·당직자를 폭행한 혐의(폭력행위처벌법 위반)가, 한국당은 모두 특수공무집행방해와 국회 회의장 소동, 국회법 위반 등 혐의가 적용됐다.\n 이에 대해 이해식 민주당 대변인은 이날 오후 현안 브리핑에서 “정치적으로 매우 편파적 판단을 한 검찰에 깊은 유감을 표한다”고 말했다.\n  이 대변인은 한국당 의원 처분에 대해선 “매우 가벼운 처분”이라고 비판하고, 민주당 의원을 기소한 데 대해서는 “극히 일부분에 불과한 폭력 고발 건을 의도적으로 키워 기계적으로 균형을 맞추려는 검찰의 작위적 판단”이라고 주장했다.\n 법정에 서게 된 민주당 의원들은 페이스북을 통해 각자 입장을 밝혔다.\n  박범계 의원은 “추미애 신임 법무부 장관이 임명되는 날 본 의원에 대한 검찰 조사 없이 경찰 조사만으로 기소한 점에 대하여, 그 시점과 수사방법의 오묘함에 대해 혀를 찰 경지임을 지적하지 않을 수 없다”며 검찰의 정치적 의도를 의심했다.\n  표창원 의원은 “경찰의 수사, 검찰의 기소 내용과 결과를 존중한다”며 “성실히 재판에 임하겠다”고만 했다.\n 민주당 검찰공정수사촉구특위(위원장 설훈 최고위원)는 3일 국회에서 검찰의 패스트트랙 충돌 사건 기소와 관련한 대응 방안을 논의한다.\n 황교안 한국당 대표는 이날 오후 경북 포항의 지진피해 이주민 이주단지와 이재민 대피소를 방문한 자리에서 기자들과 만나 “저희가 투쟁을 시작한 패스트트랙 추진은 그 자체가 불법이었다”며 “불법에 대한 저항은 무죄”라고 주장했다.\n  황 대표는 “기소된 정보에 대해 무죄를 주장할 것이고 정의는 밝혀질 것”이라며 “대개의 사안에 정말 합당한 처리가 됐는가 하는 생각이 든다”고 말했다.\n ",
		"passage_Cnt": 1283
	},
	"Annotation": {
		"summary1": "여야 사이에 발생한 물리적 충돌 및 회의방해 사건인 패스트트랙 충돌 사건의 검찰 수사 결과에 대해 여야가 편파적이라며 불만을 나타냈다.",
		"summary2": "검찰이 2일 발표한 ‘패스트트랙 충돌 사건’ 수사 결과에 대해 여야는 공히 “편파적”이라는 반응과 함께 불만을 드러냈다. 패스트트랙 충돌 사건이란 지난해 4월 국회 신속처리(패스트트랙) 법안 지정 당시 여야 사이에 발생한 물리적 충돌과 회의방해 사건을 말한다.",
		"summary3": null,
		"summary_3_cnt": null
	}
}