{
	"Meta(Acqusition)": {
		"doc_id": "REPORT-news_r-00179",
		"doc_category": "REPORT",
		"doc_type": "news_r",
		"doc_name": "태영호 \"김정은, 4·15 한국 총선일 직후 도발 강행 가능성\"",
		"author": "김선영",
		"publisher": "중앙일보",
		"publisher_year": "2020",
		"doc_origin": "중앙일보"
	},
	"Meta(Refine)": {
		"passage_id": "REPORT-news_r-00179-00002",
		"passage": " 이에 따라 트럼프의 관심도 북한을 떠났다.\n  김정은이 잠수함을 공개하거나 심지어 ICBM을 쏘며 ‘딜’을 요구해도 트럼프는 ‘그래서 어쩔건데’라며 의미를 축소할 것이다.\n  북한이 오판하면 안 되는 이유다.\n ” 그러면 북·미 관계는 올 한 해 어떻게 전개될까.\n “결국 김정은은 말로는 ‘정면돌파’를 내세우면서도 중국의 지원을 바탕으로 11월 미 대선까지 적당히 버티기 전략으로 나갈 것 같다.\n  중국은 올 한 해 북한의 근로자 수출을 받아주고, 북한에 관광객을 보내줘 김정은의 숨통을 터줄 것이다.\n  결국 갑갑한 한 해가 될 것 같다.\n ” 북한이 잠수함 공개나 ICBM 발사 같은 도발을 한다면 언제쯤일까?“2월 16일 김정일 생일과 4월 15일 사이가 분수령이다.\n  이 기간에 통상 한·미가 ‘키리졸브’ 연합 훈련을 해왔다.\n  따라서 북한은 키리졸브 시점까지는 도발을 자제해 한·미의 훈련 자진 취소를 유도한 뒤 4·15 전후 도발을 강행할 공산이 있다.\n  그런데 4·15는 한국의 총선일이니 북한은 자신들에 우호적인 더불어민주당에 유리하도록 총선까지는 자제하고 그 직후 도발할 가능성도 있다.\n ” 다른 위험 신호는 없나.\n “지난해 12월 21일 열린 당 중앙군사위 확대 회의에서 대남 군사 전략을 기존의 ‘점령통치’에서 ‘초토화’로 바꾼 것이다.\n  즉 남한을 점령 통치하는 대신 불바다로 만들어 없애버리기로 한 거다.\n ” 왜 그런 전략을 택했을까?“한국의 국력이 워낙 강하니, 점령통치는 불가능하다고 판단하고 초토화하기로 한 거다.\n  재래식 훈련 대신 미사일과 방사포 훈련만 집중하는 이유다.\n  방사포는 정밀 타격이 아니라 일정 지역을 통째 없애버리는 무기다.\n  대단히 위험한 방향으로 가고 있다.\n  우리 군도 대응 전략을 수립해야 한다.\n ” 그 밖에 눈에 띄는 대목은.\n “북한은 서열이 중요한데 군사위 확대 회의 사진을 보면 군 서열 톱인 김수길 총정치국장 바로 옆에 전략군사령관 김락겸이 앉았다.\n  핵 무력을 지휘하는 인물이다.\n  과거엔 서열 10번째 자리에 앉았는데 두 번째로 격상된 거다.\n  북한군 내에서 핵 무력 비중이 엄청나게 커진 걸 알 수 있다.\n ” 우리는 어떻게 해야 하나.\n “대한민국도 얻은 게 많다.\n  국민의 대북 인식이 현실화됐다.\n  지난해 강연 나가 보면 참석자의 70~80%가 ‘김정은이 핵을 포기할 것’이라고 얘기했다.\n  그러나 지금은 그럴 거라 믿고 얘기하는 이가 없다.\n ",
		"passage_Cnt": 1207
	},
	"Annotation": {
		"summary1": "북한이 잠수함 공개나 ICBM 발사 같은 도발을 하려고 하고 남한을 초토화 하려는 군사 전략을 갖고 있으므로 우리 군도 대응 전략을 수립해야 한다.",
		"summary2": "“결국 김정은은 말로는 ‘정면돌파’를 내세우면서도 중국의 지원을 바탕으로 11월 미 대선까지 적당히 버티기 전략으로 나갈 것 같다. 중국은 올 한 해 북한의 근로자 수출을 받아주고, 북한에 관광객을 보내줘 김정은의 숨통을 터줄 것이다. 결국 갑갑한 한 해가 될 것 같다. ” 북한이 잠수함 공개나 ICBM 발사 같은 도발을 한다면 언제쯤일까? “지난해 12월 21일 열린 당 중앙군사위 확대 회의에서 대남 군사 전략을 기존의 ‘점령통치’에서 ‘초토화’로 바꾼 것이다. 즉 남한을 점령 통치하는 대신 불바다로 만들어 없애버리기로 한 거다. ” 왜 그런 전략을 택했을까? “한국의 국력이 워낙 강하니, 점령통치는 불가능하다고 판단하고 초토화하기로 한 거다. 재래식 훈련 대신 미사일과 방사포 훈련만 집중하는 이유다. 방사포는 정밀 타격이 아니라 일정 지역을 통째 없애버리는 무기다. 대단히 위험한 방향으로 가고 있다. 우리 군도 대응 전략을 수립해야 한다. ” 그 밖에 눈에 띄는 대목은.",
		"summary3": null,
		"summary_3_cnt": null
	}
}