{
	"Meta(Acqusition)": {
		"doc_id": "REPORT-news_r-00175",
		"doc_category": "REPORT",
		"doc_type": "news_r",
		"doc_name": "싱싱 탱탱 겨울 굴, 안주 30개 다찌 술상…침이 고인다",
		"author": "김선영",
		"publisher": "중앙일보",
		"publisher_year": "2020",
		"doc_origin": "중앙일보"
	},
	"Meta(Refine)": {
		"passage_id": "REPORT-news_r-00175-00003",
		"passage": " 우동과 짜장을 한 데 섞어 우짜다.\n  1980년대 항남동 골목길 포장마차에서 우연히 개발한 메뉴가 해장 음식으로 입소문을 타면서 통영 명물로 자리 잡았단다.\n  처음엔 ‘이게 무슨 조화인가’ 싶지만, 입맛 당기는 마력이 있다.\n  35년 내력의 ‘항남우짜’에서는 한 그릇에 4500원을 받는다.\n  해장하려는 손님을 위해 요즘도 새벽 4시까지 문을 연다.\n 　 충무김밥의 추억 팔도 어디에나 널린 게 김밥집이지만, 김밥거리는 통영에만 있다.\n  강구안과 중앙시장 사이 통영해안로가 충무김밥거리인데, ‘원조’ ‘할매’ ‘3대’ 등의 문구를 내건 김밥집 17개가 줄줄이 늘어서 있다.\n  김밥과 반찬을 따로 내는 충무김밥은 81년 5월 서울 여의도광장에서 열린 ‘국풍81’ 행사 때 널리 알려졌다.\n  강구안에서 밥장사를 하던 어두리 할머니가 행사에서 통영식 김밥을 선보인 뒤 인기가 급부상했다.\n  당시 통영의 지명이 충무였기에 자연히 ‘충무김밥’으로 세상에 각인됐다.\n  충무김밥의 역사는 사실 더 뿌리 깊다.\n  40년대부터 부산~여수를 오가는 승객을 상대로 통영 할매들이 뱃머리에서 팔던 음식이다.\n  처음엔 김밥 안에 속을 넣어 말았는데 밥이 빨리 상해 버려 김밥 따로 반찬 따로 팔기 시작했단다.\n  여러 시행착오 끝에 매콤한 양념의 주꾸미(또는 오징어) 무침과, 무섞박지가 김밥의 짝으로 자리 잡았다.\n  삶은 계란과 사이다가 기차 여행의 필수였듯, 바다로 나설 땐 충무김밥이 먼저였다.\n  충무김밥은 김밥 8개와 오징어무침·무섞박지·시락국(또는 배춧국)이 기본 구성이다.\n  충무김밥거리에선 1인분에 죄 5500원을 받는다.\n  가격도, 구성도 비슷하지만 유독 ‘뚱보할매김밥집’에 사람이 많이 몰린다.\n  충무김밥을 세상에 알린 어두리 할머니가 이 집 창업주다.\n  꿀빵에는 꿀이 없다 통영을 대표하는 간식은 누가 뭐래도 꿀빵이다.\n  팥소가 가득 찬 밀가루 빵을 기름에 튀긴 뒤에, 물엿을 입힌 간식 거리다.\n  꿀빵이지만 ‘꿀’이 들어가지는 않는다.\n  강구안 앞은 한 집 걸러 김밥집 아니면 꿀빵집이다.\n  경쟁이 치열하다 보니 요즘은 맛 연구도 활발하다.\n  팥앙금만 넣는 것이 전통 방식이지만, 요즘은 고구마·치즈·딸기·호박 등 첨가물이 점점 다양해지고 있다.\n  항남동의 ‘오미사꿀빵’이 통영식 꿀빵의 원조로 통한다.\n  63년 길가에 탁자 두 개를 놓고 빵을 팔았던 게 시작이다.\n  당연히 간판도 없었다.\n  한참 뒤 단골이 부르던 대로 ‘오미사꿀빵’이 정식 이름이 됐단다.\n ",
		"passage_Cnt": 1235
	},
	"Annotation": {
		"summary1": "통영에는 항남도 골목길 포장마차에서 개발된 우짜와 충무김밥, 간식으로 꿀빵이 있다. ",
		"summary2": "1980년대 항남동 골목길 포장마차에서 우연히 개발한 메뉴가 해장 음식으로 입소문을 타면서 통영 명물로 자리 잡았단다. 당시 통영의 지명이 충무였기에 자연히 ‘충무김밥’으로 세상에 각인됐다. 꿀빵에는 꿀이 없다 통영을 대표하는 간식은 누가 뭐래도 꿀빵이다.",
		"summary3": null,
		"summary_3_cnt": null
	}
}