{
	"Meta(Acqusition)": {
		"doc_id": "REPORT-news_r-00102",
		"doc_category": "REPORT",
		"doc_type": "news_r",
		"doc_name": "홍남기·박영선·최태원… 경제계 ‘쥐띠’ 앞에 산적한 혁신 과제",
		"author": "김기환",
		"publisher": "중앙일보",
		"publisher_year": "2020",
		"doc_origin": "중앙일보"
	},
	"Meta(Refine)": {
		"passage_id": "REPORT-news_r-00102-00001",
		"passage": "경자년(庚子年)인 2020년 쥐띠해를 맞아 암울한 경제를 선봉에서 헤쳐나갈 ‘쥐띠’ 리더가 주목받는다.\n  새해 환갑을 맞은 1960년생 홍남기 경제부총리 겸 기획재정부 장관, 박영선 중소벤처기업부 장관을 주축으로 재계에선 48년생 허창수 전국경제인연합회 회장과 60년생 최태원 SK 회장, 이재현 CJ 회장, 정태영 현대카드 부회장 등이 꼽힌다.\n  이들의 신년사엔 새해를 맞는 희망과 함께 만만치 않은 과제도 드러났다.\n   ‘성과’ 내야 할 경제 컨트롤타워 쥐띠 장관 대표 주자는 정부 거시 경제 정책을 총괄하는 홍남기(60) 부총리다.\n  그는 취임 3년 차를 맞아 최근 다시 한번 구체적인 ‘미션’을 받았다.\n  지난달 31일 “새해에는 확실한 성과로 꽃을 피우고 열매를 맺도록 하겠다”고 한 문재인 대통령이 구체적으로 홍 부총리에게 “경제 성과로서 모범을 보여달라”고 주문했다.\n   때마침 국내외 경제기관도 지난해보다 나은 경기 환경을 전망하고 있다.\n  그는 신년사에서 “일자리를 확충하고, 저소득층 소득 기반을 강화하며, 사회안전망을 보강하는 등 우리 사회의 포용기반을 촘촘히 하는 노력에 속도를 내겠다”며 “공유경제ㆍ상생협력ㆍ규제혁파 등 제 영역서 각별한 성과를 창출하도록 노력할 것”이라고 말했다.\n   우려하는 건 경기 둔화 추세에도 불구하고 ‘소득주도 성장’에 대한 재고 없이 기존 대책을 반복하고 있다는 점이다.\n  윤창현 서울시립대 경영학부 교수는 “ 기재부가 최근 발표한  ‘2020년 경제정책방향’을 보면 재탕 삼탕에 ‘어정쩡한’ 우클릭 대책이라 어려운 경기를 극복할 수 있을지 우려된다”며 “정부가 소주성 경제정책 기조를 선회해 얼마나 민간 활력을 북돋는지에 경제 성장의 성패가 달렸다”고 말했다.\n   동갑내기 박영선(60) 중기부 장관도 쥐띠다.\n  그는 신년사에서 “새해 중기부 목표는 디지털 경제로 대전환이다.\n  스마트 대한민국을 만들겠다”고 강조했다.\n  신년사 곳곳에 ‘디지털’ ‘스마트’ ‘벤처’가 수십차례 등장했다.\n  하지만 그가 언급한 스마트ㆍ디지털ㆍ벤처는 지난해 ‘타다 기소’가 상징하듯 정부 규제에 발 묶여 악전고투하고 있다.\n  특히 대기업보다 중기가 더 취약한 분야로 꼽힌다.\n  지난해부터 이어진 일본과 수출규제 갈등에서 ‘민낯’이 드러났듯 중기의 원천기술 경쟁력을 끌어올리는 것도 과제다.\n   재계도 과제 첩첩산중 경제단체 전경련 회장을 4연임 하며 이끄는 ‘재계 수장’ 허창수(72) 회장은 지난 연말 발표한 신년사에서 두 개 화제를 꺼내 들었다.\n ",
		"passage_Cnt": 1241
	},
	"Annotation": {
		"summary1": "문 대통령은 경제 성과로 모범을 보여달라 흥 부총리에 주문했고 국내외 경제기관이 더 나은 경기환경을 전망하는 가운데 그는 각별한 성과를 위해 노력하겠다고 말했다.",
		"summary2": "그는 신년사에서 “일자리를 확충하고, 저소득층 소득 기반을 강화하며, 사회안전망을 보강하는 등 우리 사회의 포용기반을 촘촘히 하는 노력에 속도를 내겠다”며 “공유경제ㆍ상생협력ㆍ규제혁파 등 제 영역서 각별한 성과를 창출하도록 노력할 것”이라고 말했다. 지난달 31일 “새해에는 확실한 성과로 꽃을 피우고 열매를 맺도록 하겠다”고 한 문재인 대통령이 구체적으로 홍 부총리에게 “경제 성과로서 모범을 보여달라”고 주문했다. 때마침 국내외 경제기관도 지난해보다 나은 경기 환경을 전망하고 있다.",
		"summary3": null,
		"summary_3_cnt": null
	}
}