{
	"Meta(Acqusition)": {
		"doc_id": "REPORT-news_r-00229",
		"doc_category": "REPORT",
		"doc_type": "news_r",
		"doc_name": "늘어난 니트엔 스팀이 위력···그럼 줄어든 니트 특효약은?",
		"author": "유지연",
		"publisher": "중앙일보",
		"publisher_year": "2020",
		"doc_origin": "중앙일보"
	},
	"Meta(Refine)": {
		"passage_id": "REPORT-news_r-00229-00001",
		"passage": " 보온성이 좋고 멋스러운 니트는 겨울철 가장 많이 입는 옷이다.\n  부드럽고 포근하지만, 니트의 최대 약점은 오래 입기 어렵다는 것이다.\n  눈 깜짝할 새 보푸라기가 일고, 자칫 잘못 세탁하면 늘어지기 일쑤다.\n  게다가 고가의 캐시미어 니트는 관리가 더 어렵다.\n  소재가 워낙 부드러워 조금만 자주 입어도 금세 후줄근해진다.\n  매번 드라이를 맡기기도 어려운 니트, 어떻게 관리하는 것이 좋을지 세탁법과 보관법을 알아봤다.\n     보푸라기는 일회용 면도기로 제거한다니트류의 보푸라기는 흔히 기모라고 말하는 섬유의 잔털들이 일상적인 마찰 때문에 가닥들이 서로 동그할게 뭉치면서 만들어진다.\n  자연적으로 떨어지기도 하지만 보푸라기가 많이 발생한 경우는 인위적으로 제거해 주어야 깨끗하게 착용할 수 있다.\n  손으로 일일이 떼어내기 어렵다면 일회용 면도기로 살살 밀어 제거하는 방법도 있다.\n    혼용률을 살핀다니트는 울·캐시미어·앙고라 등 천연 소재와 아크릴·폴리에스터 등 합성 소재로 나뉜다.\n  물론 이 둘이 섞인 니트가 대부분이다.\n  캐시미어 100% 등 천연 소재로 이루어진 니트일수록 관리가 까다롭다.\n  보통 합성 소재를 많이 사용할수록 감촉은 뻣뻣하고 거칠지만 내구성이 좋다.\n  세탁도 혼용률에 따라 달라진다.\n  울이나 캐시미어 등 천연 소재 비율이 높은 니트는 되도록 전문 업체에 드라이 클리닝을 맡기는 게 좋다.\n  집에서 세탁할 경우엔 차가운 온도의 물을 사용한다.\n  물의 온도가 높아지면 늘어질 위험이 있기 때문이다.\n    전용 세제로 빠르게 세탁니트는 전용 세제를 사용해 단독 손빨래하는 것이 좋다.\n  절대로 비벼서 빨지 않고 손으로 조물조물 부드럽게 세탁한다.\n  너무 오래 물에 담가 놓는 것도 금물.\n  세탁은 5~10분 내외로 빠르게 끝낸다.\n  합성 소재의 비율이 높은 니트라면 미지근한 물에 니트 전용 중성 세제를 사용한다.\n  라벨의 세탁 표시법을 확인해 보면 세탁기의 울 세탁 코스가 가능한 경우도 있다.\n  이때도 세탁 망에 넣어 짧은 시간 돌리고, 건조기는 사용하지 않는다.\n  니트를 세탁한 후에는 돌려 짜지 않고 가볍게 눌러 물기를 제거한 뒤 수건으로 남은 물기를 제거한다.\n  깨끗한 수건 위에 니트를 올려두고 살살 눌러 물기를 제거한 후 건조대 위에 평평하게 뉘여 말린다.\n    늘어난 니트엔 스팀, 줄어든 니트엔 린스굵은 실을 이용해 짠 니트는 세탁과 보관법에 따라 쉽게 줄어들거나 늘어날 수 있다.\n ",
		"passage_Cnt": 1214
	},
	"Annotation": {
		"summary1": "부드럽고 포근한 니트의 보푸라기는 인위적으로 제거해주어야 깨끗하게 착용할 수 있고 전용 세제를 사용하여 단독 손빨래하는 것이 좋다.",
		"summary2": "부드럽고 포근하지만, 니트의 최대 약점은 오래 입기 어렵다는 것이다. 자연적으로 떨어지기도 하지만 보푸라기가 많이 발생한 경우는 인위적으로 제거해 주어야 깨끗하게 착용할 수 있다. 니트는 전용 세제를 사용해 단독 손빨래하는 것이 좋다.",
		"summary3": null,
		"summary_3_cnt": null
	}
}