{
	"Meta(Acqusition)": {
		"doc_id": "REPORT-news_r-00099",
		"doc_category": "REPORT",
		"doc_type": "news_r",
		"doc_name": "'전 대법관까지 모신' 삼성전자, 준법·이사회중심 경영 탄력",
		"author": "김태윤",
		"publisher": "중앙일보",
		"publisher_year": "2020",
		"doc_origin": "중앙일보"
	},
	"Meta(Refine)": {
		"passage_id": "REPORT-news_r-00099-00001",
		"passage": "삼성전자가 새해 들어 준법감시위원회 설치를 공식화했다.\n  재계에 따르면 삼성전자는 2일 김지형 전 대법관을 새로 구성할 준법감시위 위원장으로 선임한 것으로 알려졌다.\n  이재용 부회장은 국정농단 사건 연루 이후 삼성의 투명경영과 준법경영 확립을 추진해왔다.\n  그 핵심이 이사회 중심 경영과 준법감시위 설치다.\n  삼성이 새로 설립할 준법감시위의 위상과 이사회의 역할에 관심이 모아지는 이유다.\n    준법경영 확립 위한 준법감시위 구성 중  삼성전자의 준법감시위 위원장으로 내정된 김 전 대법관은 2014년부터 2년간 삼성전자 백혈병 조정위원회에서 위원장으로 활동했다.\n  2016년에는 서울 구의역 사고 진상규명위원장, 지난해 10월부터는 현대제철의 안전·환경자문위원장을 맡고 있다.\n  하지만 삼성전자에서 준법감시위의 위상은 아직 정해지지 않은 것으로 전해졌다.\n  특히 삼성전자에는 이미 법무팀과 감사 역할을 하는 경영진단팀이 존재한다.\n  삼성전자 관계자는 \"준법감시위를 이사회 내부 위원회로 할지 혹은 김기남 대표(부회장)의 산하 조직으로 구성할지는 정해진 게 없다\"고 말했다.\n   삼성전자가 일단 준법감시위 구성을 서두르는 건 이 부회장의 파기환송심 때문이다.\n  이 부회장은 지난달 6일 3차 공판에서 재판부로부터 “정치 권력자로부터 뇌물 공여 요구를 받더라고 응하지 않으려면 어떻게 해야 하는지, 답변을 다음 재판 기일 전까지 제시해달라”는 주문을 받았다.\n  이 부회장의 4차 공판은 이달 17일 열리기 때문에 삼성전자는 그때까지는 준법감시위의 구성과 조직 편제를 마무리해 발표할 것으로 보인다.\n   삼성전자는 또 이사회 중심으로 경영 구조 전환을 추진 중이다.\n  삼성그룹의 경영 전반을 총괄하던 미래전략실을 2017년 2월 해체했고, 이에 앞선 2016년 3월 정기 주주총회에서는 대표이사(CEO)와 이사회 의장을 분리했다.\n  삼성전자의 투명경영을 실행하기 위한 방법으로 의사결정 구조를 상법에 명시된 이사회 중심으로 바꾼 것이다.\n     주요 경영 결정은 이사회 아닌 경영위원회서   하지만 삼성전자의 이사회는 지금 말 그대로 최대 위기에 직면해 있다.\n  우선 이상훈 의장이 지난달 17일 노동조합법 위반 혐의로 법정구속 됐다.\n  11명이었던 이사도 현재 실질적으론 9명만 남아 있는 상황이다.\n  이 부회장이 지난해 10월 재선임을 포기했고, 이 의장마저 구속돼 실질적인 활동이 어렵기 때문이다.\n  9명 중 사내 이사는 김기남 반도체부문장(부회장), 김현석 소비자가전부문장(사장), 고동진 무선사업부문장(사장)이, 사외이사는 6명(박재완·김선욱·박병국·김종훈·안규리·김한조)이 각각 맡고 있다.\n ",
		"passage_Cnt": 1308
	},
	"Annotation": {
		"summary1": "삼성전자는 이 부회장의 국정농단 사건 연루 이후 투명경영과 준법경영 확립을 위해 준법감시위원회를 설치하고 이사회 중심 경영을 하기로 했다.",
		"summary2": "삼성전자가 새해 들어 준법감시위원회 설치를 공식화했다. 이재용 부회장은 국정농단 사건 연루 이후 삼성의 투명경영과 준법경영 확립을 추진해왔다. 그 핵심이 이사회 중심 경영과 준법감시위 설치다.",
		"summary3": null,
		"summary_3_cnt": null
	}
}