{
	"Meta(Acqusition)": {
		"doc_id": "REPORT-news_r-00205",
		"doc_category": "REPORT",
		"doc_type": "news_r",
		"doc_name": "[이코노미스트] 성장률 2%대 VS 1%대 기로에 서다",
		"author": "채호연",
		"publisher": "중앙일보",
		"publisher_year": "2020",
		"doc_origin": "중앙일보"
	},
	"Meta(Refine)": {
		"passage_id": "REPORT-news_r-00205-00001",
		"passage": "수출은 전년 대비 3.\n 3% 증가 전망… 미중 무역분쟁, 각국의 보호무역 등 난제 많아 2020년 한국 경제는 저성장 시대 돌입 여부를 가늠하는 중요한 시험대에 오를 전망이다.\n  한국 경제는 2019년 한해 동안 어려움을 겪었다.\n  국가 경제의 상당 부분을 수출에 의존하고 있지만 미국과 중국의 무역분쟁과 글로벌 교역량 감소 속에 타격을 입었다.\n  내부적으로도 핵심 산업의 부진과 성장동력 약화 속에 경제성장률은 하락세가 부각됐다.\n  일각에서는 2019년 연간 경제성장률이 1%대로 추락할 수 있다는 경고음도 나왔다.\n  2019년 11월 말을 기준으로 한국은행과 한국개발연구원(KDI), 국제통화기금(IMF) 등 국내외 기관과 투자은행 11곳의 2019년 한국 경제성장률 전망치는 1.\n 95%다.\n  한국은행과 KDI, IMF 등 6곳은 2.\n 0% 달성이 가능할 것이라 예상한 반면 5곳은 1.\n 9%를 예상했다.\n  절반은 2%대 성장 유지를 절반은 1%대로 떨어질 수 있다는 의견이다.\n   2020년 한국 경제성장률 전망 평균치 2.\n 13%어려운 시기를 보내고 있지만 일단 2020년 한국 경제는 나아질 것이란 쪽에 무게가 실린다.\n  국내외 주요 기관 11곳의 2020년 한국 경제성장률 평균치는 2.\n 13%다.\n  가장 긍정적인 전망을 내놓은 한국은행은 2.\n 3% 성장을 예상했다.\n  IMF와 JP모건은 각각 2.\n 2%, 무디스와 S&P, 골드만삭스, JP모건 등은 2.\n 1% 성장할 수 있다고 봤다.\n  대다수 기관들이 한국 경제 성장률이 반등할 수 있다고 예상하는 근거로는 우선 경기가 바닥을 쳤다는 판단이 자리 잡고 있다.\n  통계청에서 집계하고 있는 경기선행지수 순환변동치를 살펴보면 2019년 9월을 기점으로 상승세로 전환했다.\n  10월에는 전월 대비 0.\n 2포인트 오른 98.\n 7을 기록하면서 2개월 연속 올랐다.\n  경기선행지수 순환변동치가 두 달 연속 오른 것은 2017년 6월 이후 28개월 만이다.\n  경기선행지수 순환변동치는 3~6개월 후 경기흐름을 보여주는 지표다.\n  따라서 경기가 바닥을 지났다는 신호로 해석되고 있다.\n  경제협력개발기구(OECD)가 발표하는 한국 경기선행지수(CLI·Composite Leading Indicators)도 하락세가 잦아드는 모습을 나타내고 있다.\n  2019년 9월 한국 CLI는 98.\n 69를 기록하며 전월 대비 0.\n 09포인트 하락하는 데 그쳤다.\n ",
		"passage_Cnt": 1208
	},
	"Annotation": {
		"summary1": "한국 경제는 2019년 동안 어려움을 겪었는데 국가 경제의 상당 부분을 수출해 의존하고 있어 미국과 중국의 무역분쟁과 글로벌 교역량 감소 속에 타격을 입었다.",
		"summary2": "한국 경제는 2019년 한해 동안 어려움을 겪었다. 국가 경제의 상당 부분을 수출에 의존하고 있지만 미국과 중국의 무역분쟁과 글로벌 교역량 감소 속에 타격을 입었다.",
		"summary3": null,
		"summary_3_cnt": null
	}
}