{
	"Meta(Acqusition)": {
		"doc_id": "REPORT-news_r-00046",
		"doc_category": "REPORT",
		"doc_type": "news_r",
		"doc_name": "전시 열면 젊은 관람객 열광, '미술계 아이돌' 문성식이 누구니?",
		"author": "이은주",
		"publisher": "중앙일보",
		"publisher_year": "2020",
		"doc_origin": "중앙일보"
	},
	"Meta(Refine)": {
		"passage_id": "REPORT-news_r-00046-00001",
		"passage": "\"누가 삶이 뭐냐고 물으면 이 그림으로 답하면 될 것 같다.\n \"   \"한국적인데 서양 벽화 느낌도 나고, 고전적인데 에로틱하다.\n  전시 보며 설렜다.\n \"\"기법과 구도의 새로운 실험은 탄성을 자아내기에 충분했다.\n \"\"전시장 안의 작품들 전부 다 갖고 싶었다.\n \"   SNS에서 작가 이름을 치니 그의 전시를 본 관람객들의 이런 코멘트가 줄줄이 떴다.\n  이 작가는 자신의 전시장을 찾은 사람들을 단숨에 시인으로, 또 비평가로 만들어버렸다.\n  이쯤 되면 '현상'이라 불러도 좋을 것 같다.\n    '미술계의 아이돌'이라 불리는 문성식(40) 작가 얘기다.\n  2005년 베니스 비엔날레 한국관 전시에 최연소 작가로 이름을 올린 뒤 미술계에서 줄곧 스포트라이트를 받아왔다.\n   지금 서울 삼청동 국제갤러리에서 그의 개인전 '아름다움.\n  기묘함.\n  더러움.\n  (Beautiful.\n  Strange.\n  Dirty.\n )'이 열리고 있다.\n  2011년 이후 국제갤러리에서 선보이는 두 번째 개인전이자 두산 갤러리 개인전 이후 4년 만의 전시다.\n   이번에도 문성식의 힘은 남달랐다.\n  전시가 시작되자배우 고소영이 직접 전시장을 찾아 '인증샷'을 SNS에 올려 작가의 인기를 입증했다.\n  전시 한 달만에 110개 작품 중 90%는 모두 판매됐고, 이에 힘입어 지난해 12월 31일 막 내릴 예정이던 전시는 오는 19일까지 연장됐다.\n   \"자칫 사람들로부터 잊혀질만큼 긴 시간\", 그가 모습을 드러내지 않고 작업실에서 보낸 4년은 헛되지 않았다.\n  직접 고안해낸 스크래치 기법을 처음 선보인 '그냥 삶' 회화 연작부터 과슈, 유화물감, 젯소, 연필 등 다양한 재료를 활용한 드로잉 연작이 시선을 오래 붙잡는다.\n  유화 바탕을 연필로 긁어 그린 '그저 그런 풍경' 연작도 서서 들여다보고 있노라면 잔잔한 이야기가 피어나는 듯하다.\n   이번에 그가 풀어놓고 싶었던  이야기는 도대체 무엇일까.\n  사람들은 그의 작품에서 무엇을 보는 것일까.\n  연장 전시가 열리고 있는 서울 삼청동 국제갤러리에서 문성식 작가를 만났다.\n   '아이돌'이라는 고통과 부담 짊어져야 했다2005년 데뷔 이래 '미술계 아이돌'이라 불려왔다.\n   사람들이 그렇게 부르지만 제게 아이돌이란 자의식은 없다.\n  속은 굉장히 너덜너덜하다.\n  진짜 아이돌도 그럴 수 있겠다는 생각이 들더라.\n  한예종(한국예술종합학교) 대학원 시절에 일찍 데뷔했고, 그곳(베니스 비엔날레)의 임팩트가 너무 컸다.\n ",
		"passage_Cnt": 1226
	},
	"Annotation": {
		"summary1": "2005년 베니스 비엔날레 한국관 전시에 최연소 작가로 이름을 올린 미술계의 아이돌 문 작가의 개인전 아름다움. 기묘함. 더러움.이 서울 국제갤러리에서 열리고 있다.",
		"summary2": "'미술계의 아이돌'이라 불리는 문성식(40) 작가 얘기다. 2005년 베니스 비엔날레 한국관 전시에 최연소 작가로 이름을 올린 뒤 미술계에서 줄곧 스포트라이트를 받아왔다. 지금 서울 삼청동 국제갤러리에서 그의 개인전 '아름다움. 기묘함. 더러움. (Beautiful. Strange. Dirty. )'이 열리고 있다.",
		"summary3": null,
		"summary_3_cnt": null
	}
}