{
	"Meta(Acqusition)": {
		"doc_id": "REPORT-news_r-00077",
		"doc_category": "REPORT",
		"doc_type": "news_r",
		"doc_name": "[outlook] “북 사실상 모라토리엄 파기…북·미관계 롤러코스터 가능성”",
		"author": "김선영",
		"publisher": "중앙일보",
		"publisher_year": "2020",
		"doc_origin": "중앙일보"
	},
	"Meta(Refine)": {
		"passage_id": "REPORT-news_r-00077-00002",
		"passage": " 트럼프 행정부는 북한의 행동을 막는 노력을 강화하면서 막후에서 접촉을 시도할 것이다.\n  북한은 적대시 정책 철폐를 요구하면서 응하지 않을 것이다.\n  북한의 실제 행동이 이뤄질 가능성이 크다.\n  그러면 미국은 유엔 안보리 등을 통해 제재를 추가할 것이다.\n  이것은 다시금 북한으로 하여금 또 다른 도발을 고려하게 할 것이다.\n  상황은 단기적으로 악화할 것이다.\n  그러나 중기적으로 보면 두 가지 시나리오를 상정할 수 있다.\n  첫째, 상황이 악순환으로 치달아 군사적 충돌을 포함한 큰 위기가 도래하는 시나리오다.\n  둘째, 북·미가 협상을 재개하는 시나리오인데, 북한으로서 협상은 정상회담을 한다는 전제에서만 고려 가능할 것이다.\n  대선을 앞둔 트럼프도 정상회담을 고려할 수 있을 것이다.\n  이 시나리오는 다시 북·미 정상이 만나서 일정한 타결을 이루는 시나리오와 정상회담이 결렬되는 시나리오로 나뉜다.\n  협상이 진행되더라도 북한은 2017년식 도발을 통해 협상을 자신에게 유리한 방향으로 견인하려 할 것이다.\n  2020년 상황은 지난 2년과 달리 협상과 대결이 중첩되는 롤러코스터가 될 소지가 크다.\n  이 과정은 시점상 미국 대선과 맞물릴 터인데, 그러다가 협상은 어떤 악재만 불거지면 좌초할 수 있다.\n  우리에게는 군사적 위기나 북·미 정상회담 결렬 시나리오 모두 바람직하지 않다.\n  정상회담에서 무원칙한 타결이 이뤄져 우리의 핵심 이익이 손상되는 시나리오 또한 바람직하지 않다.\n  그런데 사태가 그리로 갈 개연성이 상대적으로 크다.\n  가장 바람직한 시나리오는 협상이 복원돼 북·미 정상회담이 이뤄지고, 거기서 좋은 내용의 타결이 이뤄지는 것일 터다.\n  그러나 그것은 개연성이 적고 어려운 길이다.\n   험난한 정세, 우리 대처가 중요한 시점 이 길을 찾아 들어가려면 우선 도발이라는 북한의 새로운 정책 방향을 감안해 우리의 기존 자세를 조정해야 한다.\n  그것을 기초로 미국과의 정책 조율을 전면 강화해야 한다.\n  그런 이후에야 북·미 정상회담을 고려할 수 있다.\n  그렇지 않으면 우리는 불확실성을 안은 채 우리의 운명을 북·미 협상에 내맡기는 결과가 될 수 있다.\n  김정은의 보고는 올 한 해가 험난할 것임을 보여준다.\n  우리의 대처가 중요한 시점이다.\n  관련해 떠오르는 경구가 있다.\n  ‘파국으로 가는 문은 크고 그 길이 넓어 많은 이가 간다.\n  살아나갈 문은 좁고 그 길은 협착해 가는 이가 적다.\n ",
		"passage_Cnt": 1205
	},
	"Annotation": {
		"summary1": "북·미가 협상을 재개하는 시나리오는 두 정상이 만나서 일정한 타결을 이루는 시나리오와 정상회담이 결렬되는 시나리오로 나뉜다.",
		"summary2": "둘째, 북·미가 협상을 재개하는 시나리오인데, 북한으로서 협상은 정상회담을 한다는 전제에서만 고려 가능할 것이다. 이 시나리오는 다시 북·미 정상이 만나서 일정한 타결을 이루는 시나리오와 정상회담이 결렬되는 시나리오로 나뉜다.",
		"summary3": null,
		"summary_3_cnt": null
	}
}