{
	"Meta(Acqusition)": {
		"doc_id": "REPORT-news_r-00029",
		"doc_category": "REPORT",
		"doc_type": "news_r",
		"doc_name": "이달 출시 제네시스 첫 SUV 살짝 공개···전문가들 \"예상대로\"",
		"author": "김영주",
		"publisher": "중앙일보",
		"publisher_year": "2020",
		"doc_origin": "중앙일보"
	},
	"Meta(Refine)": {
		"passage_id": "REPORT-news_r-00029-00001",
		"passage": "현대차그룹 고급 브랜드 제네시스의 첫 스포츠유틸리티차량(SUV), GV80이 드디어 모습을 드러냈다.\n  제네시스는 1일 GV80의 내·외관 디자인 사진 4장을 공개하고 이달 중 출시한다고 밝혔다.\n 함께 제네시스를 이끌 플래그십 모델이다.\n  한국 시장은 물론 미국·유럽 등 해외 시장을 공략할 전략 모델로 올해 제네시스의 명운이 걸린 차다.\n  당초 지난해 11월 출시 예정이었지만, 환경부로부터 받아야 할 디젤엔진 인증이 늦어지는 등의 이유로 해를 넘겼다.\n  GV80 디자인에 대한 제네시스 자체 평가는 \"역동적인 우아함(Athletic Elegance)\"이다.\n  제네시스는 \"기존 SUV에서 볼 수 없었던 날렵하고 스포티한 면과 동시에 강인한 느낌을 함께 조화시켜 새로운 디자인을 완성했다\"고 밝혔다.\n  자동차 전문가는 이날 공개한 사진 4장에 대해 \"예상한 대로\"라고 평가했다.\n  김필수 대림대 자동차학부 교수는 \"대형 SUV는 가벼워선 안 된다.\n  그런 면에서 중후함이 엿보이는 첫인상은 성공적\"이라고 말했다.\n  이어 \"헥사곤(육각형) 대형 그릴 등 제네시스 패밀리룩의 전통을 담았다.\n  두 줄의 주간 주행등과 옆·뒤 콤비까지 일체감이 돋보인다\"며 \"군더더기 없는 실내 디자인도 예상대로\"라고 했다.\n 이호근 대덕대 자동차학과 교수는 \"제네시스의 디자인 철학을 담고 있으면서 럭셔리한 디자인이 돋보인다.\n  실내 인테리어는 절제된 단순 미와 고급스러움이 묻어 있다\"며 \"깜짝 놀랄만한 디자인은 아니지만, 전제적으로 무난하다\"고 했다.\n  단 \"역동성은 좀 떨어진다\"고 덧붙였다.\n  출시 전 살짝 공개한 사진 4장으로 1억원에 육박하는(최고급 사양의 예상 가격) 차를 평가하긴 이르다는 시각도 있다.\n  구상 홍익대 산업디자인학과 교수는 \"그간에 나온 티저 영상 이미지와 크게 다르지 않다\"며 \"실물이 나오고 볼륨감, 존재감, 디테일을 봐야 알 것 같다.\n  흑백사진과 같은 티저 이미지 몇장으로 판단하기는 이르다\"고 말했다.\n 업계는 GV80의 예상 가격을 6000만~8000만원대로 보고 있다.\n  익명을 요구한 업계 관계자는 \"그간 매니어층에서 돌려보던 티저 이미지와 크게 다르지 않다.\n  깜짝 효과를 없을 것으로 보인다\"며 \"그간 GV80 출시가 자꾸 늦어져 소비자들 사이에서 '도대체 언제 나오는 거냐' 목소리가 있다 보니 현대차가 등 떠밀려 공개한 측면이 없지 않다\"고 말했다.\n 디자인에 대해선 \"무난하다\"는 평가가 주를 이뤘다.\n ",
		"passage_Cnt": 1215
	},
	"Annotation": {
		"summary1": "현대차그룹은 제네시스를 이끌 GV80의 내·외관 사진을 공개하며 이달 중 출시한다고 밝혔다.",
		"summary2": "현대차그룹 고급 브랜드 제네시스의 첫 스포츠유틸리티차량(SUV), GV80이 드디어 모습을 드러냈다. 제네시스는 1일 GV80의 내·외관 디자인 사진 4장을 공개하고 이달 중 출시한다고 밝혔다. 함께 제네시스를 이끌 플래그십 모델이다.",
		"summary3": null,
		"summary_3_cnt": null
	}
}