{
	"Meta(Acqusition)": {
		"doc_id": "REPORT-news_r-00255",
		"doc_category": "REPORT",
		"doc_type": "news_r",
		"doc_name": "이해찬 “황교안 소통 안해본 듯”…‘과거 보좌관’ 유시민 알릴레오 출연",
		"author": "정진우",
		"publisher": "중앙일보",
		"publisher_year": "2020",
		"doc_origin": "중앙일보"
	},
	"Meta(Refine)": {
		"passage_id": "REPORT-news_r-00255-00001",
		"passage": "유시민 노무현재단 이사장에게 이해찬 더불어민주당 대표는 ‘현실정치 원조 멘토’다.\n  둘이 맺은 정치 인연도 올해로 32년이나 됐다.\n  유 이사장이 1988년 제13대 국회 때 초선 의원이 된 이해찬 당시 평화민주당 의원 보좌관으로 2년 여 일했고, 2006년 노무현 정부 때는 국무총리(이해찬)와 보건복지부 장관(유시민)으로 내각에 함께 몸담은 시기도 있다.\n   유 이사장은 이 대표가 2007년 펴낸 『청양 이면장댁 셋째 아들』에 실은 글에서 “나는 그에게서 현실정치와 입법의 원리를 배웠다”며 “이해찬을 한마디로 설명하자면 ‘사무사(思無邪)의 정치인’”이라고 평했다.\n  개인적인 이익을 좇거나 간사한 언행을 하지 않는 정치인이란 뜻에서다.\n   그런 이 대표가 3일 유 이사장과 인터뷰를 나눴다.\n  노무현재단이 운영하는 유튜브 채널 ‘유시민의 알릴레오’에 출연해서다.\n  이 대표는 인터뷰에서 황교안 자유한국당 대표를 향해 “소통하는 생활을 잘 안 해보신 것 같다”고 비판했다.\n  이 대표는 황 대표와의 대화 시도에 대해 “몇 번 얘기하자고 해도 (황 대표가) 알았다고 해놓고 다음부터는 연락이 없다.\n  조금 있으면 장외집회하고, 삭발하고, 단식을 해서 (대화를) 할 수도 없었다”고 토로했다.\n   이 대표는 자유한국당의 원내 정치에 대해서도 날 선 비판을 이어갔다.\n  특히 민주당이 한국당을 제외한 군소 정당과 ‘4+1 협의체’를 꾸려 패스트트랙 법안을 통과시킨 것에 대해선 “(한국당과) 협상하려고 몇 번 시도를 했지만 전혀 대화가 안 됐다”고 말했다.\n  특히 한국당이 국회의장석을 점거하는 등 물리력을 행사해 선거법 개정안과 공수처법 표결·상정을 저지하려 한 것에 대해선 “국회 선진화법 때문에 (법안 통과를) 물리적으로 못 막는다.\n  (선진화법은) 그 사람들이 다수일 때 시행된 것인데, 대책 없는 사람들이다”고 말했다.\n  한국당이 비례대표용 위성정당인 ‘비례자유한국당’ 창당에 나선 데 대해선 “해서도 안되고 희망사항이며 현실적으로 실제 되기는 어렵다”고 주장했다.\n  한국당이 여전히 ‘(박근혜 전 대통령) 탄핵 국면’에서 벗어나지 못했다는 비판도 이어졌다.\n  이 대표는 보수 진영이 이번 4월 총선 때까지 탄핵 국면을 벗어날 가능성을 묻는 질문에 “쉽지 않을 것으로 본다”고 답했다.\n  그러면서 “인재 영입도 이상한 사람을 하고 좌파독재니 헌법수호니 용어도 굉장히 거칠다.\n  기준점을 잃었다는 얘기”라고 덧붙였다.\n ",
		"passage_Cnt": 1209
	},
	"Annotation": {
		"summary1": "노무현재단 이사장 유 씨에게 더불어민주당 대표 이 씨는 현실정치 원조 멘토로 이 씨를 개인적인 이익을 좇거나 간사한 언행을 하지 않는 정치인으로 사무사의 정치인이라 평했다.",
		"summary2": "유시민 노무현재단 이사장에게 이해찬 더불어민주당 대표는 ‘현실정치 원조 멘토’다. 유 이사장은 이 대표가 2007년 펴낸 『청양 이면장댁 셋째 아들』에 실은 글에서 “나는 그에게서 현실정치와 입법의 원리를 배웠다”며 “이해찬을 한마디로 설명하자면 ‘사무사(思無邪)의 정치인’”이라고 평했다. 개인적인 이익을 좇거나 간사한 언행을 하지 않는 정치인이란 뜻에서다.",
		"summary3": null,
		"summary_3_cnt": null
	}
}